Script started on 2026-08-13 01:21:16+08:00 [COMMAND="npm run dev -w @aperant/tui -- /tmp/aperant-fixture" TERM="xterm-256color" TTY="/dev/pts/2" COLUMNS="110" LINES="32"]

> @aperant/tui@0.1.0 dev
> tsx src/cli.tsx /tmp/aperant-fixture

[?25l
 opening /tmp/aperant-fixture…

[?25l[2K[1A[2K[1A[2K[1A[2K[G[38;2;35;35;46m┌───────────────────────────────────────────────────────────────────────────────[38;2;255;107;53m│[38;2;35;35;46m─[38;2;255;107;53mproject → aperant-fixture[38;2;35;35;46m─[38;2;255;107;53m│[38;2;35;35;46m┐[39m
[38;2;35;35;46m│[1m[38;2;255;107;53mAPERANT[39m[22m [38;2;74;74;88m│[39m [38;2;138;138;154maperant-fixture[39m [38;2;74;74;88m/tmp/aperant-fixture[39m [38;2;74;74;88m│[39m [38;2;56;189;248m⑂ develop[39m             [38;2;255;107;53m◉[38;2;138;138;154m 1 runn[38;2;255;107;53m└───────────────────────────┘[38;2;35;35;46m│[39m
[38;2;35;35;46m│[39m [1m[48;2;255;107;53m[38;2;5;5;7m 1 board [39m[49m[22m  [38;2;138;138;154m 2 term [39m  [38;2;138;138;154m 3 road [39m  [38;2;138;138;154m 4 chat [39m  [38;2;138;138;154m 5 tree [39m  [38;2;138;138;154m 6 set [39m  [38;2;138;138;154m 7 agents [39m                                     [38;2;35;35;46m│[39m
[38;2;35;35;46m│[39m [38;2;255;107;53m┌──────────────────────────────────────────────┐[39m [38;2;35;35;46m┌───────────────────────────────────────────────────────┐[39m [38;2;35;35;46m│[39m
[38;2;35;35;46m│[39m [38;2;255;107;53m│[39m [1m[38;2;255;107;53mTASKS[39m[22m                                        [38;2;255;107;53m│[39m [38;2;35;35;46m│[39m [38;2;138;138;154mDETAIL[39m                                                [38;2;35;35;46m│[39m [38;2;35;35;46m│[39m
[38;2;35;35;46m│[39m [38;2;255;107;53m│[39m [38;2;74;74;88m◆[38;2;138;138;154m BACKLOG [38;2;74;74;88m(1)[39m                                [38;2;255;107;53m│[39m [38;2;35;35;46m│[39m [38;2;138;138;154m001-migr[39m [38;2;255;107;53m[BUILD][39m                                      [38;2;35;35;46m│[39m [38;2;35;35;46m│[39m
[38;2;35;35;46m│[39m [38;2;255;107;53m│[39m [38;2;74;74;88m  [38;2;138;138;154m004-qa-l[39m [38;2;138;138;154m▽[39m [38;2;138;138;154mQA Loop Docs[38;2;74;74;88m  50%[39m               [38;2;255;107;53m│[39m [38;2;35;35;46m│[39m [38;2;232;232;240mMigrate Provider Registry[39m                             [38;2;35;35;46m│[39m [38;2;35;35;46m│[39m
[38;2;35;35;46m│[39m [38;2;255;107;53m│[39m [38;2;56;189;248m◆[38;2;138;138;154m QUEUE [38;2;74;74;88m(1)[39m                                  [38;2;255;107;53m│[39m [38;2;35;35;46m│[39m [38;2;138;138;154mprogress[39m [38;2;255;107;53m███████░░░░░░░[39m [38;2;232;232;240m50%[39m                           [38;2;35;35;46m│[39m [38;2;35;35;46m│[39m
[38;2;35;35;46m│[39m [38;2;255;107;53m│[39m [38;2;74;74;88m  [38;2;138;138;154m002-fix-[39m [38;2;255;176;0m◆[39m [38;2;138;138;154mFix Terminal Blank Screen[38;2;56;189;248m  50%[39m  [38;2;255;107;53m│[39m [38;2;35;35;46m│[39m [38;2;138;138;154msubtasks [38;2;232;232;240m3/5 complete[39m                                 [38;2;35;35;46m│[39m [38;2;35;35;46m│[39m
[38;2;35;35;46m│[39m [38;2;255;107;53m│[39m [38;2;255;107;53m◆[38;2;138;138;154m BUILDING [38;2;74;74;88m(1)[39m                               [38;2;255;107;53m│[39m [38;2;35;35;46m│[39m [38;2;138;138;154mphase [38;2;255;62;138mcoding[39m                                          [38;2;35;35;46m│[39m [38;2;35;35;46m│[39m
[38;2;35;35;46m│[39m [38;2;255;107;53m│[39m [48;2;16;16;24m[38;2;255;107;53m❯ [38;2;138;138;154m001-migr[39m [38;2;255;68;68m▲[39m [38;2;232;232;240mMigrate Provider Registry[38;2;255;107;53m  50%[39m[49m  [38;2;255;107;53m│[39m [38;2;35;35;46m│[39m [38;2;138;138;154mlocation [38;2;56;189;248mmain[38;2;138;138;154m  spec [38;2;74;74;88m001-migrate-provider-registry[39m     [38;2;35;35;46m│[39m [38;2;35;35;46m│[39m
[38;2;35;35;46m│[39m [38;2;255;107;53m│[39m [38;2;61;220;132m◆[38;2;138;138;154m DONE [38;2;74;74;88m(1)[39m                                   [38;2;255;107;53m│[39m [38;2;35;35;46m└───────────────────────────────────────────────────────┘[39m [38;2;35;35;46m│[39m
[38;2;35;35;46m│[39m [38;2;255;107;53m│[39m [38;2;74;74;88m  [38;2;138;138;154m003-arch[39m [38;2;138;138;154m▽[39m [38;2;138;138;154mArchive Button Fixes[38;2;61;220;132m  50%[39m       [38;2;255;107;53m│[39m                                                           [38;2;35;35;46m│[39m
[38;2;35;35;46m│[39m [38;2;255;107;53m│[39m                                              [38;2;255;107;53m│[39m [38;2;35;35;46m┌───────────────────────────────────────────────────────┐[39m [38;2;35;35;46m│[39m
[38;2;35;35;46m│[39m [38;2;255;107;53m│[39m                                              [38;2;255;107;53m│[39m [38;2;35;35;46m│[39m [38;2;138;138;154mAGENT STREAM[39m                                          [38;2;35;35;46m│[39m [38;2;35;35;46m│[39m
[38;2;35;35;46m│[39m [38;2;255;107;53m│[39m                                              [38;2;255;107;53m│[39m [38;2;35;35;46m│[39m [38;2;74;74;88mno recorded runs for this task[39m                        [38;2;35;35;46m│[39m [38;2;35;35;46m│[39m
[38;2;35;35;46m│[39m [38;2;255;107;53m└──────────────────────────────────────────────┘[39m [38;2;35;35;46m└───────────────────────────────────────────────────────┘[39m [38;2;35;35;46m│[39m
[38;2;35;35;46m│[1m[48;2;255;107;53m[38;2;5;5;7m BOARD [39m[49m[22m [38;2;138;138;154mj/k move · ⏎ focus · s start · x stop · H/L column · l logs · / filter[39m                 [38;2;255;107;53m:[38;2;74;74;88m cmd  [38;2;255;107;53m?[38;2;74;74;88m help[38;2;35;35;46m│[39m
[38;2;35;35;46m└────────────────────────────────────────────────────────────────────────────────────────────────────────────┘[39m
[2K[1A[2K[1A[2K[1A[2K[1A[2K[1A[2K[1A[2K[1A[2K[1A[2K[1A[2K[1A[2K[1A[2K[1A[2K[1A[2K[1A[2K[1A[2K[1A[2K[1A[2K[1A[2K[1A[2K[G[38;2;35;35;46m┌───────────────────────────────────────────────────────────────────────────────[38;2;255;107;53m│[38;2;35;35;46m─[38;2;255;107;53mproject → aperant-fixture[38;2;35;35;46m─[38;2;255;107;53m│[38;2;35;35;46m┐[39m
[38;2;35;35;46m│[1m[38;2;255;107;53mAPERANT[39m[22m [38;2;74;74;88m│[39m [38;2;138;138;154maperant-fixture[39m [38;2;74;74;88m/tmp/aperant-fixture[39m [38;2;74;74;88m│[39m [38;2;56;189;248m⑂ develop[39m             [38;2;255;107;53m◉[38;2;138;138;154m 1 runn[38;2;255;107;53m└───────────────────────────┘[38;2;35;35;46m│[39m
[38;2;35;35;46m│[39m [38;2;138;138;154m 1 board [39m  [38;2;138;138;154m 2 term [39m  [38;2;138;138;154m 3 road [39m  [38;2;138;138;154m 4 chat [39m  [38;2;138;138;154m 5 tree [39m  [1m[48;2;255;107;53m[38;2;5;5;7m 6 set [39m[49m[22m  [38;2;138;138;154m 7 agents [39m                                     [38;2;35;35;46m│[39m
[38;2;35;35;46m│[39m [38;2;255;107;53m┌─────────────────────────────────────┐[39m [38;2;35;35;46m┌────────────────────────────────────────────────────────────────┐[39m [38;2;35;35;46m│[39m
[38;2;35;35;46m│[39m [38;2;255;107;53m│[39m [1m[38;2;255;107;53mTHEME[39m[22m                               [38;2;255;107;53m│[39m [38;2;35;35;46m│[39m [38;2;138;138;154mCONFIG[39m                                                         [38;2;35;35;46m│[39m [38;2;35;35;46m│[39m
[38;2;35;35;46m│[39m [38;2;255;107;53m│[39m [48;2;16;16;24m[38;2;255;107;53m❯ [48;2;255;107;53m[38;2;5;5;7m  [39m[48;2;255;62;138m  [48;2;16;16;24m[38;2;232;232;240m cyberpunk[38;2;255;107;53m  ACTIVE[39m[49m            [38;2;255;107;53m│[39m [38;2;35;35;46m│[39m [38;2;138;138;154mtui config[39m        [38;2;74;74;88m/tmp/aperant-fixture-userdata/tui.json[39m       [38;2;35;35;46m│[39m [38;2;35;35;46m│[39m
[38;2;35;35;46m│[39m [38;2;255;107;53m│[39m [38;2;74;74;88m  [48;2;0;255;65m[38;2;3;5;3m  [39m[48;2;124;252;0m  [49m[38;2;138;138;154m matrix[39m                       [38;2;255;107;53m│[39m [38;2;35;35;46m│[39m [38;2;138;138;154mdesktop settings[39m  [38;2;74;74;88m/tmp/aperant-fixture-userdata/settings.json[39m  [38;2;35;35;46m│[39m [38;2;35;35;46m│[39m
[38;2;35;35;46m│[39m [38;2;255;107;53m│[39m [38;2;74;74;88m  [48;2;255;176;0m[38;2;6;4;2m  [39m[48;2;255;123;0m  [49m[38;2;138;138;154m amber[39m                        [38;2;255;107;53m│[39m [38;2;35;35;46m│[39m [38;2;138;138;154mprovider[39m          [38;2;74;74;88mnot configured[39m                               [38;2;35;35;46m│[39m [38;2;35;35;46m│[39m
[38;2;35;35;46m│[39m [38;2;255;107;53m│[39m [38;2;74;74;88m  [48;2;178;75;243m[38;2;5;3;8m  [39m[48;2;0;240;255m  [49m[38;2;138;138;154m synth[39m                        [38;2;255;107;53m│[39m [38;2;35;35;46m│[39m [38;2;138;138;154mmodel[39m             [38;2;232;232;240mnot configured[39m                               [38;2;35;35;46m│[39m [38;2;35;35;46m│[39m
[38;2;35;35;46m│[39m [38;2;255;107;53m│[39m [38;2;74;74;88m  [48;2;56;189;248m[38;2;2;5;9m  [39m[48;2;45;212;191m  [49m[38;2;138;138;154m ice[39m                          [38;2;255;107;53m│[39m [38;2;35;35;46m└────────────────────────────────────────────────────────────────┘[39m [38;2;35;35;46m│[39m
[38;2;35;35;46m│[39m [38;2;255;107;53m│[39m                                     [38;2;255;107;53m│[39m                                                                    [38;2;35;35;46m│[39m
[38;2;35;35;46m│[39m [38;2;255;107;53m│[39m [38;2;138;138;154mj/k select · applies live · persists[38;2;255;107;53m│[39m [38;2;35;35;46m┌────────────────────────────────────────────────────────────────┐[39m [38;2;35;35;46m│[39m
[38;2;35;35;46m│[39m [38;2;255;107;53m│[39m [38;2;138;138;154m to tui.json[39m                        [38;2;255;107;53m│[39m [38;2;35;35;46m│[39m [38;2;138;138;154mACCOUNTS[39m                                                       [38;2;35;35;46m│[39m [38;2;35;35;46m│[39m
[38;2;35;35;46m│[39m [38;2;255;107;53m│[39m                                     [38;2;255;107;53m│[39m [38;2;35;35;46m│[39m [38;2;74;74;88mno provider accounts — press a to add Moonshot (Kimi) from env[39m [38;2;35;35;46m│[39m [38;2;35;35;46m│[39m
[38;2;35;35;46m│[39m [38;2;255;107;53m│[39m                                     [38;2;255;107;53m│[39m [38;2;35;35;46m│[39m                                                                [38;2;35;35;46m│[39m [38;2;35;35;46m│[39m
[38;2;35;35;46m│[39m [38;2;255;107;53m│[39m                                     [38;2;255;107;53m│[39m [38;2;35;35;46m│[39m [38;2;138;138;154ma add/update Moonshot (Kimi) from env · writes settings.json ·[39m [38;2;35;35;46m│[39m [38;2;35;35;46m│[39m
[38;2;35;35;46m│[39m [38;2;255;107;53m│[39m                                     [38;2;255;107;53m│[39m [38;2;35;35;46m│[39m [38;2;138;138;154m queue-priority first[39m                                          [38;2;35;35;46m│[39m [38;2;35;35;46m│[39m
[38;2;35;35;46m│[39m [38;2;255;107;53m└─────────────────────────────────────┘[39m [38;2;35;35;46m└────────────────────────────────────────────────────────────────┘[39m [38;2;35;35;46m│[39m
[38;2;35;35;46m│[1m[48;2;255;107;53m[38;2;5;5;7m SET [39m[49m[22m [38;2;138;138;154mj/k select theme · ⏎ apply · a add Moonshot acct[39m                                         [38;2;255;107;53m:[38;2;74;74;88m cmd  [38;2;255;107;53m?[38;2;74;74;88m help[38;2;35;35;46m│[39m
[38;2;35;35;46m└────────────────────────────────────────────────────────────────────────────────────────────────────────────┘[39m
[2K[1A[2K[1A[2K[1A[2K[1A[2K[1A[2K[1A[2K[1A[2K[1A[2K[1A[2K[1A[2K[1A[2K[1A[2K[1A[2K[1A[2K[1A[2K[1A[2K[1A[2K[1A[2K[1A[2K[1A[2K[G[38;2;35;35;46m┌────────────────────────────────────────────────────────────────────────────────────────────────────────────┐[39m
[38;2;35;35;46m│[1m[38;2;255;107;53mAPERANT[39m[22m [38;2;74;74;88m│[39m [38;2;138;138;154maperant-fixture[39m [38;2;74;74;88m/tmp/aperant-fixture[39m [38;2;74;74;88m│[39m [38;2;56;189;248m⑂ develop[39m             [38;2;255;107;53m◉[38;2;138;138;154m 1 running[39m  [38;2;255;176;0m◆[38;2;138;138;154m 0 review[39m  [38;2;61;220;132m●[38;2;138;138;154m no profile[38;2;35;35;46m│[39m
[38;2;35;35;46m│[39m [38;2;138;138;154m 1 board [39m  [38;2;138;138;154m 2 term [39m  [38;2;138;138;154m 3 road [39m  [38;2;138;138;154m 4 chat [39m  [38;2;138;138;154m 5 tree [39m  [1m[48;2;255;107;53m[38;2;5;5;7m 6 set [39m[49m[22m  [38;2;138;138;154m 7 agents [39m                                     [38;2;35;35;46m│[39m
[38;2;35;35;46m│[39m [38;2;255;107;53m┌─────────────────────────────────────┐[39m [38;2;35;35;46m┌────────────────────────────────────────────────────────────────┐[39m [38;2;35;35;46m│[39m
[38;2;35;35;46m│[39m [38;2;255;107;53m│[39m [1m[38;2;255;107;53mTHEME[39m[22m                               [38;2;255;107;53m│[39m [38;2;35;35;46m│[39m [38;2;138;138;154mCONFIG[39m                                                         [38;2;35;35;46m│[39m [38;2;35;35;46m│[39m
[38;2;35;35;46m│[39m [38;2;255;107;53m│[39m [48;2;16;16;24m[38;2;255;107;53m❯ [48;2;255;107;53m[38;2;5;5;7m  [39m[48;2;255;62;138m  [48;2;16;16;24m[38;2;232;232;240m cyberpunk[38;2;255;107;53m  ACTIVE[39m[49m            [38;2;255;107;53m│[39m [38;2;35;35;46m│[39m [38;2;138;138;154mtui config[39m        [38;2;74;74;88m/tmp/aperant-fixture-userdata/tui.json[39m       [38;2;35;35;46m│[39m [38;2;35;35;46m│[39m
[38;2;35;35;46m│[39m [38;2;255;107;53m│[39m [38;2;74;74;88m  [48;2;0;255;65m[38;2;3;5;3m  [39m[48;2;124;252;0m  [49m[38;2;138;138;154m matrix[39m                       [38;2;255;107;53m│[39m [38;2;35;35;46m│[39m [38;2;138;138;154mdesktop settings[39m  [38;2;74;74;88m/tmp/aperant-fixture-userdata/settings.json[39m  [38;2;35;35;46m│[39m [38;2;35;35;46m│[39m
[38;2;35;35;46m│[39m [38;2;255;107;53m│[39m [38;2;74;74;88m  [48;2;255;176;0m[38;2;6;4;2m  [39m[48;2;255;123;0m  [49m[38;2;138;138;154m amber[39m                        [38;2;255;107;53m│[39m [38;2;35;35;46m│[39m [38;2;138;138;154mprovider[39m          [38;2;74;74;88mnot configured[39m                               [38;2;35;35;46m│[39m [38;2;35;35;46m│[39m
[38;2;35;35;46m│[39m [38;2;255;107;53m│[39m [38;2;74;74;88m  [48;2;178;75;243m[38;2;5;3;8m  [39m[48;2;0;240;255m  [49m[38;2;138;138;154m synth[39m                        [38;2;255;107;53m│[39m [38;2;35;35;46m│[39m [38;2;138;138;154mmodel[39m             [38;2;232;232;240mnot configured[39m                               [38;2;35;35;46m│[39m [38;2;35;35;46m│[39m
[38;2;35;35;46m│[39m [38;2;255;107;53m│[39m [38;2;74;74;88m  [48;2;56;189;248m[38;2;2;5;9m  [39m[48;2;45;212;191m  [49m[38;2;138;138;154m ice[39m                          [38;2;255;107;53m│[39m [38;2;35;35;46m└────────────────────────────────────────────────────────────────┘[39m [38;2;35;35;46m│[39m
[38;2;35;35;46m│[39m [38;2;255;107;53m│[39m                                     [38;2;255;107;53m│[39m                                                                    [38;2;35;35;46m│[39m
[38;2;35;35;46m│[39m [38;2;255;107;53m│[39m [38;2;138;138;154mj/k select · applies live · persists[38;2;255;107;53m│[39m [38;2;35;35;46m┌────────────────────────────────────────────────────────────────┐[39m [38;2;35;35;46m│[39m
[38;2;35;35;46m│[39m [38;2;255;107;53m│[39m [38;2;138;138;154m to tui.json[39m                        [38;2;255;107;53m│[39m [38;2;35;35;46m│[39m [38;2;138;138;154mACCOUNTS[39m                                                       [38;2;35;35;46m│[39m [38;2;35;35;46m│[39m
[38;2;35;35;46m│[39m [38;2;255;107;53m│[39m                                     [38;2;255;107;53m│[39m [38;2;35;35;46m│[39m [38;2;74;74;88mno provider accounts — press a to add Moonshot (Kimi) from env[39m [38;2;35;35;46m│[39m [38;2;35;35;46m│[39m
[38;2;35;35;46m│[39m [38;2;255;107;53m│[39m                                     [38;2;255;107;53m│[39m [38;2;35;35;46m│[39m                                                                [38;2;35;35;46m│[39m [38;2;35;35;46m│[39m
[38;2;35;35;46m│[39m [38;2;255;107;53m│[39m                                     [38;2;255;107;53m│[39m [38;2;35;35;46m│[39m [38;2;138;138;154ma add/update Moonshot (Kimi) from env · writes settings.json ·[39m [38;2;35;35;46m│[39m [38;2;35;35;46m│[39m
[38;2;35;35;46m│[39m [38;2;255;107;53m│[39m                                     [38;2;255;107;53m│[39m [38;2;35;35;46m│[39m [38;2;138;138;154m queue-priority first[39m                                          [38;2;35;35;46m│[39m [38;2;35;35;46m│[39m
[38;2;35;35;46m│[39m [38;2;255;107;53m└─────────────────────────────────────┘[39m [38;2;35;35;46m└────────────────────────────────────────────────────────────────┘[39m [38;2;35;35;46m│[39m
[38;2;35;35;46m│[1m[48;2;255;107;53m[38;2;5;5;7m SET [39m[49m[22m [38;2;138;138;154mj/k select theme · ⏎ apply · a add Moonshot acct[39m                                         [38;2;255;107;53m:[38;2;74;74;88m cmd  [38;2;255;107;53m?[38;2;74;74;88m help[38;2;35;35;46m│[39m
[38;2;35;35;46m└────────────────────────────────────────────────────────────────────────────────────────────────────────────┘[39m
[2K[1A[2K[1A[2K[1A[2K[1A[2K[1A[2K[1A[2K[1A[2K[1A[2K[1A[2K[1A[2K[1A[2K[1A[2K[1A[2K[1A[2K[1A[2K[1A[2K[1A[2K[1A[2K[1A[2K[1A[2K[G[38;2;35;35;46m┌────────────────────────────────────────────────────────────────────────────────────────────────────────────┐[39m
[38;2;35;35;46m│[1m[38;2;255;107;53mAPERANT[39m[22m [38;2;74;74;88m│[39m [38;2;138;138;154maperant-fixture[39m [38;2;74;74;88m/tmp/aperant-fixture[39m [38;2;74;74;88m│[39m [38;2;56;189;248m⑂ develop[39m             [38;2;255;107;53m◉[38;2;138;138;154m 1 running[39m  [38;2;255;176;0m◆[38;2;138;138;154m 0 review[39m  [38;2;61;220;132m●[38;2;138;138;154m no profile[38;2;35;35;46m│[39m
[38;2;35;35;46m│[39m [38;2;138;138;154m 1 board [39m  [38;2;138;138;154m 2 term [39m  [38;2;138;138;154m 3 road [39m  [38;2;138;138;154m 4 chat [39m  [38;2;138;138;154m 5 tree [39m  [1m[48;2;255;107;53m[38;2;5;5;7m 6 set [39m[49m[22m  [38;2;138;138;154m 7 agents [39m                                     [38;2;35;35;46m│[39m
[38;2;35;35;46m│[39m [38;2;255;107;53m┌─────────────────────────────────────┐[39m [38;2;35;35;46m┌────────────────────────────────────────────────────────────────┐[39m [38;2;35;35;46m│[39m
[38;2;35;35;46m│[39m [38;2;255;107;53m│[39m [1m[38;2;255;107;53mTHEME[39m[22m                               [38;2;255;107;53m│[39m [38;2;35;35;46m│[39m [38;2;138;138;154mCONFIG[39m                                                         [38;2;35;35;46m│[39m [38;2;35;35;46m│[39m
[38;2;35;35;46m│[39m [38;2;255;107;53m│[39m [48;2;16;16;24m[38;2;255;107;53m❯ [48;2;255;107;53m[38;2;5;5;7m  [39m[48;2;255;62;138m  [48;2;16;16;24m[38;2;232;232;240m cyberpunk[38;2;255;107;53m  ACTIVE[39m[49m            [38;2;255;107;53m│[39m [38;2;35;35;46m│[39m [38;2;138;138;154mtui config[39m        [38;2;74;74;88m/tmp/aperant-fixture-userdata/tui.json[39m       [38;2;35;35;46m│[39m [38;2;35;35;46m│[39m
[38;2;35;35;46m│[39m [38;2;255;107;53m│[39m [38;2;74;74;88m  [48;2;0;255;65m[38;2;3;5;3m  [39m[48;2;124;252;0m  [49m[38;2;138;138;154m matrix[39m                       [38;2;255;107;53m│[39m [38;2;35;35;46m│[39m [38;2;138;138;154mdesktop settings[39m  [38;2;74;74;88m/tmp/aperant-fixture-userdata/settings.json[39m  [38;2;35;35;46m│[39m [38;2;35;35;46m│[39m
[38;2;35;35;46m│[39m [38;2;255;107;53m│[39m [38;2;74;74;88m  [48;2;255;176;0m[38;2;6;4;2m  [39m[48;2;255;123;0m  [49m[38;2;138;138;154m amber[39m                        [38;2;255;107;53m│[39m [38;2;35;35;46m│[39m [38;2;138;138;154mprovider[39m          [38;2;74;74;88mnot configured[39m                               [38;2;35;35;46m│[39m [38;2;35;35;46m│[39m
[38;2;35;35;46m│[39m [38;2;255;107;53m│[39m [38;2;74;74;88m  [48;2;178;75;243m[38;2;5;3;8m  [39m[48;2;0;240;255m  [49m[38;2;138;138;154m synth[39m                        [38;2;255;107;53m│[39m [38;2;35;35;46m│[39m [38;2;138;138;154mmodel[39m             [38;2;232;232;240mnot configured[39m                               [38;2;35;35;46m│[39m [38;2;35;35;46m│[39m
[38;2;35;35;46m│[39m [38;2;255;107;53m│[39m [38;2;74;74;88m  [48;2;56;189;248m[38;2;2;5;9m  [39m[48;2;45;212;191m  [49m[38;2;138;138;154m ice[39m                          [38;2;255;107;53m│[39m [38;2;35;35;46m└────────────────────────────────────────────────────────────────┘[39m [38;2;35;35;46m│[39m
[38;2;35;35;46m│[39m [38;2;255;107;53m│[39m                                     [38;2;255;107;53m│[39m                                                                    [38;2;35;35;46m│[39m
[38;2;35;35;46m│[39m [38;2;255;107;53m│[39m [38;2;138;138;154mj/k select · applies live · persists[38;2;255;107;53m│[39m [38;2;35;35;46m┌────────────────────────────────────────────────────────────────┐[39m [38;2;35;35;46m│[39m
[38;2;35;35;46m│[39m [38;2;255;107;53m│[39m [38;2;138;138;154m to tui.json[39m                        [38;2;255;107;53m│[39m [38;2;35;35;46m│[39m [38;2;138;138;154mACCOUNTS[39m                                                       [38;2;35;35;46m│[39m [38;2;35;35;46m│[39m
[38;2;35;35;46m│[39m [38;2;255;107;53m│[39m                                     [38;2;255;107;53m│[39m [38;2;35;35;46m│[39m [38;2;255;62;138mmoonshot[39m [38;2;232;232;240mMoonshot AI (Kim…[39m [38;2;138;138;154mkey [39m       [38;2;74;74;88mhttp://home.hack.ski:20…[39m [38;2;35;35;46m│[39m [38;2;35;35;46m│[39m
[38;2;35;35;46m│[39m [38;2;255;107;53m│[39m                                     [38;2;255;107;53m│[39m [38;2;35;35;46m│[39m                            [38;2;138;138;154msk-b455…[39m                            [38;2;35;35;46m│[39m [38;2;35;35;46m│[39m
[38;2;35;35;46m│[39m [38;2;255;107;53m│[39m                                     [38;2;255;107;53m│[39m [38;2;35;35;46m│[39m [38;2;61;220;132mmoonshot account added: moonshot-msqcvzqy → http://home.hack.…[39m [38;2;35;35;46m│[39m [38;2;35;35;46m│[39m
[38;2;35;35;46m│[39m [38;2;255;107;53m│[39m                                     [38;2;255;107;53m│[39m [38;2;35;35;46m│[39m [38;2;138;138;154ma add/update Moonshot (Kimi) from env · writes settings.json ·[39m [38;2;35;35;46m│[39m [38;2;35;35;46m│[39m
[38;2;35;35;46m│[39m [38;2;255;107;53m│[39m                                     [38;2;255;107;53m│[39m [38;2;35;35;46m│[39m [38;2;138;138;154m queue-priority first[39m                                          [38;2;35;35;46m│[39m [38;2;35;35;46m│[39m
[38;2;35;35;46m│[39m [38;2;255;107;53m└─────────────────────────────────────┘[39m [38;2;35;35;46m└────────────────────────────────────────────────────────────────┘[39m [38;2;35;35;46m│[39m
[38;2;35;35;46m│[1m[48;2;255;107;53m[38;2;5;5;7m SET [39m[49m[22m [38;2;138;138;154mj/k select theme · ⏎ apply · a add Moonshot acct[39m                                         [38;2;255;107;53m:[38;2;74;74;88m cmd  [38;2;255;107;53m?[38;2;74;74;88m help[38;2;35;35;46m│[39m
[38;2;35;35;46m└────────────────────────────────────────────────────────────────────────────────────────────────────────────┘[39m
[2K[1A[2K[1A[2K[1A[2K[1A[2K[1A[2K[1A[2K[1A[2K[1A[2K[1A[2K[1A[2K[1A[2K[1A[2K[1A[2K[1A[2K[1A[2K[1A[2K[1A[2K[1A[2K[1A[2K[1A[2K[1A[2K[G[38;2;35;35;46m┌────────────────────────────────────────────────────────────────────────────────────────────────────────────┐[39m
[38;2;35;35;46m│[1m[38;2;255;107;53mAPERANT[39m[22m [38;2;74;74;88m│[39m [38;2;138;138;154maperant-fixture[39m [38;2;74;74;88m/tmp/aperant-fixture[39m [38;2;74;74;88m│[39m [38;2;56;189;248m⑂ develop[39m             [38;2;255;107;53m◉[38;2;138;138;154m 1 running[39m  [38;2;255;176;0m◆[38;2;138;138;154m 0 review[39m  [38;2;61;220;132m●[38;2;138;138;154m no profile[38;2;35;35;46m│[39m
[38;2;35;35;46m│[39m [1m[48;2;255;107;53m[38;2;5;5;7m 1 board [39m[49m[22m  [38;2;138;138;154m 2 term [39m  [38;2;138;138;154m 3 road [39m  [38;2;138;138;154m 4 chat [39m  [38;2;138;138;154m 5 tree [39m  [38;2;138;138;154m 6 set [39m  [38;2;138;138;154m 7 agents [39m                                     [38;2;35;35;46m│[39m
[38;2;35;35;46m│[39m [38;2;255;107;53m┌──────────────────────────────────────────────┐[39m [38;2;35;35;46m┌───────────────────────────────────────────────────────┐[39m [38;2;35;35;46m│[39m
[38;2;35;35;46m│[39m [38;2;255;107;53m│[39m [1m[38;2;255;107;53mTASKS[39m[22m                                        [38;2;255;107;53m│[39m [38;2;35;35;46m│[39m [38;2;138;138;154mDETAIL[39m                                                [38;2;35;35;46m│[39m [38;2;35;35;46m│[39m
[38;2;35;35;46m│[39m [38;2;255;107;53m│[39m [38;2;74;74;88m◆[38;2;138;138;154m BACKLOG [38;2;74;74;88m(1)[39m                                [38;2;255;107;53m│[39m [38;2;35;35;46m│[39m [38;2;138;138;154m001-migr[39m [38;2;255;107;53m[BUILD][39m                                      [38;2;35;35;46m│[39m [38;2;35;35;46m│[39m
[38;2;35;35;46m│[39m [38;2;255;107;53m│[39m [38;2;74;74;88m  [38;2;138;138;154m004-qa-l[39m [38;2;138;138;154m▽[39m [38;2;138;138;154mQA Loop Docs[38;2;74;74;88m  50%[39m               [38;2;255;107;53m│[39m [38;2;35;35;46m│[39m [38;2;232;232;240mMigrate Provider Registry[39m                             [38;2;35;35;46m│[39m [38;2;35;35;46m│[39m
[38;2;35;35;46m│[39m [38;2;255;107;53m│[39m [38;2;56;189;248m◆[38;2;138;138;154m QUEUE [38;2;74;74;88m(1)[39m                                  [38;2;255;107;53m│[39m [38;2;35;35;46m│[39m [38;2;138;138;154mprogress[39m [38;2;255;107;53m███████░░░░░░░[39m [38;2;232;232;240m50%[39m                           [38;2;35;35;46m│[39m [38;2;35;35;46m│[39m
[38;2;35;35;46m│[39m [38;2;255;107;53m│[39m [38;2;74;74;88m  [38;2;138;138;154m002-fix-[39m [38;2;255;176;0m◆[39m [38;2;138;138;154mFix Terminal Blank Screen[38;2;56;189;248m  50%[39m  [38;2;255;107;53m│[39m [38;2;35;35;46m│[39m [38;2;138;138;154msubtasks [38;2;232;232;240m3/5 complete[39m                                 [38;2;35;35;46m│[39m [38;2;35;35;46m│[39m
[38;2;35;35;46m│[39m [38;2;255;107;53m│[39m [38;2;255;107;53m◆[38;2;138;138;154m BUILDING [38;2;74;74;88m(1)[39m                               [38;2;255;107;53m│[39m [38;2;35;35;46m│[39m [38;2;138;138;154mphase [38;2;255;62;138mcoding[39m                                          [38;2;35;35;46m│[39m [38;2;35;35;46m│[39m
[38;2;35;35;46m│[39m [38;2;255;107;53m│[39m [48;2;16;16;24m[38;2;255;107;53m❯ [38;2;138;138;154m001-migr[39m [38;2;255;68;68m▲[39m [38;2;232;232;240mMigrate Provider Registry[38;2;255;107;53m  50%[39m[49m  [38;2;255;107;53m│[39m [38;2;35;35;46m│[39m [38;2;138;138;154mlocation [38;2;56;189;248mmain[38;2;138;138;154m  spec [38;2;74;74;88m001-migrate-provider-registry[39m     [38;2;35;35;46m│[39m [38;2;35;35;46m│[39m
[38;2;35;35;46m│[39m [38;2;255;107;53m│[39m [38;2;61;220;132m◆[38;2;138;138;154m DONE [38;2;74;74;88m(1)[39m                                   [38;2;255;107;53m│[39m [38;2;35;35;46m└───────────────────────────────────────────────────────┘[39m [38;2;35;35;46m│[39m
[38;2;35;35;46m│[39m [38;2;255;107;53m│[39m [38;2;74;74;88m  [38;2;138;138;154m003-arch[39m [38;2;138;138;154m▽[39m [38;2;138;138;154mArchive Button Fixes[38;2;61;220;132m  50%[39m       [38;2;255;107;53m│[39m                                                           [38;2;35;35;46m│[39m
[38;2;35;35;46m│[39m [38;2;255;107;53m│[39m                                              [38;2;255;107;53m│[39m [38;2;35;35;46m┌───────────────────────────────────────────────────────┐[39m [38;2;35;35;46m│[39m
[38;2;35;35;46m│[39m [38;2;255;107;53m│[39m                                              [38;2;255;107;53m│[39m [38;2;35;35;46m│[39m [38;2;138;138;154mAGENT STREAM[39m                                          [38;2;35;35;46m│[39m [38;2;35;35;46m│[39m
[38;2;35;35;46m│[39m [38;2;255;107;53m│[39m                                              [38;2;255;107;53m│[39m [38;2;35;35;46m│[39m [38;2;74;74;88mno recorded runs for this task[39m                        [38;2;35;35;46m│[39m [38;2;35;35;46m│[39m
[38;2;35;35;46m│[39m [38;2;255;107;53m└──────────────────────────────────────────────┘[39m [38;2;35;35;46m└───────────────────────────────────────────────────────┘[39m [38;2;35;35;46m│[39m
[38;2;35;35;46m│[1m[48;2;255;107;53m[38;2;5;5;7m BOARD [39m[49m[22m [38;2;138;138;154mj/k move · ⏎ focus · s start · x stop · H/L column · l logs · / filter[39m                 [38;2;255;107;53m:[38;2;74;74;88m cmd  [38;2;255;107;53m?[38;2;74;74;88m help[38;2;35;35;46m│[39m
[38;2;35;35;46m└────────────────────────────────────────────────────────────────────────────────────────────────────────────┘[39m
[2K[1A[2K[1A[2K[1A[2K[1A[2K[1A[2K[1A[2K[1A[2K[1A[2K[1A[2K[1A[2K[1A[2K[1A[2K[1A[2K[1A[2K[1A[2K[1A[2K[1A[2K[1A[2K[1A[2K[G[38;2;35;35;46m┌────────────────────────────────────────────────────────────────────────────────────────────────────────────┐[39m
[38;2;35;35;46m│[1m[38;2;255;107;53mAPERANT[39m[22m [38;2;74;74;88m│[39m [38;2;138;138;154maperant-fixture[39m [38;2;74;74;88m/tmp/aperant-fixture[39m [38;2;74;74;88m│[39m [38;2;56;189;248m⑂ develop[39m             [38;2;255;107;53m◉[38;2;138;138;154m 1 running[39m  [38;2;255;176;0m◆[38;2;138;138;154m 0 review[39m  [38;2;61;220;132m●[38;2;138;138;154m no profile[38;2;35;35;46m│[39m
[38;2;35;35;46m│[39m [1m[48;2;255;107;53m[38;2;5;5;7m 1 board [39m[49m[22m  [38;2;138;138;154m 2 term [39m  [38;2;138;138;154m 3 road [39m  [38;2;138;138;154m 4 chat [39m  [38;2;138;138;154m 5 tree [39m  [38;2;138;138;154m 6 set [39m  [38;2;138;138;154m 7 agents [39m                                     [38;2;35;35;46m│[39m
[38;2;35;35;46m│[39m [38;2;255;107;53m┌──────────────────────────────────────────────┐[39m [38;2;35;35;46m┌───────────────────────────────────────────────────────┐[39m [38;2;35;35;46m│[39m
[38;2;35;35;46m│[39m [38;2;255;107;53m│[39m [1m[38;2;255;107;53mTASKS[39m[22m                                        [38;2;255;107;53m│[39m [38;2;35;35;46m│[39m [38;2;138;138;154mDETAIL[39m                                                [38;2;35;35;46m│[39m [38;2;35;35;46m│[39m
[38;2;35;35;46m│[39m [38;2;255;107;53m│[39m [38;2;74;74;88m◆[38;2;138;138;154m BACKLOG [38;2;74;74;88m(1)[39m                                [38;2;255;107;53m│[39m [38;2;35;35;46m│[39m [38;2;138;138;154m002-fix-[39m [38;2;56;189;248m[QUEUED][39m                                     [38;2;35;35;46m│[39m [38;2;35;35;46m│[39m
[38;2;35;35;46m│[39m [38;2;255;107;53m│[39m [38;2;74;74;88m  [38;2;138;138;154m004-qa-l[39m [38;2;138;138;154m▽[39m [38;2;138;138;154mQA Loop Docs[38;2;74;74;88m  50%[39m               [38;2;255;107;53m│[39m [38;2;35;35;46m│[39m [38;2;232;232;240mFix Terminal Blank Screen[39m                             [38;2;35;35;46m│[39m [38;2;35;35;46m│[39m
[38;2;35;35;46m│[39m [38;2;255;107;53m│[39m [38;2;56;189;248m◆[38;2;138;138;154m QUEUE [38;2;74;74;88m(1)[39m                                  [38;2;255;107;53m│[39m [38;2;35;35;46m│[39m [38;2;138;138;154mprogress[39m [38;2;255;107;53m███████░░░░░░░[39m [38;2;232;232;240m50%[39m                           [38;2;35;35;46m│[39m [38;2;35;35;46m│[39m
[38;2;35;35;46m│[39m [38;2;255;107;53m│[39m [48;2;16;16;24m[38;2;255;107;53m❯ [38;2;138;138;154m002-fix-[39m [38;2;255;176;0m◆[39m [38;2;232;232;240mFix Terminal Blank Screen[38;2;56;189;248m  50%[39m[49m  [38;2;255;107;53m│[39m [38;2;35;35;46m│[39m [38;2;138;138;154msubtasks [38;2;232;232;240m0/2 complete[39m                                 [38;2;35;35;46m│[39m [38;2;35;35;46m│[39m
[38;2;35;35;46m│[39m [38;2;255;107;53m│[39m [38;2;255;107;53m◆[38;2;138;138;154m BUILDING [38;2;74;74;88m(1)[39m                               [38;2;255;107;53m│[39m [38;2;35;35;46m│[39m [38;2;138;138;154mphase [38;2;255;62;138midle[39m                                            [38;2;35;35;46m│[39m [38;2;35;35;46m│[39m
[38;2;35;35;46m│[39m [38;2;255;107;53m│[39m [38;2;74;74;88m  [38;2;138;138;154m001-migr[39m [38;2;255;68;68m▲[39m [38;2;138;138;154mMigrate Provider Registry[38;2;255;107;53m  50%[39m  [38;2;255;107;53m│[39m [38;2;35;35;46m│[39m [38;2;138;138;154mlocation [38;2;56;189;248mmain[38;2;138;138;154m  spec [38;2;74;74;88m002-fix-terminal-blank[39m            [38;2;35;35;46m│[39m [38;2;35;35;46m│[39m
[38;2;35;35;46m│[39m [38;2;255;107;53m│[39m [38;2;61;220;132m◆[38;2;138;138;154m DONE [38;2;74;74;88m(1)[39m                                   [38;2;255;107;53m│[39m [38;2;35;35;46m└───────────────────────────────────────────────────────┘[39m [38;2;35;35;46m│[39m
[38;2;35;35;46m│[39m [38;2;255;107;53m│[39m [38;2;74;74;88m  [38;2;138;138;154m003-arch[39m [38;2;138;138;154m▽[39m [38;2;138;138;154mArchive Button Fixes[38;2;61;220;132m  50%[39m       [38;2;255;107;53m│[39m                                                           [38;2;35;35;46m│[39m
[38;2;35;35;46m│[39m [38;2;255;107;53m│[39m                                              [38;2;255;107;53m│[39m [38;2;35;35;46m┌───────────────────────────────────────────────────────┐[39m [38;2;35;35;46m│[39m
[38;2;35;35;46m│[39m [38;2;255;107;53m│[39m                                              [38;2;255;107;53m│[39m [38;2;35;35;46m│[39m [38;2;138;138;154mAGENT STREAM[39m                                          [38;2;35;35;46m│[39m [38;2;35;35;46m│[39m
[38;2;35;35;46m│[39m [38;2;255;107;53m│[39m                                              [38;2;255;107;53m│[39m [38;2;35;35;46m│[39m [38;2;74;74;88mno recorded runs for this task[39m                        [38;2;35;35;46m│[39m [38;2;35;35;46m│[39m
[38;2;35;35;46m│[39m [38;2;255;107;53m└──────────────────────────────────────────────┘[39m [38;2;35;35;46m└───────────────────────────────────────────────────────┘[39m [38;2;35;35;46m│[39m
[38;2;35;35;46m│[1m[48;2;255;107;53m[38;2;5;5;7m BOARD [39m[49m[22m [38;2;138;138;154mj/k move · ⏎ focus · s start · x stop · H/L column · l logs · / filter[39m                 [38;2;255;107;53m:[38;2;74;74;88m cmd  [38;2;255;107;53m?[38;2;74;74;88m help[38;2;35;35;46m│[39m
[38;2;35;35;46m└────────────────────────────────────────────────────────────────────────────────────────────────────────────┘[39m
[2K[1A[2K[1A[2K[1A[2K[1A[2K[1A[2K[1A[2K[1A[2K[1A[2K[1A[2K[1A[2K[1A[2K[1A[2K[1A[2K[1A[2K[1A[2K[1A[2K[1A[2K[1A[2K[1A[2K[G[38;2;35;35;46m┌────────────────────────────────────────────────────────────────────────────────────────────────────────────┐[39m
[38;2;35;35;46m│[1m[38;2;255;107;53mAPERANT[39m[22m [38;2;74;74;88m│[39m [38;2;138;138;154maperant-fixture[39m [38;2;74;74;88m/tmp/aperant-fixture[39m [38;2;74;74;88m│[39m [38;2;56;189;248m⑂ develop[39m             [38;2;255;107;53m◉[38;2;138;138;154m 1 running[39m  [38;2;255;176;0m◆[38;2;138;138;154m 0 review[39m  [38;2;61;220;132m●[38;2;138;138;154m no profile[38;2;35;35;46m│[39m
[38;2;35;35;46m│[39m [1m[48;2;255;107;53m[38;2;5;5;7m 1 board [39m[49m[22m  [38;2;138;138;154m 2 term [39m  [38;2;138;138;154m 3 road [39m  [38;2;138;138;154m 4 chat [39m  [38;2;138;138;154m 5 tree [39m  [38;2;138;138;154m 6 set [39m  [38;2;138;138;154m 7 agents [39m                                     [38;2;35;35;46m│[39m
[38;2;35;35;46m│[39m [38;2;255;107;53m┌──────────────────────────────────────────────┐[39m [38;2;35;35;46m┌───────────────────────────────────────────────────────┐[39m [38;2;35;35;46m│[39m
[38;2;35;35;46m│[39m [38;2;255;107;53m│[39m [1m[38;2;255;107;53mTASKS[39m[22m                                        [38;2;255;107;53m│[39m [38;2;35;35;46m│[39m [38;2;138;138;154mDETAIL[39m                                                [38;2;35;35;46m│[39m [38;2;35;35;46m│[39m
[38;2;35;35;46m│[39m [38;2;255;107;53m│[39m [38;2;74;74;88m◆[38;2;138;138;154m BACKLOG [38;2;74;74;88m(1)[39m                                [38;2;255;107;53m│[39m [38;2;35;35;46m│[39m [38;2;138;138;154m002-fix-[39m [38;2;56;189;248m[QUEUED][39m                                     [38;2;35;35;46m│[39m [38;2;35;35;46m│[39m
[38;2;35;35;46m│[39m [38;2;255;107;53m│[39m [38;2;74;74;88m  [38;2;138;138;154m004-qa-l[39m [38;2;138;138;154m▽[39m [38;2;138;138;154mQA Loop Docs[38;2;74;74;88m  50%[39m               [38;2;255;107;53m│[39m [38;2;35;35;46m│[39m [38;2;232;232;240mFix Terminal Blank Screen[39m                             [38;2;35;35;46m│[39m [38;2;35;35;46m│[39m
[38;2;35;35;46m│[39m [38;2;255;107;53m│[39m [38;2;56;189;248m◆[38;2;138;138;154m QUEUE [38;2;74;74;88m(1)[39m                                  [38;2;255;107;53m│[39m [38;2;35;35;46m│[39m [38;2;138;138;154mprogress[39m [38;2;255;107;53m███████░░░░░░░[39m [38;2;232;232;240m50%[39m                           [38;2;35;35;46m│[39m [38;2;35;35;46m│[39m
[38;2;35;35;46m│[39m [38;2;255;107;53m│[39m [48;2;16;16;24m[38;2;255;107;53m❯ [38;2;138;138;154m002-fix-[39m [38;2;255;176;0m◆[39m [38;2;232;232;240mFix Terminal Blank Screen[38;2;56;189;248m  50%[39m[49m  [38;2;255;107;53m│[39m [38;2;35;35;46m│[39m [38;2;138;138;154msubtasks [38;2;232;232;240m0/2 complete[39m                                 [38;2;35;35;46m│[39m [38;2;35;35;46m│[39m
[38;2;35;35;46m│[39m [38;2;255;107;53m│[39m [38;2;255;107;53m◆[38;2;138;138;154m BUILDING [38;2;74;74;88m(1)[39m                               [38;2;255;107;53m│[39m [38;2;35;35;46m│[39m [38;2;138;138;154mphase [38;2;255;62;138midle[39m                                            [38;2;35;35;46m│[39m [38;2;35;35;46m│[39m
[38;2;35;35;46m│[39m [38;2;255;107;53m│[39m [38;2;74;74;88m  [38;2;138;138;154m001-migr[39m [38;2;255;68;68m▲[39m [38;2;138;138;154mMigrate Provider Registry[38;2;255;107;53m  50%[39m  [38;2;255;107;53m│[39m [38;2;35;35;46m│[39m [38;2;138;138;154mlocation [38;2;56;189;248mmain[38;2;138;138;154m  spec [38;2;74;74;88m002-fix-terminal-blank[39m            [38;2;35;35;46m│[39m [38;2;35;35;46m│[39m
[38;2;35;35;46m│[39m [38;2;255;107;53m│[39m [38;2;61;220;132m◆[38;2;138;138;154m DONE [38;2;74;74;88m(1)[39m                                   [38;2;255;107;53m│[39m [38;2;35;35;46m└───────────────────────────────────────────────────────┘[39m [38;2;35;35;46m│[39m
[38;2;35;35;46m│[39m [38;2;255;107;53m│[39m [38;2;74;74;88m  [38;2;138;138;154m003-arch[39m [38;2;138;138;154m▽[39m [38;2;138;138;154mArchive Button Fixes[38;2;61;220;132m  50%[39m       [38;2;255;107;53m│[39m                                                           [38;2;35;35;46m│[39m
[38;2;35;35;46m│[39m [38;2;255;107;53m│[39m                                              [38;2;255;107;53m│[39m [38;2;35;35;46m┌───────────────────────────────────────────────────────┐[39m [38;2;35;35;46m│[39m
[38;2;35;35;46m│[39m [38;2;255;107;53m│[39m                                              [38;2;255;107;53m│[39m [38;2;35;35;46m│[39m [38;2;138;138;154mAGENT STREAM[39m                                          [38;2;35;35;46m│[39m [38;2;35;35;46m│[39m
[38;2;35;35;46m│[39m [38;2;255;107;53m│[39m                                              [38;2;255;107;53m│[39m [38;2;35;35;46m│[39m [38;2;138;138;154m17:21:45 start 002-fix- → vendored AgentManager…[39m      [38;2;35;35;46m│[39m [38;2;35;35;46m│[39m
[38;2;35;35;46m│[39m [38;2;255;107;53m└──────────────────────────────────────────────┘[39m [38;2;35;35;46m└───────────────────────────────────────────────────────┘[39m [38;2;35;35;46m│[39m
[38;2;35;35;46m│[1m[48;2;255;107;53m[38;2;5;5;7m BOARD [39m[49m[22m [38;2;138;138;154mj/k move · ⏎ focus · s start · x stop · H/L column · l logs · / filter[39m                 [38;2;255;107;53m:[38;2;74;74;88m cmd  [38;2;255;107;53m?[38;2;74;74;88m help[38;2;35;35;46m│[39m
[38;2;35;35;46m└────────────────────────────────────────────────────────────────────────────────────────────────────────────┘[39m
[2K[1A[2K[1A[2K[1A[2K[1A[2K[1A[2K[1A[2K[1A[2K[1A[2K[1A[2K[1A[2K[1A[2K[1A[2K[1A[2K[1A[2K[1A[2K[1A[2K[1A[2K[1A[2K[1A[2K[G[ClaudeProfileManager] Starting initialization...
[38;2;35;35;46m┌────────────────────────────────────────────────────────────────────────────────────────────────────────────┐[39m
[38;2;35;35;46m│[1m[38;2;255;107;53mAPERANT[39m[22m [38;2;74;74;88m│[39m [38;2;138;138;154maperant-fixture[39m [38;2;74;74;88m/tmp/aperant-fixture[39m [38;2;74;74;88m│[39m [38;2;56;189;248m⑂ develop[39m             [38;2;255;107;53m◉[38;2;138;138;154m 1 running[39m  [38;2;255;176;0m◆[38;2;138;138;154m 0 review[39m  [38;2;61;220;132m●[38;2;138;138;154m no profile[38;2;35;35;46m│[39m
[38;2;35;35;46m│[39m [1m[48;2;255;107;53m[38;2;5;5;7m 1 board [39m[49m[22m  [38;2;138;138;154m 2 term [39m  [38;2;138;138;154m 3 road [39m  [38;2;138;138;154m 4 chat [39m  [38;2;138;138;154m 5 tree [39m  [38;2;138;138;154m 6 set [39m  [38;2;138;138;154m 7 agents [39m                                     [38;2;35;35;46m│[39m
[38;2;35;35;46m│[39m [38;2;255;107;53m┌──────────────────────────────────────────────┐[39m [38;2;35;35;46m┌───────────────────────────────────────────────────────┐[39m [38;2;35;35;46m│[39m
[38;2;35;35;46m│[39m [38;2;255;107;53m│[39m [1m[38;2;255;107;53mTASKS[39m[22m                                        [38;2;255;107;53m│[39m [38;2;35;35;46m│[39m [38;2;138;138;154mDETAIL[39m                                                [38;2;35;35;46m│[39m [38;2;35;35;46m│[39m
[38;2;35;35;46m│[39m [38;2;255;107;53m│[39m [38;2;74;74;88m◆[38;2;138;138;154m BACKLOG [38;2;74;74;88m(1)[39m                                [38;2;255;107;53m│[39m [38;2;35;35;46m│[39m [38;2;138;138;154m002-fix-[39m [38;2;56;189;248m[QUEUED][39m                                     [38;2;35;35;46m│[39m [38;2;35;35;46m│[39m
[38;2;35;35;46m│[39m [38;2;255;107;53m│[39m [38;2;74;74;88m  [38;2;138;138;154m004-qa-l[39m [38;2;138;138;154m▽[39m [38;2;138;138;154mQA Loop Docs[38;2;74;74;88m  50%[39m               [38;2;255;107;53m│[39m [38;2;35;35;46m│[39m [38;2;232;232;240mFix Terminal Blank Screen[39m                             [38;2;35;35;46m│[39m [38;2;35;35;46m│[39m
[38;2;35;35;46m│[39m [38;2;255;107;53m│[39m [38;2;56;189;248m◆[38;2;138;138;154m QUEUE [38;2;74;74;88m(1)[39m                                  [38;2;255;107;53m│[39m [38;2;35;35;46m│[39m [38;2;138;138;154mprogress[39m [38;2;255;107;53m███████░░░░░░░[39m [38;2;232;232;240m50%[39m                           [38;2;35;35;46m│[39m [38;2;35;35;46m│[39m
[38;2;35;35;46m│[39m [38;2;255;107;53m│[39m [48;2;16;16;24m[38;2;255;107;53m❯ [38;2;138;138;154m002-fix-[39m [38;2;255;176;0m◆[39m [38;2;232;232;240mFix Terminal Blank Screen[38;2;56;189;248m  50%[39m[49m  [38;2;255;107;53m│[39m [38;2;35;35;46m│[39m [38;2;138;138;154msubtasks [38;2;232;232;240m0/2 complete[39m                                 [38;2;35;35;46m│[39m [38;2;35;35;46m│[39m
[38;2;35;35;46m│[39m [38;2;255;107;53m│[39m [38;2;255;107;53m◆[38;2;138;138;154m BUILDING [38;2;74;74;88m(1)[39m                               [38;2;255;107;53m│[39m [38;2;35;35;46m│[39m [38;2;138;138;154mphase [38;2;255;62;138midle[39m                                            [38;2;35;35;46m│[39m [38;2;35;35;46m│[39m
[38;2;35;35;46m│[39m [38;2;255;107;53m│[39m [38;2;74;74;88m  [38;2;138;138;154m001-migr[39m [38;2;255;68;68m▲[39m [38;2;138;138;154mMigrate Provider Registry[38;2;255;107;53m  50%[39m  [38;2;255;107;53m│[39m [38;2;35;35;46m│[39m [38;2;138;138;154mlocation [38;2;56;189;248mmain[38;2;138;138;154m  spec [38;2;74;74;88m002-fix-terminal-blank[39m            [38;2;35;35;46m│[39m [38;2;35;35;46m│[39m
[38;2;35;35;46m│[39m [38;2;255;107;53m│[39m [38;2;61;220;132m◆[38;2;138;138;154m DONE [38;2;74;74;88m(1)[39m                                   [38;2;255;107;53m│[39m [38;2;35;35;46m└───────────────────────────────────────────────────────┘[39m [38;2;35;35;46m│[39m
[38;2;35;35;46m│[39m [38;2;255;107;53m│[39m [38;2;74;74;88m  [38;2;138;138;154m003-arch[39m [38;2;138;138;154m▽[39m [38;2;138;138;154mArchive Button Fixes[38;2;61;220;132m  50%[39m       [38;2;255;107;53m│[39m                                                           [38;2;35;35;46m│[39m
[38;2;35;35;46m│[39m [38;2;255;107;53m│[39m                                              [38;2;255;107;53m│[39m [38;2;35;35;46m┌───────────────────────────────────────────────────────┐[39m [38;2;35;35;46m│[39m
[38;2;35;35;46m│[39m [38;2;255;107;53m│[39m                                              [38;2;255;107;53m│[39m [38;2;35;35;46m│[39m [38;2;138;138;154mAGENT STREAM[39m                                          [38;2;35;35;46m│[39m [38;2;35;35;46m│[39m
[38;2;35;35;46m│[39m [38;2;255;107;53m│[39m                                              [38;2;255;107;53m│[39m [38;2;35;35;46m│[39m [38;2;138;138;154m17:21:45 start 002-fix- → vendored AgentManager…[39m      [38;2;35;35;46m│[39m [38;2;35;35;46m│[39m
[38;2;35;35;46m│[39m [38;2;255;107;53m└──────────────────────────────────────────────┘[39m [38;2;35;35;46m└───────────────────────────────────────────────────────┘[39m [38;2;35;35;46m│[39m
[38;2;35;35;46m│[1m[48;2;255;107;53m[38;2;5;5;7m BOARD [39m[49m[22m [38;2;138;138;154mj/k move · ⏎ focus · s start · x stop · H/L column · l logs · / filter[39m                 [38;2;255;107;53m:[38;2;74;74;88m cmd  [38;2;255;107;53m?[38;2;74;74;88m help[38;2;35;35;46m│[39m
[38;2;35;35;46m└────────────────────────────────────────────────────────────────────────────────────────────────────────────┘[39m
[2K[1A[2K[1A[2K[1A[2K[1A[2K[1A[2K[1A[2K[1A[2K[1A[2K[1A[2K[1A[2K[1A[2K[1A[2K[1A[2K[1A[2K[1A[2K[1A[2K[1A[2K[1A[2K[1A[2K[G[ClaudeProfileManager] Initialization complete
[38;2;35;35;46m┌────────────────────────────────────────────────────────────────────────────────────────────────────────────┐[39m
[38;2;35;35;46m│[1m[38;2;255;107;53mAPERANT[39m[22m [38;2;74;74;88m│[39m [38;2;138;138;154maperant-fixture[39m [38;2;74;74;88m/tmp/aperant-fixture[39m [38;2;74;74;88m│[39m [38;2;56;189;248m⑂ develop[39m             [38;2;255;107;53m◉[38;2;138;138;154m 1 running[39m  [38;2;255;176;0m◆[38;2;138;138;154m 0 review[39m  [38;2;61;220;132m●[38;2;138;138;154m no profile[38;2;35;35;46m│[39m
[38;2;35;35;46m│[39m [1m[48;2;255;107;53m[38;2;5;5;7m 1 board [39m[49m[22m  [38;2;138;138;154m 2 term [39m  [38;2;138;138;154m 3 road [39m  [38;2;138;138;154m 4 chat [39m  [38;2;138;138;154m 5 tree [39m  [38;2;138;138;154m 6 set [39m  [38;2;138;138;154m 7 agents [39m                                     [38;2;35;35;46m│[39m
[38;2;35;35;46m│[39m [38;2;255;107;53m┌──────────────────────────────────────────────┐[39m [38;2;35;35;46m┌───────────────────────────────────────────────────────┐[39m [38;2;35;35;46m│[39m
[38;2;35;35;46m│[39m [38;2;255;107;53m│[39m [1m[38;2;255;107;53mTASKS[39m[22m                                        [38;2;255;107;53m│[39m [38;2;35;35;46m│[39m [38;2;138;138;154mDETAIL[39m                                                [38;2;35;35;46m│[39m [38;2;35;35;46m│[39m
[38;2;35;35;46m│[39m [38;2;255;107;53m│[39m [38;2;74;74;88m◆[38;2;138;138;154m BACKLOG [38;2;74;74;88m(1)[39m                                [38;2;255;107;53m│[39m [38;2;35;35;46m│[39m [38;2;138;138;154m002-fix-[39m [38;2;56;189;248m[QUEUED][39m                                     [38;2;35;35;46m│[39m [38;2;35;35;46m│[39m
[38;2;35;35;46m│[39m [38;2;255;107;53m│[39m [38;2;74;74;88m  [38;2;138;138;154m004-qa-l[39m [38;2;138;138;154m▽[39m [38;2;138;138;154mQA Loop Docs[38;2;74;74;88m  50%[39m               [38;2;255;107;53m│[39m [38;2;35;35;46m│[39m [38;2;232;232;240mFix Terminal Blank Screen[39m                             [38;2;35;35;46m│[39m [38;2;35;35;46m│[39m
[38;2;35;35;46m│[39m [38;2;255;107;53m│[39m [38;2;56;189;248m◆[38;2;138;138;154m QUEUE [38;2;74;74;88m(1)[39m                                  [38;2;255;107;53m│[39m [38;2;35;35;46m│[39m [38;2;138;138;154mprogress[39m [38;2;255;107;53m███████░░░░░░░[39m [38;2;232;232;240m50%[39m                           [38;2;35;35;46m│[39m [38;2;35;35;46m│[39m
[38;2;35;35;46m│[39m [38;2;255;107;53m│[39m [48;2;16;16;24m[38;2;255;107;53m❯ [38;2;138;138;154m002-fix-[39m [38;2;255;176;0m◆[39m [38;2;232;232;240mFix Terminal Blank Screen[38;2;56;189;248m  50%[39m[49m  [38;2;255;107;53m│[39m [38;2;35;35;46m│[39m [38;2;138;138;154msubtasks [38;2;232;232;240m0/2 complete[39m                                 [38;2;35;35;46m│[39m [38;2;35;35;46m│[39m
[38;2;35;35;46m│[39m [38;2;255;107;53m│[39m [38;2;255;107;53m◆[38;2;138;138;154m BUILDING [38;2;74;74;88m(1)[39m                               [38;2;255;107;53m│[39m [38;2;35;35;46m│[39m [38;2;138;138;154mphase [38;2;255;62;138midle[39m                                            [38;2;35;35;46m│[39m [38;2;35;35;46m│[39m
[38;2;35;35;46m│[39m [38;2;255;107;53m│[39m [38;2;74;74;88m  [38;2;138;138;154m001-migr[39m [38;2;255;68;68m▲[39m [38;2;138;138;154mMigrate Provider Registry[38;2;255;107;53m  50%[39m  [38;2;255;107;53m│[39m [38;2;35;35;46m│[39m [38;2;138;138;154mlocation [38;2;56;189;248mmain[38;2;138;138;154m  spec [38;2;74;74;88m002-fix-terminal-blank[39m            [38;2;35;35;46m│[39m [38;2;35;35;46m│[39m
[38;2;35;35;46m│[39m [38;2;255;107;53m│[39m [38;2;61;220;132m◆[38;2;138;138;154m DONE [38;2;74;74;88m(1)[39m                                   [38;2;255;107;53m│[39m [38;2;35;35;46m└───────────────────────────────────────────────────────┘[39m [38;2;35;35;46m│[39m
[38;2;35;35;46m│[39m [38;2;255;107;53m│[39m [38;2;74;74;88m  [38;2;138;138;154m003-arch[39m [38;2;138;138;154m▽[39m [38;2;138;138;154mArchive Button Fixes[38;2;61;220;132m  50%[39m       [38;2;255;107;53m│[39m                                                           [38;2;35;35;46m│[39m
[38;2;35;35;46m│[39m [38;2;255;107;53m│[39m                                              [38;2;255;107;53m│[39m [38;2;35;35;46m┌───────────────────────────────────────────────────────┐[39m [38;2;35;35;46m│[39m
[38;2;35;35;46m│[39m [38;2;255;107;53m│[39m                                              [38;2;255;107;53m│[39m [38;2;35;35;46m│[39m [38;2;138;138;154mAGENT STREAM[39m                                          [38;2;35;35;46m│[39m [38;2;35;35;46m│[39m
[38;2;35;35;46m│[39m [38;2;255;107;53m│[39m                                              [38;2;255;107;53m│[39m [38;2;35;35;46m│[39m [38;2;138;138;154m17:21:45 start 002-fix- → vendored AgentManager…[39m      [38;2;35;35;46m│[39m [38;2;35;35;46m│[39m
[38;2;35;35;46m│[39m [38;2;255;107;53m└──────────────────────────────────────────────┘[39m [38;2;35;35;46m└───────────────────────────────────────────────────────┘[39m [38;2;35;35;46m│[39m
[38;2;35;35;46m│[1m[48;2;255;107;53m[38;2;5;5;7m BOARD [39m[49m[22m [38;2;138;138;154mj/k move · ⏎ focus · s start · x stop · H/L column · l logs · / filter[39m                 [38;2;255;107;53m:[38;2;74;74;88m cmd  [38;2;255;107;53m?[38;2;74;74;88m help[38;2;35;35;46m│[39m
[38;2;35;35;46m└────────────────────────────────────────────────────────────────────────────────────────────────────────────┘[39m
[2K[1A[2K[1A[2K[1A[2K[1A[2K[1A[2K[1A[2K[1A[2K[1A[2K[1A[2K[1A[2K[1A[2K[1A[2K[1A[2K[1A[2K[1A[2K[1A[2K[1A[2K[1A[2K[1A[2K[G[AgentManager] Resolved auth from provider queue: account=moonshot-msqcvzqy provider=moonshot model=kimi/kimi-for-coding
[38;2;35;35;46m┌────────────────────────────────────────────────────────────────────────────────────────────────────────────┐[39m
[38;2;35;35;46m│[1m[38;2;255;107;53mAPERANT[39m[22m [38;2;74;74;88m│[39m [38;2;138;138;154maperant-fixture[39m [38;2;74;74;88m/tmp/aperant-fixture[39m [38;2;74;74;88m│[39m [38;2;56;189;248m⑂ develop[39m             [38;2;255;107;53m◉[38;2;138;138;154m 1 running[39m  [38;2;255;176;0m◆[38;2;138;138;154m 0 review[39m  [38;2;61;220;132m●[38;2;138;138;154m no profile[38;2;35;35;46m│[39m
[38;2;35;35;46m│[39m [1m[48;2;255;107;53m[38;2;5;5;7m 1 board [39m[49m[22m  [38;2;138;138;154m 2 term [39m  [38;2;138;138;154m 3 road [39m  [38;2;138;138;154m 4 chat [39m  [38;2;138;138;154m 5 tree [39m  [38;2;138;138;154m 6 set [39m  [38;2;138;138;154m 7 agents [39m                                     [38;2;35;35;46m│[39m
[38;2;35;35;46m│[39m [38;2;255;107;53m┌──────────────────────────────────────────────┐[39m [38;2;35;35;46m┌───────────────────────────────────────────────────────┐[39m [38;2;35;35;46m│[39m
[38;2;35;35;46m│[39m [38;2;255;107;53m│[39m [1m[38;2;255;107;53mTASKS[39m[22m                                        [38;2;255;107;53m│[39m [38;2;35;35;46m│[39m [38;2;138;138;154mDETAIL[39m                                                [38;2;35;35;46m│[39m [38;2;35;35;46m│[39m
[38;2;35;35;46m│[39m [38;2;255;107;53m│[39m [38;2;74;74;88m◆[38;2;138;138;154m BACKLOG [38;2;74;74;88m(1)[39m                                [38;2;255;107;53m│[39m [38;2;35;35;46m│[39m [38;2;138;138;154m002-fix-[39m [38;2;56;189;248m[QUEUED][39m                                     [38;2;35;35;46m│[39m [38;2;35;35;46m│[39m
[38;2;35;35;46m│[39m [38;2;255;107;53m│[39m [38;2;74;74;88m  [38;2;138;138;154m004-qa-l[39m [38;2;138;138;154m▽[39m [38;2;138;138;154mQA Loop Docs[38;2;74;74;88m  50%[39m               [38;2;255;107;53m│[39m [38;2;35;35;46m│[39m [38;2;232;232;240mFix Terminal Blank Screen[39m                             [38;2;35;35;46m│[39m [38;2;35;35;46m│[39m
[38;2;35;35;46m│[39m [38;2;255;107;53m│[39m [38;2;56;189;248m◆[38;2;138;138;154m QUEUE [38;2;74;74;88m(1)[39m                                  [38;2;255;107;53m│[39m [38;2;35;35;46m│[39m [38;2;138;138;154mprogress[39m [38;2;255;107;53m███████░░░░░░░[39m [38;2;232;232;240m50%[39m                           [38;2;35;35;46m│[39m [38;2;35;35;46m│[39m
[38;2;35;35;46m│[39m [38;2;255;107;53m│[39m [48;2;16;16;24m[38;2;255;107;53m❯ [38;2;138;138;154m002-fix-[39m [38;2;255;176;0m◆[39m [38;2;232;232;240mFix Terminal Blank Screen[38;2;56;189;248m  50%[39m[49m  [38;2;255;107;53m│[39m [38;2;35;35;46m│[39m [38;2;138;138;154msubtasks [38;2;232;232;240m0/2 complete[39m                                 [38;2;35;35;46m│[39m [38;2;35;35;46m│[39m
[38;2;35;35;46m│[39m [38;2;255;107;53m│[39m [38;2;255;107;53m◆[38;2;138;138;154m BUILDING [38;2;74;74;88m(1)[39m                               [38;2;255;107;53m│[39m [38;2;35;35;46m│[39m [38;2;138;138;154mphase [38;2;255;62;138midle[39m                                            [38;2;35;35;46m│[39m [38;2;35;35;46m│[39m
[38;2;35;35;46m│[39m [38;2;255;107;53m│[39m [38;2;74;74;88m  [38;2;138;138;154m001-migr[39m [38;2;255;68;68m▲[39m [38;2;138;138;154mMigrate Provider Registry[38;2;255;107;53m  50%[39m  [38;2;255;107;53m│[39m [38;2;35;35;46m│[39m [38;2;138;138;154mlocation [38;2;56;189;248mmain[38;2;138;138;154m  spec [38;2;74;74;88m002-fix-terminal-blank[39m            [38;2;35;35;46m│[39m [38;2;35;35;46m│[39m
[38;2;35;35;46m│[39m [38;2;255;107;53m│[39m [38;2;61;220;132m◆[38;2;138;138;154m DONE [38;2;74;74;88m(1)[39m                                   [38;2;255;107;53m│[39m [38;2;35;35;46m└───────────────────────────────────────────────────────┘[39m [38;2;35;35;46m│[39m
[38;2;35;35;46m│[39m [38;2;255;107;53m│[39m [38;2;74;74;88m  [38;2;138;138;154m003-arch[39m [38;2;138;138;154m▽[39m [38;2;138;138;154mArchive Button Fixes[38;2;61;220;132m  50%[39m       [38;2;255;107;53m│[39m                                                           [38;2;35;35;46m│[39m
[38;2;35;35;46m│[39m [38;2;255;107;53m│[39m                                              [38;2;255;107;53m│[39m [38;2;35;35;46m┌───────────────────────────────────────────────────────┐[39m [38;2;35;35;46m│[39m
[38;2;35;35;46m│[39m [38;2;255;107;53m│[39m                                              [38;2;255;107;53m│[39m [38;2;35;35;46m│[39m [38;2;138;138;154mAGENT STREAM[39m                                          [38;2;35;35;46m│[39m [38;2;35;35;46m│[39m
[38;2;35;35;46m│[39m [38;2;255;107;53m│[39m                                              [38;2;255;107;53m│[39m [38;2;35;35;46m│[39m [38;2;138;138;154m17:21:45 start 002-fix- → vendored AgentManager…[39m      [38;2;35;35;46m│[39m [38;2;35;35;46m│[39m
[38;2;35;35;46m│[39m [38;2;255;107;53m└──────────────────────────────────────────────┘[39m [38;2;35;35;46m└───────────────────────────────────────────────────────┘[39m [38;2;35;35;46m│[39m
[38;2;35;35;46m│[1m[48;2;255;107;53m[38;2;5;5;7m BOARD [39m[49m[22m [38;2;138;138;154mj/k move · ⏎ focus · s start · x stop · H/L column · l logs · / filter[39m                 [38;2;255;107;53m:[38;2;74;74;88m cmd  [38;2;255;107;53m?[38;2;74;74;88m help[38;2;35;35;46m│[39m
[38;2;35;35;46m└────────────────────────────────────────────────────────────────────────────────────────────────────────────┘[39m
[2K[1A[2K[1A[2K[1A[2K[1A[2K[1A[2K[1A[2K[1A[2K[1A[2K[1A[2K[1A[2K[1A[2K[1A[2K[1A[2K[1A[2K[1A[2K[1A[2K[1A[2K[1A[2K[1A[2K[G[WorktreeManager] Pruning stale worktree references...
[38;2;35;35;46m┌────────────────────────────────────────────────────────────────────────────────────────────────────────────┐[39m
[38;2;35;35;46m│[1m[38;2;255;107;53mAPERANT[39m[22m [38;2;74;74;88m│[39m [38;2;138;138;154maperant-fixture[39m [38;2;74;74;88m/tmp/aperant-fixture[39m [38;2;74;74;88m│[39m [38;2;56;189;248m⑂ develop[39m             [38;2;255;107;53m◉[38;2;138;138;154m 1 running[39m  [38;2;255;176;0m◆[38;2;138;138;154m 0 review[39m  [38;2;61;220;132m●[38;2;138;138;154m no profile[38;2;35;35;46m│[39m
[38;2;35;35;46m│[39m [1m[48;2;255;107;53m[38;2;5;5;7m 1 board [39m[49m[22m  [38;2;138;138;154m 2 term [39m  [38;2;138;138;154m 3 road [39m  [38;2;138;138;154m 4 chat [39m  [38;2;138;138;154m 5 tree [39m  [38;2;138;138;154m 6 set [39m  [38;2;138;138;154m 7 agents [39m                                     [38;2;35;35;46m│[39m
[38;2;35;35;46m│[39m [38;2;255;107;53m┌──────────────────────────────────────────────┐[39m [38;2;35;35;46m┌───────────────────────────────────────────────────────┐[39m [38;2;35;35;46m│[39m
[38;2;35;35;46m│[39m [38;2;255;107;53m│[39m [1m[38;2;255;107;53mTASKS[39m[22m                                        [38;2;255;107;53m│[39m [38;2;35;35;46m│[39m [38;2;138;138;154mDETAIL[39m                                                [38;2;35;35;46m│[39m [38;2;35;35;46m│[39m
[38;2;35;35;46m│[39m [38;2;255;107;53m│[39m [38;2;74;74;88m◆[38;2;138;138;154m BACKLOG [38;2;74;74;88m(1)[39m                                [38;2;255;107;53m│[39m [38;2;35;35;46m│[39m [38;2;138;138;154m002-fix-[39m [38;2;56;189;248m[QUEUED][39m                                     [38;2;35;35;46m│[39m [38;2;35;35;46m│[39m
[38;2;35;35;46m│[39m [38;2;255;107;53m│[39m [38;2;74;74;88m  [38;2;138;138;154m004-qa-l[39m [38;2;138;138;154m▽[39m [38;2;138;138;154mQA Loop Docs[38;2;74;74;88m  50%[39m               [38;2;255;107;53m│[39m [38;2;35;35;46m│[39m [38;2;232;232;240mFix Terminal Blank Screen[39m                             [38;2;35;35;46m│[39m [38;2;35;35;46m│[39m
[38;2;35;35;46m│[39m [38;2;255;107;53m│[39m [38;2;56;189;248m◆[38;2;138;138;154m QUEUE [38;2;74;74;88m(1)[39m                                  [38;2;255;107;53m│[39m [38;2;35;35;46m│[39m [38;2;138;138;154mprogress[39m [38;2;255;107;53m███████░░░░░░░[39m [38;2;232;232;240m50%[39m                           [38;2;35;35;46m│[39m [38;2;35;35;46m│[39m
[38;2;35;35;46m│[39m [38;2;255;107;53m│[39m [48;2;16;16;24m[38;2;255;107;53m❯ [38;2;138;138;154m002-fix-[39m [38;2;255;176;0m◆[39m [38;2;232;232;240mFix Terminal Blank Screen[38;2;56;189;248m  50%[39m[49m  [38;2;255;107;53m│[39m [38;2;35;35;46m│[39m [38;2;138;138;154msubtasks [38;2;232;232;240m0/2 complete[39m                                 [38;2;35;35;46m│[39m [38;2;35;35;46m│[39m
[38;2;35;35;46m│[39m [38;2;255;107;53m│[39m [38;2;255;107;53m◆[38;2;138;138;154m BUILDING [38;2;74;74;88m(1)[39m                               [38;2;255;107;53m│[39m [38;2;35;35;46m│[39m [38;2;138;138;154mphase [38;2;255;62;138midle[39m                                            [38;2;35;35;46m│[39m [38;2;35;35;46m│[39m
[38;2;35;35;46m│[39m [38;2;255;107;53m│[39m [38;2;74;74;88m  [38;2;138;138;154m001-migr[39m [38;2;255;68;68m▲[39m [38;2;138;138;154mMigrate Provider Registry[38;2;255;107;53m  50%[39m  [38;2;255;107;53m│[39m [38;2;35;35;46m│[39m [38;2;138;138;154mlocation [38;2;56;189;248mmain[38;2;138;138;154m  spec [38;2;74;74;88m002-fix-terminal-blank[39m            [38;2;35;35;46m│[39m [38;2;35;35;46m│[39m
[38;2;35;35;46m│[39m [38;2;255;107;53m│[39m [38;2;61;220;132m◆[38;2;138;138;154m DONE [38;2;74;74;88m(1)[39m                                   [38;2;255;107;53m│[39m [38;2;35;35;46m└───────────────────────────────────────────────────────┘[39m [38;2;35;35;46m│[39m
[38;2;35;35;46m│[39m [38;2;255;107;53m│[39m [38;2;74;74;88m  [38;2;138;138;154m003-arch[39m [38;2;138;138;154m▽[39m [38;2;138;138;154mArchive Button Fixes[38;2;61;220;132m  50%[39m       [38;2;255;107;53m│[39m                                                           [38;2;35;35;46m│[39m
[38;2;35;35;46m│[39m [38;2;255;107;53m│[39m                                              [38;2;255;107;53m│[39m [38;2;35;35;46m┌───────────────────────────────────────────────────────┐[39m [38;2;35;35;46m│[39m
[38;2;35;35;46m│[39m [38;2;255;107;53m│[39m                                              [38;2;255;107;53m│[39m [38;2;35;35;46m│[39m [38;2;138;138;154mAGENT STREAM[39m                                          [38;2;35;35;46m│[39m [38;2;35;35;46m│[39m
[38;2;35;35;46m│[39m [38;2;255;107;53m│[39m                                              [38;2;255;107;53m│[39m [38;2;35;35;46m│[39m [38;2;138;138;154m17:21:45 start 002-fix- → vendored AgentManager…[39m      [38;2;35;35;46m│[39m [38;2;35;35;46m│[39m
[38;2;35;35;46m│[39m [38;2;255;107;53m└──────────────────────────────────────────────┘[39m [38;2;35;35;46m└───────────────────────────────────────────────────────┘[39m [38;2;35;35;46m│[39m
[38;2;35;35;46m│[1m[48;2;255;107;53m[38;2;5;5;7m BOARD [39m[49m[22m [38;2;138;138;154mj/k move · ⏎ focus · s start · x stop · H/L column · l logs · / filter[39m                 [38;2;255;107;53m:[38;2;74;74;88m cmd  [38;2;255;107;53m?[38;2;74;74;88m help[38;2;35;35;46m│[39m
[38;2;35;35;46m└────────────────────────────────────────────────────────────────────────────────────────────────────────────┘[39m
[2K[1A[2K[1A[2K[1A[2K[1A[2K[1A[2K[1A[2K[1A[2K[1A[2K[1A[2K[1A[2K[1A[2K[1A[2K[1A[2K[1A[2K[1A[2K[1A[2K[1A[2K[1A[2K[1A[2K[G[WorktreeManager] Fetching latest from origin/main...
[38;2;35;35;46m┌────────────────────────────────────────────────────────────────────────────────────────────────────────────┐[39m
[38;2;35;35;46m│[1m[38;2;255;107;53mAPERANT[39m[22m [38;2;74;74;88m│[39m [38;2;138;138;154maperant-fixture[39m [38;2;74;74;88m/tmp/aperant-fixture[39m [38;2;74;74;88m│[39m [38;2;56;189;248m⑂ develop[39m             [38;2;255;107;53m◉[38;2;138;138;154m 1 running[39m  [38;2;255;176;0m◆[38;2;138;138;154m 0 review[39m  [38;2;61;220;132m●[38;2;138;138;154m no profile[38;2;35;35;46m│[39m
[38;2;35;35;46m│[39m [1m[48;2;255;107;53m[38;2;5;5;7m 1 board [39m[49m[22m  [38;2;138;138;154m 2 term [39m  [38;2;138;138;154m 3 road [39m  [38;2;138;138;154m 4 chat [39m  [38;2;138;138;154m 5 tree [39m  [38;2;138;138;154m 6 set [39m  [38;2;138;138;154m 7 agents [39m                                     [38;2;35;35;46m│[39m
[38;2;35;35;46m│[39m [38;2;255;107;53m┌──────────────────────────────────────────────┐[39m [38;2;35;35;46m┌───────────────────────────────────────────────────────┐[39m [38;2;35;35;46m│[39m
[38;2;35;35;46m│[39m [38;2;255;107;53m│[39m [1m[38;2;255;107;53mTASKS[39m[22m                                        [38;2;255;107;53m│[39m [38;2;35;35;46m│[39m [38;2;138;138;154mDETAIL[39m                                                [38;2;35;35;46m│[39m [38;2;35;35;46m│[39m
[38;2;35;35;46m│[39m [38;2;255;107;53m│[39m [38;2;74;74;88m◆[38;2;138;138;154m BACKLOG [38;2;74;74;88m(1)[39m                                [38;2;255;107;53m│[39m [38;2;35;35;46m│[39m [38;2;138;138;154m002-fix-[39m [38;2;56;189;248m[QUEUED][39m                                     [38;2;35;35;46m│[39m [38;2;35;35;46m│[39m
[38;2;35;35;46m│[39m [38;2;255;107;53m│[39m [38;2;74;74;88m  [38;2;138;138;154m004-qa-l[39m [38;2;138;138;154m▽[39m [38;2;138;138;154mQA Loop Docs[38;2;74;74;88m  50%[39m               [38;2;255;107;53m│[39m [38;2;35;35;46m│[39m [38;2;232;232;240mFix Terminal Blank Screen[39m                             [38;2;35;35;46m│[39m [38;2;35;35;46m│[39m
[38;2;35;35;46m│[39m [38;2;255;107;53m│[39m [38;2;56;189;248m◆[38;2;138;138;154m QUEUE [38;2;74;74;88m(1)[39m                                  [38;2;255;107;53m│[39m [38;2;35;35;46m│[39m [38;2;138;138;154mprogress[39m [38;2;255;107;53m███████░░░░░░░[39m [38;2;232;232;240m50%[39m                           [38;2;35;35;46m│[39m [38;2;35;35;46m│[39m
[38;2;35;35;46m│[39m [38;2;255;107;53m│[39m [48;2;16;16;24m[38;2;255;107;53m❯ [38;2;138;138;154m002-fix-[39m [38;2;255;176;0m◆[39m [38;2;232;232;240mFix Terminal Blank Screen[38;2;56;189;248m  50%[39m[49m  [38;2;255;107;53m│[39m [38;2;35;35;46m│[39m [38;2;138;138;154msubtasks [38;2;232;232;240m0/2 complete[39m                                 [38;2;35;35;46m│[39m [38;2;35;35;46m│[39m
[38;2;35;35;46m│[39m [38;2;255;107;53m│[39m [38;2;255;107;53m◆[38;2;138;138;154m BUILDING [38;2;74;74;88m(1)[39m                               [38;2;255;107;53m│[39m [38;2;35;35;46m│[39m [38;2;138;138;154mphase [38;2;255;62;138midle[39m                                            [38;2;35;35;46m│[39m [38;2;35;35;46m│[39m
[38;2;35;35;46m│[39m [38;2;255;107;53m│[39m [38;2;74;74;88m  [38;2;138;138;154m001-migr[39m [38;2;255;68;68m▲[39m [38;2;138;138;154mMigrate Provider Registry[38;2;255;107;53m  50%[39m  [38;2;255;107;53m│[39m [38;2;35;35;46m│[39m [38;2;138;138;154mlocation [38;2;56;189;248mmain[38;2;138;138;154m  spec [38;2;74;74;88m002-fix-terminal-blank[39m            [38;2;35;35;46m│[39m [38;2;35;35;46m│[39m
[38;2;35;35;46m│[39m [38;2;255;107;53m│[39m [38;2;61;220;132m◆[38;2;138;138;154m DONE [38;2;74;74;88m(1)[39m                                   [38;2;255;107;53m│[39m [38;2;35;35;46m└───────────────────────────────────────────────────────┘[39m [38;2;35;35;46m│[39m
[38;2;35;35;46m│[39m [38;2;255;107;53m│[39m [38;2;74;74;88m  [38;2;138;138;154m003-arch[39m [38;2;138;138;154m▽[39m [38;2;138;138;154mArchive Button Fixes[38;2;61;220;132m  50%[39m       [38;2;255;107;53m│[39m                                                           [38;2;35;35;46m│[39m
[38;2;35;35;46m│[39m [38;2;255;107;53m│[39m                                              [38;2;255;107;53m│[39m [38;2;35;35;46m┌───────────────────────────────────────────────────────┐[39m [38;2;35;35;46m│[39m
[38;2;35;35;46m│[39m [38;2;255;107;53m│[39m                                              [38;2;255;107;53m│[39m [38;2;35;35;46m│[39m [38;2;138;138;154mAGENT STREAM[39m                                          [38;2;35;35;46m│[39m [38;2;35;35;46m│[39m
[38;2;35;35;46m│[39m [38;2;255;107;53m│[39m                                              [38;2;255;107;53m│[39m [38;2;35;35;46m│[39m [38;2;138;138;154m17:21:45 start 002-fix- → vendored AgentManager…[39m      [38;2;35;35;46m│[39m [38;2;35;35;46m│[39m
[38;2;35;35;46m│[39m [38;2;255;107;53m└──────────────────────────────────────────────┘[39m [38;2;35;35;46m└───────────────────────────────────────────────────────┘[39m [38;2;35;35;46m│[39m
[38;2;35;35;46m│[1m[48;2;255;107;53m[38;2;5;5;7m BOARD [39m[49m[22m [38;2;138;138;154mj/k move · ⏎ focus · s start · x stop · H/L column · l logs · / filter[39m                 [38;2;255;107;53m:[38;2;74;74;88m cmd  [38;2;255;107;53m?[38;2;74;74;88m help[38;2;35;35;46m│[39m
[38;2;35;35;46m└────────────────────────────────────────────────────────────────────────────────────────────────────────────┘[39m
[2K[1A[2K[1A[2K[1A[2K[1A[2K[1A[2K[1A[2K[1A[2K[1A[2K[1A[2K[1A[2K[1A[2K[1A[2K[1A[2K[1A[2K[1A[2K[1A[2K[1A[2K[1A[2K[1A[2K[G[WorktreeManager] Remote ref origin/main not found, using local branch: main
[38;2;35;35;46m┌────────────────────────────────────────────────────────────────────────────────────────────────────────────┐[39m
[38;2;35;35;46m│[1m[38;2;255;107;53mAPERANT[39m[22m [38;2;74;74;88m│[39m [38;2;138;138;154maperant-fixture[39m [38;2;74;74;88m/tmp/aperant-fixture[39m [38;2;74;74;88m│[39m [38;2;56;189;248m⑂ develop[39m             [38;2;255;107;53m◉[38;2;138;138;154m 1 running[39m  [38;2;255;176;0m◆[38;2;138;138;154m 0 review[39m  [38;2;61;220;132m●[38;2;138;138;154m no profile[38;2;35;35;46m│[39m
[38;2;35;35;46m│[39m [1m[48;2;255;107;53m[38;2;5;5;7m 1 board [39m[49m[22m  [38;2;138;138;154m 2 term [39m  [38;2;138;138;154m 3 road [39m  [38;2;138;138;154m 4 chat [39m  [38;2;138;138;154m 5 tree [39m  [38;2;138;138;154m 6 set [39m  [38;2;138;138;154m 7 agents [39m                                     [38;2;35;35;46m│[39m
[38;2;35;35;46m│[39m [38;2;255;107;53m┌──────────────────────────────────────────────┐[39m [38;2;35;35;46m┌───────────────────────────────────────────────────────┐[39m [38;2;35;35;46m│[39m
[38;2;35;35;46m│[39m [38;2;255;107;53m│[39m [1m[38;2;255;107;53mTASKS[39m[22m                                        [38;2;255;107;53m│[39m [38;2;35;35;46m│[39m [38;2;138;138;154mDETAIL[39m                                                [38;2;35;35;46m│[39m [38;2;35;35;46m│[39m
[38;2;35;35;46m│[39m [38;2;255;107;53m│[39m [38;2;74;74;88m◆[38;2;138;138;154m BACKLOG [38;2;74;74;88m(1)[39m                                [38;2;255;107;53m│[39m [38;2;35;35;46m│[39m [38;2;138;138;154m002-fix-[39m [38;2;56;189;248m[QUEUED][39m                                     [38;2;35;35;46m│[39m [38;2;35;35;46m│[39m
[38;2;35;35;46m│[39m [38;2;255;107;53m│[39m [38;2;74;74;88m  [38;2;138;138;154m004-qa-l[39m [38;2;138;138;154m▽[39m [38;2;138;138;154mQA Loop Docs[38;2;74;74;88m  50%[39m               [38;2;255;107;53m│[39m [38;2;35;35;46m│[39m [38;2;232;232;240mFix Terminal Blank Screen[39m                             [38;2;35;35;46m│[39m [38;2;35;35;46m│[39m
[38;2;35;35;46m│[39m [38;2;255;107;53m│[39m [38;2;56;189;248m◆[38;2;138;138;154m QUEUE [38;2;74;74;88m(1)[39m                                  [38;2;255;107;53m│[39m [38;2;35;35;46m│[39m [38;2;138;138;154mprogress[39m [38;2;255;107;53m███████░░░░░░░[39m [38;2;232;232;240m50%[39m                           [38;2;35;35;46m│[39m [38;2;35;35;46m│[39m
[38;2;35;35;46m│[39m [38;2;255;107;53m│[39m [48;2;16;16;24m[38;2;255;107;53m❯ [38;2;138;138;154m002-fix-[39m [38;2;255;176;0m◆[39m [38;2;232;232;240mFix Terminal Blank Screen[38;2;56;189;248m  50%[39m[49m  [38;2;255;107;53m│[39m [38;2;35;35;46m│[39m [38;2;138;138;154msubtasks [38;2;232;232;240m0/2 complete[39m                                 [38;2;35;35;46m│[39m [38;2;35;35;46m│[39m
[38;2;35;35;46m│[39m [38;2;255;107;53m│[39m [38;2;255;107;53m◆[38;2;138;138;154m BUILDING [38;2;74;74;88m(1)[39m                               [38;2;255;107;53m│[39m [38;2;35;35;46m│[39m [38;2;138;138;154mphase [38;2;255;62;138midle[39m                                            [38;2;35;35;46m│[39m [38;2;35;35;46m│[39m
[38;2;35;35;46m│[39m [38;2;255;107;53m│[39m [38;2;74;74;88m  [38;2;138;138;154m001-migr[39m [38;2;255;68;68m▲[39m [38;2;138;138;154mMigrate Provider Registry[38;2;255;107;53m  50%[39m  [38;2;255;107;53m│[39m [38;2;35;35;46m│[39m [38;2;138;138;154mlocation [38;2;56;189;248mmain[38;2;138;138;154m  spec [38;2;74;74;88m002-fix-terminal-blank[39m            [38;2;35;35;46m│[39m [38;2;35;35;46m│[39m
[38;2;35;35;46m│[39m [38;2;255;107;53m│[39m [38;2;61;220;132m◆[38;2;138;138;154m DONE [38;2;74;74;88m(1)[39m                                   [38;2;255;107;53m│[39m [38;2;35;35;46m└───────────────────────────────────────────────────────┘[39m [38;2;35;35;46m│[39m
[38;2;35;35;46m│[39m [38;2;255;107;53m│[39m [38;2;74;74;88m  [38;2;138;138;154m003-arch[39m [38;2;138;138;154m▽[39m [38;2;138;138;154mArchive Button Fixes[38;2;61;220;132m  50%[39m       [38;2;255;107;53m│[39m                                                           [38;2;35;35;46m│[39m
[38;2;35;35;46m│[39m [38;2;255;107;53m│[39m                                              [38;2;255;107;53m│[39m [38;2;35;35;46m┌───────────────────────────────────────────────────────┐[39m [38;2;35;35;46m│[39m
[38;2;35;35;46m│[39m [38;2;255;107;53m│[39m                                              [38;2;255;107;53m│[39m [38;2;35;35;46m│[39m [38;2;138;138;154mAGENT STREAM[39m                                          [38;2;35;35;46m│[39m [38;2;35;35;46m│[39m
[38;2;35;35;46m│[39m [38;2;255;107;53m│[39m                                              [38;2;255;107;53m│[39m [38;2;35;35;46m│[39m [38;2;138;138;154m17:21:45 start 002-fix- → vendored AgentManager…[39m      [38;2;35;35;46m│[39m [38;2;35;35;46m│[39m
[38;2;35;35;46m│[39m [38;2;255;107;53m└──────────────────────────────────────────────┘[39m [38;2;35;35;46m└───────────────────────────────────────────────────────┘[39m [38;2;35;35;46m│[39m
[38;2;35;35;46m│[1m[48;2;255;107;53m[38;2;5;5;7m BOARD [39m[49m[22m [38;2;138;138;154mj/k move · ⏎ focus · s start · x stop · H/L column · l logs · / filter[39m                 [38;2;255;107;53m:[38;2;74;74;88m cmd  [38;2;255;107;53m?[38;2;74;74;88m help[38;2;35;35;46m│[39m
[38;2;35;35;46m└────────────────────────────────────────────────────────────────────────────────────────────────────────────┘[39m
[2K[1A[2K[1A[2K[1A[2K[1A[2K[1A[2K[1A[2K[1A[2K[1A[2K[1A[2K[1A[2K[1A[2K[1A[2K[1A[2K[1A[2K[1A[2K[1A[2K[1A[2K[1A[2K[1A[2K[G[AgentManager] Failed to create worktree for 002-fix-terminal-blank: Error: git worktree failed: Command failed: git worktree add -b auto-claude/002-fix-terminal-blank --no-track /tmp/aperant-fixture/.auto-claude/worktrees/tasks/002-fix-terminal-blank main
Preparing worktree (new branch 'auto-claude/002-fix-terminal-blank')
fatal: not a valid object name: 'main'

    at git (/tmp/build/aperant-tui/apps/desktop/src/main/ai/worktree/worktree-manager.ts:50:11)
    at async createOrGetWorktree (/tmp/build/aperant-tui/apps/desktop/src/main/ai/worktree/worktree-manager.ts:198:5)
    at async AgentManager.startTaskExecution (/tmp/build/aperant-tui/apps/desktop/src/main/agent/agent-manager.ts:480:24)
[38;2;35;35;46m┌────────────────────────────────────────────────────────────────────────────────────────────────────────────┐[39m
[38;2;35;35;46m│[1m[38;2;255;107;53mAPERANT[39m[22m [38;2;74;74;88m│[39m [38;2;138;138;154maperant-fixture[39m [38;2;74;74;88m/tmp/aperant-fixture[39m [38;2;74;74;88m│[39m [38;2;56;189;248m⑂ develop[39m             [38;2;255;107;53m◉[38;2;138;138;154m 1 running[39m  [38;2;255;176;0m◆[38;2;138;138;154m 0 review[39m  [38;2;61;220;132m●[38;2;138;138;154m no profile[38;2;35;35;46m│[39m
[38;2;35;35;46m│[39m [1m[48;2;255;107;53m[38;2;5;5;7m 1 board [39m[49m[22m  [38;2;138;138;154m 2 term [39m  [38;2;138;138;154m 3 road [39m  [38;2;138;138;154m 4 chat [39m  [38;2;138;138;154m 5 tree [39m  [38;2;138;138;154m 6 set [39m  [38;2;138;138;154m 7 agents [39m                                     [38;2;35;35;46m│[39m
[38;2;35;35;46m│[39m [38;2;255;107;53m┌──────────────────────────────────────────────┐[39m [38;2;35;35;46m┌───────────────────────────────────────────────────────┐[39m [38;2;35;35;46m│[39m
[38;2;35;35;46m│[39m [38;2;255;107;53m│[39m [1m[38;2;255;107;53mTASKS[39m[22m                                        [38;2;255;107;53m│[39m [38;2;35;35;46m│[39m [38;2;138;138;154mDETAIL[39m                                                [38;2;35;35;46m│[39m [38;2;35;35;46m│[39m
[38;2;35;35;46m│[39m [38;2;255;107;53m│[39m [38;2;74;74;88m◆[38;2;138;138;154m BACKLOG [38;2;74;74;88m(1)[39m                                [38;2;255;107;53m│[39m [38;2;35;35;46m│[39m [38;2;138;138;154m002-fix-[39m [38;2;56;189;248m[QUEUED][39m                                     [38;2;35;35;46m│[39m [38;2;35;35;46m│[39m
[38;2;35;35;46m│[39m [38;2;255;107;53m│[39m [38;2;74;74;88m  [38;2;138;138;154m004-qa-l[39m [38;2;138;138;154m▽[39m [38;2;138;138;154mQA Loop Docs[38;2;74;74;88m  50%[39m               [38;2;255;107;53m│[39m [38;2;35;35;46m│[39m [38;2;232;232;240mFix Terminal Blank Screen[39m                             [38;2;35;35;46m│[39m [38;2;35;35;46m│[39m
[38;2;35;35;46m│[39m [38;2;255;107;53m│[39m [38;2;56;189;248m◆[38;2;138;138;154m QUEUE [38;2;74;74;88m(1)[39m                                  [38;2;255;107;53m│[39m [38;2;35;35;46m│[39m [38;2;138;138;154mprogress[39m [38;2;255;107;53m███████░░░░░░░[39m [38;2;232;232;240m50%[39m                           [38;2;35;35;46m│[39m [38;2;35;35;46m│[39m
[38;2;35;35;46m│[39m [38;2;255;107;53m│[39m [48;2;16;16;24m[38;2;255;107;53m❯ [38;2;138;138;154m002-fix-[39m [38;2;255;176;0m◆[39m [38;2;232;232;240mFix Terminal Blank Screen[38;2;56;189;248m  50%[39m[49m  [38;2;255;107;53m│[39m [38;2;35;35;46m│[39m [38;2;138;138;154msubtasks [38;2;232;232;240m0/2 complete[39m                                 [38;2;35;35;46m│[39m [38;2;35;35;46m│[39m
[38;2;35;35;46m│[39m [38;2;255;107;53m│[39m [38;2;255;107;53m◆[38;2;138;138;154m BUILDING [38;2;74;74;88m(1)[39m                               [38;2;255;107;53m│[39m [38;2;35;35;46m│[39m [38;2;138;138;154mphase [38;2;255;62;138midle[39m                                            [38;2;35;35;46m│[39m [38;2;35;35;46m│[39m
[38;2;35;35;46m│[39m [38;2;255;107;53m│[39m [38;2;74;74;88m  [38;2;138;138;154m001-migr[39m [38;2;255;68;68m▲[39m [38;2;138;138;154mMigrate Provider Registry[38;2;255;107;53m  50%[39m  [38;2;255;107;53m│[39m [38;2;35;35;46m│[39m [38;2;138;138;154mlocation [38;2;56;189;248mmain[38;2;138;138;154m  spec [38;2;74;74;88m002-fix-terminal-blank[39m            [38;2;35;35;46m│[39m [38;2;35;35;46m│[39m
[38;2;35;35;46m│[39m [38;2;255;107;53m│[39m [38;2;61;220;132m◆[38;2;138;138;154m DONE [38;2;74;74;88m(1)[39m                                   [38;2;255;107;53m│[39m [38;2;35;35;46m└───────────────────────────────────────────────────────┘[39m [38;2;35;35;46m│[39m
[38;2;35;35;46m│[39m [38;2;255;107;53m│[39m [38;2;74;74;88m  [38;2;138;138;154m003-arch[39m [38;2;138;138;154m▽[39m [38;2;138;138;154mArchive Button Fixes[38;2;61;220;132m  50%[39m       [38;2;255;107;53m│[39m                                                           [38;2;35;35;46m│[39m
[38;2;35;35;46m│[39m [38;2;255;107;53m│[39m                                              [38;2;255;107;53m│[39m [38;2;35;35;46m┌───────────────────────────────────────────────────────┐[39m [38;2;35;35;46m│[39m
[38;2;35;35;46m│[39m [38;2;255;107;53m│[39m                                              [38;2;255;107;53m│[39m [38;2;35;35;46m│[39m [38;2;138;138;154mAGENT STREAM[39m                                          [38;2;35;35;46m│[39m [38;2;35;35;46m│[39m
[38;2;35;35;46m│[39m [38;2;255;107;53m│[39m                                              [38;2;255;107;53m│[39m [38;2;35;35;46m│[39m [38;2;138;138;154m17:21:45 start 002-fix- → vendored AgentManager…[39m      [38;2;35;35;46m│[39m [38;2;35;35;46m│[39m
[38;2;35;35;46m│[39m [38;2;255;107;53m└──────────────────────────────────────────────┘[39m [38;2;35;35;46m└───────────────────────────────────────────────────────┘[39m [38;2;35;35;46m│[39m
[38;2;35;35;46m│[1m[48;2;255;107;53m[38;2;5;5;7m BOARD [39m[49m[22m [38;2;138;138;154mj/k move · ⏎ focus · s start · x stop · H/L column · l logs · / filter[39m                 [38;2;255;107;53m:[38;2;74;74;88m cmd  [38;2;255;107;53m?[38;2;74;74;88m help[38;2;35;35;46m│[39m
[38;2;35;35;46m└────────────────────────────────────────────────────────────────────────────────────────────────────────────┘[39m
[2K[1A[2K[1A[2K[1A[2K[1A[2K[1A[2K[1A[2K[1A[2K[1A[2K[1A[2K[1A[2K[1A[2K[1A[2K[1A[2K[1A[2K[1A[2K[1A[2K[1A[2K[1A[2K[1A[2K[G[AgentManager] Falling back to project root for 002-fix-terminal-blank
[38;2;35;35;46m┌────────────────────────────────────────────────────────────────────────────────────────────────────────────┐[39m
[38;2;35;35;46m│[1m[38;2;255;107;53mAPERANT[39m[22m [38;2;74;74;88m│[39m [38;2;138;138;154maperant-fixture[39m [38;2;74;74;88m/tmp/aperant-fixture[39m [38;2;74;74;88m│[39m [38;2;56;189;248m⑂ develop[39m             [38;2;255;107;53m◉[38;2;138;138;154m 1 running[39m  [38;2;255;176;0m◆[38;2;138;138;154m 0 review[39m  [38;2;61;220;132m●[38;2;138;138;154m no profile[38;2;35;35;46m│[39m
[38;2;35;35;46m│[39m [1m[48;2;255;107;53m[38;2;5;5;7m 1 board [39m[49m[22m  [38;2;138;138;154m 2 term [39m  [38;2;138;138;154m 3 road [39m  [38;2;138;138;154m 4 chat [39m  [38;2;138;138;154m 5 tree [39m  [38;2;138;138;154m 6 set [39m  [38;2;138;138;154m 7 agents [39m                                     [38;2;35;35;46m│[39m
[38;2;35;35;46m│[39m [38;2;255;107;53m┌──────────────────────────────────────────────┐[39m [38;2;35;35;46m┌───────────────────────────────────────────────────────┐[39m [38;2;35;35;46m│[39m
[38;2;35;35;46m│[39m [38;2;255;107;53m│[39m [1m[38;2;255;107;53mTASKS[39m[22m                                        [38;2;255;107;53m│[39m [38;2;35;35;46m│[39m [38;2;138;138;154mDETAIL[39m                                                [38;2;35;35;46m│[39m [38;2;35;35;46m│[39m
[38;2;35;35;46m│[39m [38;2;255;107;53m│[39m [38;2;74;74;88m◆[38;2;138;138;154m BACKLOG [38;2;74;74;88m(1)[39m                                [38;2;255;107;53m│[39m [38;2;35;35;46m│[39m [38;2;138;138;154m002-fix-[39m [38;2;56;189;248m[QUEUED][39m                                     [38;2;35;35;46m│[39m [38;2;35;35;46m│[39m
[38;2;35;35;46m│[39m [38;2;255;107;53m│[39m [38;2;74;74;88m  [38;2;138;138;154m004-qa-l[39m [38;2;138;138;154m▽[39m [38;2;138;138;154mQA Loop Docs[38;2;74;74;88m  50%[39m               [38;2;255;107;53m│[39m [38;2;35;35;46m│[39m [38;2;232;232;240mFix Terminal Blank Screen[39m                             [38;2;35;35;46m│[39m [38;2;35;35;46m│[39m
[38;2;35;35;46m│[39m [38;2;255;107;53m│[39m [38;2;56;189;248m◆[38;2;138;138;154m QUEUE [38;2;74;74;88m(1)[39m                                  [38;2;255;107;53m│[39m [38;2;35;35;46m│[39m [38;2;138;138;154mprogress[39m [38;2;255;107;53m███████░░░░░░░[39m [38;2;232;232;240m50%[39m                           [38;2;35;35;46m│[39m [38;2;35;35;46m│[39m
[38;2;35;35;46m│[39m [38;2;255;107;53m│[39m [48;2;16;16;24m[38;2;255;107;53m❯ [38;2;138;138;154m002-fix-[39m [38;2;255;176;0m◆[39m [38;2;232;232;240mFix Terminal Blank Screen[38;2;56;189;248m  50%[39m[49m  [38;2;255;107;53m│[39m [38;2;35;35;46m│[39m [38;2;138;138;154msubtasks [38;2;232;232;240m0/2 complete[39m                                 [38;2;35;35;46m│[39m [38;2;35;35;46m│[39m
[38;2;35;35;46m│[39m [38;2;255;107;53m│[39m [38;2;255;107;53m◆[38;2;138;138;154m BUILDING [38;2;74;74;88m(1)[39m                               [38;2;255;107;53m│[39m [38;2;35;35;46m│[39m [38;2;138;138;154mphase [38;2;255;62;138midle[39m                                            [38;2;35;35;46m│[39m [38;2;35;35;46m│[39m
[38;2;35;35;46m│[39m [38;2;255;107;53m│[39m [38;2;74;74;88m  [38;2;138;138;154m001-migr[39m [38;2;255;68;68m▲[39m [38;2;138;138;154mMigrate Provider Registry[38;2;255;107;53m  50%[39m  [38;2;255;107;53m│[39m [38;2;35;35;46m│[39m [38;2;138;138;154mlocation [38;2;56;189;248mmain[38;2;138;138;154m  spec [38;2;74;74;88m002-fix-terminal-blank[39m            [38;2;35;35;46m│[39m [38;2;35;35;46m│[39m
[38;2;35;35;46m│[39m [38;2;255;107;53m│[39m [38;2;61;220;132m◆[38;2;138;138;154m DONE [38;2;74;74;88m(1)[39m                                   [38;2;255;107;53m│[39m [38;2;35;35;46m└───────────────────────────────────────────────────────┘[39m [38;2;35;35;46m│[39m
[38;2;35;35;46m│[39m [38;2;255;107;53m│[39m [38;2;74;74;88m  [38;2;138;138;154m003-arch[39m [38;2;138;138;154m▽[39m [38;2;138;138;154mArchive Button Fixes[38;2;61;220;132m  50%[39m       [38;2;255;107;53m│[39m                                                           [38;2;35;35;46m│[39m
[38;2;35;35;46m│[39m [38;2;255;107;53m│[39m                                              [38;2;255;107;53m│[39m [38;2;35;35;46m┌───────────────────────────────────────────────────────┐[39m [38;2;35;35;46m│[39m
[38;2;35;35;46m│[39m [38;2;255;107;53m│[39m                                              [38;2;255;107;53m│[39m [38;2;35;35;46m│[39m [38;2;138;138;154mAGENT STREAM[39m                                          [38;2;35;35;46m│[39m [38;2;35;35;46m│[39m
[38;2;35;35;46m│[39m [38;2;255;107;53m│[39m                                              [38;2;255;107;53m│[39m [38;2;35;35;46m│[39m [38;2;138;138;154m17:21:45 start 002-fix- → vendored AgentManager…[39m      [38;2;35;35;46m│[39m [38;2;35;35;46m│[39m
[38;2;35;35;46m│[39m [38;2;255;107;53m└──────────────────────────────────────────────┘[39m [38;2;35;35;46m└───────────────────────────────────────────────────────┘[39m [38;2;35;35;46m│[39m
[38;2;35;35;46m│[1m[48;2;255;107;53m[38;2;5;5;7m BOARD [39m[49m[22m [38;2;138;138;154mj/k move · ⏎ focus · s start · x stop · H/L column · l logs · / filter[39m                 [38;2;255;107;53m:[38;2;74;74;88m cmd  [38;2;255;107;53m?[38;2;74;74;88m help[38;2;35;35;46m│[39m
[38;2;35;35;46m└────────────────────────────────────────────────────────────────────────────────────────────────────────────┘[39m
[2K[1A[2K[1A[2K[1A[2K[1A[2K[1A[2K[1A[2K[1A[2K[1A[2K[1A[2K[1A[2K[1A[2K[1A[2K[1A[2K[1A[2K[1A[2K[1A[2K[1A[2K[1A[2K[1A[2K[G[AgentManager] Task registered with OperationRegistry: {
  taskId: '002-fix-terminal-blank',
  profileId: 'primary',
  profileName: 'Primary',
  type: 'task-execution'
}
[38;2;35;35;46m┌────────────────────────────────────────────────────────────────────────────────────────────────────────────┐[39m
[38;2;35;35;46m│[1m[38;2;255;107;53mAPERANT[39m[22m [38;2;74;74;88m│[39m [38;2;138;138;154maperant-fixture[39m [38;2;74;74;88m/tmp/aperant-fixture[39m [38;2;74;74;88m│[39m [38;2;56;189;248m⑂ develop[39m             [38;2;255;107;53m◉[38;2;138;138;154m 1 running[39m  [38;2;255;176;0m◆[38;2;138;138;154m 0 review[39m  [38;2;61;220;132m●[38;2;138;138;154m no profile[38;2;35;35;46m│[39m
[38;2;35;35;46m│[39m [1m[48;2;255;107;53m[38;2;5;5;7m 1 board [39m[49m[22m  [38;2;138;138;154m 2 term [39m  [38;2;138;138;154m 3 road [39m  [38;2;138;138;154m 4 chat [39m  [38;2;138;138;154m 5 tree [39m  [38;2;138;138;154m 6 set [39m  [38;2;138;138;154m 7 agents [39m                                     [38;2;35;35;46m│[39m
[38;2;35;35;46m│[39m [38;2;255;107;53m┌──────────────────────────────────────────────┐[39m [38;2;35;35;46m┌───────────────────────────────────────────────────────┐[39m [38;2;35;35;46m│[39m
[38;2;35;35;46m│[39m [38;2;255;107;53m│[39m [1m[38;2;255;107;53mTASKS[39m[22m                                        [38;2;255;107;53m│[39m [38;2;35;35;46m│[39m [38;2;138;138;154mDETAIL[39m                                                [38;2;35;35;46m│[39m [38;2;35;35;46m│[39m
[38;2;35;35;46m│[39m [38;2;255;107;53m│[39m [38;2;74;74;88m◆[38;2;138;138;154m BACKLOG [38;2;74;74;88m(1)[39m                                [38;2;255;107;53m│[39m [38;2;35;35;46m│[39m [38;2;138;138;154m002-fix-[39m [38;2;56;189;248m[QUEUED][39m                                     [38;2;35;35;46m│[39m [38;2;35;35;46m│[39m
[38;2;35;35;46m│[39m [38;2;255;107;53m│[39m [38;2;74;74;88m  [38;2;138;138;154m004-qa-l[39m [38;2;138;138;154m▽[39m [38;2;138;138;154mQA Loop Docs[38;2;74;74;88m  50%[39m               [38;2;255;107;53m│[39m [38;2;35;35;46m│[39m [38;2;232;232;240mFix Terminal Blank Screen[39m                             [38;2;35;35;46m│[39m [38;2;35;35;46m│[39m
[38;2;35;35;46m│[39m [38;2;255;107;53m│[39m [38;2;56;189;248m◆[38;2;138;138;154m QUEUE [38;2;74;74;88m(1)[39m                                  [38;2;255;107;53m│[39m [38;2;35;35;46m│[39m [38;2;138;138;154mprogress[39m [38;2;255;107;53m███████░░░░░░░[39m [38;2;232;232;240m50%[39m                           [38;2;35;35;46m│[39m [38;2;35;35;46m│[39m
[38;2;35;35;46m│[39m [38;2;255;107;53m│[39m [48;2;16;16;24m[38;2;255;107;53m❯ [38;2;138;138;154m002-fix-[39m [38;2;255;176;0m◆[39m [38;2;232;232;240mFix Terminal Blank Screen[38;2;56;189;248m  50%[39m[49m  [38;2;255;107;53m│[39m [38;2;35;35;46m│[39m [38;2;138;138;154msubtasks [38;2;232;232;240m0/2 complete[39m                                 [38;2;35;35;46m│[39m [38;2;35;35;46m│[39m
[38;2;35;35;46m│[39m [38;2;255;107;53m│[39m [38;2;255;107;53m◆[38;2;138;138;154m BUILDING [38;2;74;74;88m(1)[39m                               [38;2;255;107;53m│[39m [38;2;35;35;46m│[39m [38;2;138;138;154mphase [38;2;255;62;138midle[39m                                            [38;2;35;35;46m│[39m [38;2;35;35;46m│[39m
[38;2;35;35;46m│[39m [38;2;255;107;53m│[39m [38;2;74;74;88m  [38;2;138;138;154m001-migr[39m [38;2;255;68;68m▲[39m [38;2;138;138;154mMigrate Provider Registry[38;2;255;107;53m  50%[39m  [38;2;255;107;53m│[39m [38;2;35;35;46m│[39m [38;2;138;138;154mlocation [38;2;56;189;248mmain[38;2;138;138;154m  spec [38;2;74;74;88m002-fix-terminal-blank[39m            [38;2;35;35;46m│[39m [38;2;35;35;46m│[39m
[38;2;35;35;46m│[39m [38;2;255;107;53m│[39m [38;2;61;220;132m◆[38;2;138;138;154m DONE [38;2;74;74;88m(1)[39m                                   [38;2;255;107;53m│[39m [38;2;35;35;46m└───────────────────────────────────────────────────────┘[39m [38;2;35;35;46m│[39m
[38;2;35;35;46m│[39m [38;2;255;107;53m│[39m [38;2;74;74;88m  [38;2;138;138;154m003-arch[39m [38;2;138;138;154m▽[39m [38;2;138;138;154mArchive Button Fixes[38;2;61;220;132m  50%[39m       [38;2;255;107;53m│[39m                                                           [38;2;35;35;46m│[39m
[38;2;35;35;46m│[39m [38;2;255;107;53m│[39m                                              [38;2;255;107;53m│[39m [38;2;35;35;46m┌───────────────────────────────────────────────────────┐[39m [38;2;35;35;46m│[39m
[38;2;35;35;46m│[39m [38;2;255;107;53m│[39m                                              [38;2;255;107;53m│[39m [38;2;35;35;46m│[39m [38;2;138;138;154mAGENT STREAM[39m                                          [38;2;35;35;46m│[39m [38;2;35;35;46m│[39m
[38;2;35;35;46m│[39m [38;2;255;107;53m│[39m                                              [38;2;255;107;53m│[39m [38;2;35;35;46m│[39m [38;2;138;138;154m17:21:45 start 002-fix- → vendored AgentManager…[39m      [38;2;35;35;46m│[39m [38;2;35;35;46m│[39m
[38;2;35;35;46m│[39m [38;2;255;107;53m└──────────────────────────────────────────────┘[39m [38;2;35;35;46m└───────────────────────────────────────────────────────┘[39m [38;2;35;35;46m│[39m
[38;2;35;35;46m│[1m[48;2;255;107;53m[38;2;5;5;7m BOARD [39m[49m[22m [38;2;138;138;154mj/k move · ⏎ focus · s start · x stop · H/L column · l logs · / filter[39m                 [38;2;255;107;53m:[38;2;74;74;88m cmd  [38;2;255;107;53m?[38;2;74;74;88m help[38;2;35;35;46m│[39m
[38;2;35;35;46m└────────────────────────────────────────────────────────────────────────────────────────────────────────────┘[39m
[2K[1A[2K[1A[2K[1A[2K[1A[2K[1A[2K[1A[2K[1A[2K[1A[2K[1A[2K[1A[2K[1A[2K[1A[2K[1A[2K[1A[2K[1A[2K[1A[2K[1A[2K[1A[2K[1A[2K[G[38;2;35;35;46m┌────────────────────────────────────────────────────────────────────────────────────────────────────────────┐[39m
[38;2;35;35;46m│[1m[38;2;255;107;53mAPERANT[39m[22m [38;2;74;74;88m│[39m [38;2;138;138;154maperant-fixture[39m [38;2;74;74;88m/tmp/aperant-fixture[39m [38;2;74;74;88m│[39m [38;2;56;189;248m⑂ develop[39m             [38;2;255;107;53m◉[38;2;138;138;154m 1 running[39m  [38;2;255;176;0m◆[38;2;138;138;154m 0 review[39m  [38;2;61;220;132m●[38;2;138;138;154m no profile[38;2;35;35;46m│[39m
[38;2;35;35;46m│[39m [1m[48;2;255;107;53m[38;2;5;5;7m 1 board [39m[49m[22m  [38;2;138;138;154m 2 term [39m  [38;2;138;138;154m 3 road [39m  [38;2;138;138;154m 4 chat [39m  [38;2;138;138;154m 5 tree [39m  [38;2;138;138;154m 6 set [39m  [38;2;138;138;154m 7 agents [39m                                     [38;2;35;35;46m│[39m
[38;2;35;35;46m│[39m [38;2;255;107;53m┌──────────────────────────────────────────────┐[39m [38;2;35;35;46m┌───────────────────────────────────────────────────────┐[39m [38;2;35;35;46m│[39m
[38;2;35;35;46m│[39m [38;2;255;107;53m│[39m [1m[38;2;255;107;53mTASKS[39m[22m                                        [38;2;255;107;53m│[39m [38;2;35;35;46m│[39m [38;2;138;138;154mDETAIL[39m                                                [38;2;35;35;46m│[39m [38;2;35;35;46m│[39m
[38;2;35;35;46m│[39m [38;2;255;107;53m│[39m [38;2;74;74;88m◆[38;2;138;138;154m BACKLOG [38;2;74;74;88m(1)[39m                                [38;2;255;107;53m│[39m [38;2;35;35;46m│[39m [38;2;138;138;154m002-fix-[39m [38;2;56;189;248m[QUEUED][39m                                     [38;2;35;35;46m│[39m [38;2;35;35;46m│[39m
[38;2;35;35;46m│[39m [38;2;255;107;53m│[39m [38;2;74;74;88m  [38;2;138;138;154m004-qa-l[39m [38;2;138;138;154m▽[39m [38;2;138;138;154mQA Loop Docs[38;2;74;74;88m  50%[39m               [38;2;255;107;53m│[39m [38;2;35;35;46m│[39m [38;2;232;232;240mFix Terminal Blank Screen[39m                             [38;2;35;35;46m│[39m [38;2;35;35;46m│[39m
[38;2;35;35;46m│[39m [38;2;255;107;53m│[39m [38;2;56;189;248m◆[38;2;138;138;154m QUEUE [38;2;74;74;88m(1)[39m                                  [38;2;255;107;53m│[39m [38;2;35;35;46m│[39m [38;2;138;138;154mprogress[39m [38;2;255;107;53m███████░░░░░░░[39m [38;2;232;232;240m50%[39m                           [38;2;35;35;46m│[39m [38;2;35;35;46m│[39m
[38;2;35;35;46m│[39m [38;2;255;107;53m│[39m [48;2;16;16;24m[38;2;255;107;53m❯ [38;2;138;138;154m002-fix-[39m [38;2;255;176;0m◆[39m [38;2;232;232;240mFix Terminal Blank Screen[38;2;56;189;248m  50%[39m[49m  [38;2;255;107;53m│[39m [38;2;35;35;46m│[39m [38;2;138;138;154msubtasks [38;2;232;232;240m0/2 complete[39m                                 [38;2;35;35;46m│[39m [38;2;35;35;46m│[39m
[38;2;35;35;46m│[39m [38;2;255;107;53m│[39m [38;2;255;107;53m◆[38;2;138;138;154m BUILDING [38;2;74;74;88m(1)[39m                               [38;2;255;107;53m│[39m [38;2;35;35;46m│[39m [38;2;138;138;154mphase [38;2;255;62;138midle[39m                                            [38;2;35;35;46m│[39m [38;2;35;35;46m│[39m
[38;2;35;35;46m│[39m [38;2;255;107;53m│[39m [38;2;74;74;88m  [38;2;138;138;154m001-migr[39m [38;2;255;68;68m▲[39m [38;2;138;138;154mMigrate Provider Registry[38;2;255;107;53m  50%[39m  [38;2;255;107;53m│[39m [38;2;35;35;46m│[39m [38;2;138;138;154mlocation [38;2;56;189;248mmain[38;2;138;138;154m  spec [38;2;74;74;88m002-fix-terminal-blank[39m            [38;2;35;35;46m│[39m [38;2;35;35;46m│[39m
[38;2;35;35;46m│[39m [38;2;255;107;53m│[39m [38;2;61;220;132m◆[38;2;138;138;154m DONE [38;2;74;74;88m(1)[39m                                   [38;2;255;107;53m│[39m [38;2;35;35;46m└───────────────────────────────────────────────────────┘[39m [38;2;35;35;46m│[39m
[38;2;35;35;46m│[39m [38;2;255;107;53m│[39m [38;2;74;74;88m  [38;2;138;138;154m003-arch[39m [38;2;138;138;154m▽[39m [38;2;138;138;154mArchive Button Fixes[38;2;61;220;132m  50%[39m       [38;2;255;107;53m│[39m                                                           [38;2;35;35;46m│[39m
[38;2;35;35;46m│[39m [38;2;255;107;53m│[39m                                              [38;2;255;107;53m│[39m [38;2;35;35;46m┌───────────────────────────────────────────────────────┐[39m [38;2;35;35;46m│[39m
[38;2;35;35;46m│[39m [38;2;255;107;53m│[39m                                              [38;2;255;107;53m│[39m [38;2;35;35;46m│[39m [38;2;138;138;154mAGENT STREAM[39m                                          [38;2;35;35;46m│[39m [38;2;35;35;46m│[39m
[38;2;35;35;46m│[39m [38;2;255;107;53m│[39m                                              [38;2;255;107;53m│[39m [38;2;35;35;46m│[39m [38;2;138;138;154m17:21:45 start 002-fix- → vendored AgentManager…[39m      [38;2;35;35;46m│[39m [38;2;35;35;46m│[39m
[38;2;35;35;46m│[39m [38;2;255;107;53m│[39m                                              [38;2;255;107;53m│[39m [38;2;35;35;46m│[39m [38;2;138;138;154m17:21:47 started 002-fix-: agent started — phase pla…[39m [38;2;35;35;46m│[39m [38;2;35;35;46m│[39m
[38;2;35;35;46m│[39m [38;2;255;107;53m└──────────────────────────────────────────────┘[39m [38;2;35;35;46m└───────────────────────────────────────────────────────┘[39m [38;2;35;35;46m│[39m
[38;2;35;35;46m│[1m[48;2;255;107;53m[38;2;5;5;7m BOARD [39m[49m[22m [38;2;138;138;154mj/k move · ⏎ focus · s start · x stop · H/L column · l logs · / filter[39m                 [38;2;255;107;53m:[38;2;74;74;88m cmd  [38;2;255;107;53m?[38;2;74;74;88m help[38;2;35;35;46m│[39m
[38;2;35;35;46m└────────────────────────────────────────────────────────────────────────────────────────────────────────────┘[39m
[2K[1A[2K[1A[2K[1A[2K[1A[2K[1A[2K[1A[2K[1A[2K[1A[2K[1A[2K[1A[2K[1A[2K[1A[2K[1A[2K[1A[2K[1A[2K[1A[2K[1A[2K[1A[2K[1A[2K[1A[2K[G[38;2;35;35;46m┌─────────────────────────────────────────────────────────────────────────────────[38;2;255;107;53m│[38;2;35;35;46m─[38;2;255;107;53magent started: 002-fix-[38;2;35;35;46m─[38;2;255;107;53m│[38;2;35;35;46m┐[39m
[38;2;35;35;46m│[1m[38;2;255;107;53mAPERANT[39m[22m [38;2;74;74;88m│[39m [38;2;138;138;154maperant-fixture[39m [38;2;74;74;88m/tmp/aperant-fixture[39m [38;2;74;74;88m│[39m [38;2;56;189;248m⑂ develop[39m             [38;2;255;107;53m◉[38;2;138;138;154m 1 runnin[38;2;255;107;53m└─────────────────────────┘[38;2;35;35;46m│[39m
[38;2;35;35;46m│[39m [1m[48;2;255;107;53m[38;2;5;5;7m 1 board [39m[49m[22m  [38;2;138;138;154m 2 term [39m  [38;2;138;138;154m 3 road [39m  [38;2;138;138;154m 4 chat [39m  [38;2;138;138;154m 5 tree [39m  [38;2;138;138;154m 6 set [39m  [38;2;138;138;154m 7 agents [39m                                     [38;2;35;35;46m│[39m
[38;2;35;35;46m│[39m [38;2;255;107;53m┌──────────────────────────────────────────────┐[39m [38;2;35;35;46m┌───────────────────────────────────────────────────────┐[39m [38;2;35;35;46m│[39m
[38;2;35;35;46m│[39m [38;2;255;107;53m│[39m [1m[38;2;255;107;53mTASKS[39m[22m                                        [38;2;255;107;53m│[39m [38;2;35;35;46m│[39m [38;2;138;138;154mDETAIL[39m                                                [38;2;35;35;46m│[39m [38;2;35;35;46m│[39m
[38;2;35;35;46m│[39m [38;2;255;107;53m│[39m [38;2;74;74;88m◆[38;2;138;138;154m BACKLOG [38;2;74;74;88m(1)[39m                                [38;2;255;107;53m│[39m [38;2;35;35;46m│[39m [38;2;138;138;154m002-fix-[39m [38;2;56;189;248m[QUEUED][39m                                     [38;2;35;35;46m│[39m [38;2;35;35;46m│[39m
[38;2;35;35;46m│[39m [38;2;255;107;53m│[39m [38;2;74;74;88m  [38;2;138;138;154m004-qa-l[39m [38;2;138;138;154m▽[39m [38;2;138;138;154mQA Loop Docs[38;2;74;74;88m  50%[39m               [38;2;255;107;53m│[39m [38;2;35;35;46m│[39m [38;2;232;232;240mFix Terminal Blank Screen[39m                             [38;2;35;35;46m│[39m [38;2;35;35;46m│[39m
[38;2;35;35;46m│[39m [38;2;255;107;53m│[39m [38;2;56;189;248m◆[38;2;138;138;154m QUEUE [38;2;74;74;88m(1)[39m                                  [38;2;255;107;53m│[39m [38;2;35;35;46m│[39m [38;2;138;138;154mprogress[39m [38;2;255;107;53m███████░░░░░░░[39m [38;2;232;232;240m50%[39m                           [38;2;35;35;46m│[39m [38;2;35;35;46m│[39m
[38;2;35;35;46m│[39m [38;2;255;107;53m│[39m [48;2;16;16;24m[38;2;255;107;53m❯ [38;2;138;138;154m002-fix-[39m [38;2;255;176;0m◆[39m [38;2;232;232;240mFix Terminal Blank Screen[38;2;56;189;248m  50%[39m[49m  [38;2;255;107;53m│[39m [38;2;35;35;46m│[39m [38;2;138;138;154msubtasks [38;2;232;232;240m0/2 complete[39m                                 [38;2;35;35;46m│[39m [38;2;35;35;46m│[39m
[38;2;35;35;46m│[39m [38;2;255;107;53m│[39m [38;2;255;107;53m◆[38;2;138;138;154m BUILDING [38;2;74;74;88m(1)[39m                               [38;2;255;107;53m│[39m [38;2;35;35;46m│[39m [38;2;138;138;154mphase [38;2;255;62;138midle[39m                                            [38;2;35;35;46m│[39m [38;2;35;35;46m│[39m
[38;2;35;35;46m│[39m [38;2;255;107;53m│[39m [38;2;74;74;88m  [38;2;138;138;154m001-migr[39m [38;2;255;68;68m▲[39m [38;2;138;138;154mMigrate Provider Registry[38;2;255;107;53m  50%[39m  [38;2;255;107;53m│[39m [38;2;35;35;46m│[39m [38;2;138;138;154mlocation [38;2;56;189;248mmain[38;2;138;138;154m  spec [38;2;74;74;88m002-fix-terminal-blank[39m            [38;2;35;35;46m│[39m [38;2;35;35;46m│[39m
[38;2;35;35;46m│[39m [38;2;255;107;53m│[39m [38;2;61;220;132m◆[38;2;138;138;154m DONE [38;2;74;74;88m(1)[39m                                   [38;2;255;107;53m│[39m [38;2;35;35;46m└───────────────────────────────────────────────────────┘[39m [38;2;35;35;46m│[39m
[38;2;35;35;46m│[39m [38;2;255;107;53m│[39m [38;2;74;74;88m  [38;2;138;138;154m003-arch[39m [38;2;138;138;154m▽[39m [38;2;138;138;154mArchive Button Fixes[38;2;61;220;132m  50%[39m       [38;2;255;107;53m│[39m                                                           [38;2;35;35;46m│[39m
[38;2;35;35;46m│[39m [38;2;255;107;53m│[39m                                              [38;2;255;107;53m│[39m [38;2;35;35;46m┌───────────────────────────────────────────────────────┐[39m [38;2;35;35;46m│[39m
[38;2;35;35;46m│[39m [38;2;255;107;53m│[39m                                              [38;2;255;107;53m│[39m [38;2;35;35;46m│[39m [38;2;138;138;154mAGENT STREAM[39m                                          [38;2;35;35;46m│[39m [38;2;35;35;46m│[39m
[38;2;35;35;46m│[39m [38;2;255;107;53m│[39m                                              [38;2;255;107;53m│[39m [38;2;35;35;46m│[39m [38;2;138;138;154m17:21:45 start 002-fix- → vendored AgentManager…[39m      [38;2;35;35;46m│[39m [38;2;35;35;46m│[39m
[38;2;35;35;46m│[39m [38;2;255;107;53m│[39m                                              [38;2;255;107;53m│[39m [38;2;35;35;46m│[39m [38;2;138;138;154m17:21:47 started 002-fix-: agent started — phase pla…[39m [38;2;35;35;46m│[39m [38;2;35;35;46m│[39m
[38;2;35;35;46m│[39m [38;2;255;107;53m└──────────────────────────────────────────────┘[39m [38;2;35;35;46m└───────────────────────────────────────────────────────┘[39m [38;2;35;35;46m│[39m
[38;2;35;35;46m│[1m[48;2;255;107;53m[38;2;5;5;7m BOARD [39m[49m[22m [38;2;138;138;154mj/k move · ⏎ focus · s start · x stop · H/L column · l logs · / filter[39m                 [38;2;255;107;53m:[38;2;74;74;88m cmd  [38;2;255;107;53m?[38;2;74;74;88m help[38;2;35;35;46m│[39m
[38;2;35;35;46m└────────────────────────────────────────────────────────────────────────────────────────────────────────────┘[39m
[2K[1A[2K[1A[2K[1A[2K[1A[2K[1A[2K[1A[2K[1A[2K[1A[2K[1A[2K[1A[2K[1A[2K[1A[2K[1A[2K[1A[2K[1A[2K[1A[2K[1A[2K[1A[2K[1A[2K[1A[2K[G[38;2;35;35;46m┌────────────────────────────────────────────────────────────────────────────────────────────────────────────┐[39m
[38;2;35;35;46m│[1m[38;2;255;107;53mAPERANT[39m[22m [38;2;74;74;88m│[39m [38;2;138;138;154maperant-fixture[39m [38;2;74;74;88m/tmp/aperant-fixture[39m [38;2;74;74;88m│[39m [38;2;56;189;248m⑂ develop[39m             [38;2;255;107;53m◉[38;2;138;138;154m 1 running[39m  [38;2;255;176;0m◆[38;2;138;138;154m 0 review[39m  [38;2;61;220;132m●[38;2;138;138;154m no profile[38;2;35;35;46m│[39m
[38;2;35;35;46m│[39m [1m[48;2;255;107;53m[38;2;5;5;7m 1 board [39m[49m[22m  [38;2;138;138;154m 2 term [39m  [38;2;138;138;154m 3 road [39m  [38;2;138;138;154m 4 chat [39m  [38;2;138;138;154m 5 tree [39m  [38;2;138;138;154m 6 set [39m  [38;2;138;138;154m 7 agents [39m                                     [38;2;35;35;46m│[39m
[38;2;35;35;46m│[39m [38;2;255;107;53m┌──────────────────────────────────────────────┐[39m [38;2;35;35;46m┌───────────────────────────────────────────────────────┐[39m [38;2;35;35;46m│[39m
[38;2;35;35;46m│[39m [38;2;255;107;53m│[39m [1m[38;2;255;107;53mTASKS[39m[22m                                        [38;2;255;107;53m│[39m [38;2;35;35;46m│[39m [38;2;138;138;154mDETAIL[39m                                                [38;2;35;35;46m│[39m [38;2;35;35;46m│[39m
[38;2;35;35;46m│[39m [38;2;255;107;53m│[39m [38;2;74;74;88m◆[38;2;138;138;154m BACKLOG [38;2;74;74;88m(1)[39m                                [38;2;255;107;53m│[39m [38;2;35;35;46m│[39m [38;2;138;138;154m002-fix-[39m [38;2;56;189;248m[QUEUED][39m                                     [38;2;35;35;46m│[39m [38;2;35;35;46m│[39m
[38;2;35;35;46m│[39m [38;2;255;107;53m│[39m [38;2;74;74;88m  [38;2;138;138;154m004-qa-l[39m [38;2;138;138;154m▽[39m [38;2;138;138;154mQA Loop Docs[38;2;74;74;88m  50%[39m               [38;2;255;107;53m│[39m [38;2;35;35;46m│[39m [38;2;232;232;240mFix Terminal Blank Screen[39m                             [38;2;35;35;46m│[39m [38;2;35;35;46m│[39m
[38;2;35;35;46m│[39m [38;2;255;107;53m│[39m [38;2;56;189;248m◆[38;2;138;138;154m QUEUE [38;2;74;74;88m(1)[39m                                  [38;2;255;107;53m│[39m [38;2;35;35;46m│[39m [38;2;138;138;154mprogress[39m [38;2;255;107;53m███████░░░░░░░[39m [38;2;232;232;240m50%[39m                           [38;2;35;35;46m│[39m [38;2;35;35;46m│[39m
[38;2;35;35;46m│[39m [38;2;255;107;53m│[39m [48;2;16;16;24m[38;2;255;107;53m❯ [38;2;138;138;154m002-fix-[39m [38;2;255;176;0m◆[39m [38;2;232;232;240mFix Terminal Blank Screen[38;2;56;189;248m  50%[39m[49m  [38;2;255;107;53m│[39m [38;2;35;35;46m│[39m [38;2;138;138;154msubtasks [38;2;232;232;240m0/2 complete[39m                                 [38;2;35;35;46m│[39m [38;2;35;35;46m│[39m
[38;2;35;35;46m│[39m [38;2;255;107;53m│[39m [38;2;255;107;53m◆[38;2;138;138;154m BUILDING [38;2;74;74;88m(1)[39m                               [38;2;255;107;53m│[39m [38;2;35;35;46m│[39m [38;2;138;138;154mphase [38;2;255;62;138midle[39m                                            [38;2;35;35;46m│[39m [38;2;35;35;46m│[39m
[38;2;35;35;46m│[39m [38;2;255;107;53m│[39m [38;2;74;74;88m  [38;2;138;138;154m001-migr[39m [38;2;255;68;68m▲[39m [38;2;138;138;154mMigrate Provider Registry[38;2;255;107;53m  50%[39m  [38;2;255;107;53m│[39m [38;2;35;35;46m│[39m [38;2;138;138;154mlocation [38;2;56;189;248mmain[38;2;138;138;154m  spec [38;2;74;74;88m002-fix-terminal-blank[39m            [38;2;35;35;46m│[39m [38;2;35;35;46m│[39m
[38;2;35;35;46m│[39m [38;2;255;107;53m│[39m [38;2;61;220;132m◆[38;2;138;138;154m DONE [38;2;74;74;88m(1)[39m                                   [38;2;255;107;53m│[39m [38;2;35;35;46m└───────────────────────────────────────────────────────┘[39m [38;2;35;35;46m│[39m
[38;2;35;35;46m│[39m [38;2;255;107;53m│[39m [38;2;74;74;88m  [38;2;138;138;154m003-arch[39m [38;2;138;138;154m▽[39m [38;2;138;138;154mArchive Button Fixes[38;2;61;220;132m  50%[39m       [38;2;255;107;53m│[39m                                                           [38;2;35;35;46m│[39m
[38;2;35;35;46m│[39m [38;2;255;107;53m│[39m                                              [38;2;255;107;53m│[39m [38;2;35;35;46m┌───────────────────────────────────────────────────────┐[39m [38;2;35;35;46m│[39m
[38;2;35;35;46m│[39m [38;2;255;107;53m│[39m                                              [38;2;255;107;53m│[39m [38;2;35;35;46m│[39m [38;2;138;138;154mAGENT STREAM[39m                                          [38;2;35;35;46m│[39m [38;2;35;35;46m│[39m
[38;2;35;35;46m│[39m [38;2;255;107;53m│[39m                                              [38;2;255;107;53m│[39m [38;2;35;35;46m│[39m [38;2;138;138;154m17:21:45 start 002-fix- → vendored AgentManager…[39m      [38;2;35;35;46m│[39m [38;2;35;35;46m│[39m
[38;2;35;35;46m│[39m [38;2;255;107;53m│[39m                                              [38;2;255;107;53m│[39m [38;2;35;35;46m│[39m [38;2;138;138;154m17:21:47 started 002-fix-: agent started — phase pla…[39m [38;2;35;35;46m│[39m [38;2;35;35;46m│[39m
[38;2;35;35;46m│[39m [38;2;255;107;53m└──────────────────────────────────────────────┘[39m [38;2;35;35;46m└───────────────────────────────────────────────────────┘[39m [38;2;35;35;46m│[39m
[38;2;35;35;46m│[1m[48;2;255;107;53m[38;2;5;5;7m BOARD [39m[49m[22m [38;2;138;138;154mj/k move · ⏎ focus · s start · x stop · H/L column · l logs · / filter[39m                 [38;2;255;107;53m:[38;2;74;74;88m cmd  [38;2;255;107;53m?[38;2;74;74;88m help[38;2;35;35;46m│[39m
[38;2;35;35;46m└────────────────────────────────────────────────────────────────────────────────────────────────────────────┘[39m
node:internal/modules/cjs/loader:1424
  throw err;
  ^

Error: Cannot find module '/tmp/build/aperant-tui/apps/tui/auto-claude-mcp-server.js'
[90m    at Module._resolveFilename (node:internal/modules/cjs/loader:1421:15)[39m
[90m    at defaultResolveImpl (node:internal/modules/cjs/loader:1059:19)[39m
[90m    at resolveForCJSWithHooks (node:internal/modules/cjs/loader:1064:22)[39m
[90m    at Module._load (node:internal/modules/cjs/loader:1227:37)[39m
[90m    at TracingChannel.traceSync (node:diagnostics_channel:328:14)[39m
[90m    at wrapModuleLoad (node:internal/modules/cjs/loader:245:24)[39m
[90m    at Module.executeUserEntryPoint [as runMain] (node:internal/modules/run_main:154:5)[39m
[90m    at node:internal/main/run_main_module:33:47[39m {
  code: [32m'MODULE_NOT_FOUND'[39m,
  requireStack: []
}

Node.js v24.12.0
Context7 Documentation MCP Server v4.0.2 running on stdio
RetryError [AI_RetryError]: Failed after 3 attempts. Last error: AI_APICallError: Cannot connect to API: connect EHOSTUNREACH 100.33.238.199:20128
    at createRetryError (/tmp/build/aperant-tui/apps/tui/dist/agent-worker.cjs:35437:58)
    at retryWithExponentialBackoffInternal (/tmp/build/aperant-tui/apps/tui/dist/agent-worker.cjs:18017:13)
    at process.processTicksAndRejections (node:internal/process/task_queues:103:5)
    at async streamStep (/tmp/build/aperant-tui/apps/tui/dist/agent-worker.cjs:36937:19)
    at async <anonymous> (/tmp/build/aperant-tui/apps/tui/dist/agent-worker.cjs:37290:11) {
  cause: undefined,
  reason: 'maxRetriesExceeded',
  errors: [
    APICallError [AI_APICallError]: Cannot connect to API: connect EHOSTUNREACH 100.33.238.199:20128
        at handleFetchError (/tmp/build/aperant-tui/apps/tui/dist/agent-worker.cjs:16519:14)
        at postToApi (/tmp/build/aperant-tui/apps/tui/dist/agent-worker.cjs:19149:15)
        at process.processTicksAndRejections (node:internal/process/task_queues:103:5)
        at async postJsonToApi (/tmp/build/aperant-tui/apps/tui/dist/agent-worker.cjs:19048:11)
        at async _OpenAICompatibleChatLanguageModel.doStream (/tmp/build/aperant-tui/apps/tui/dist/agent-worker.cjs:91053:54)
        at async execute (/tmp/build/aperant-tui/apps/tui/dist/agent-worker.cjs:29567:26)
        at async runWithTracingChannelSpan (/tmp/build/aperant-tui/apps/tui/dist/agent-worker.cjs:25865:12)
        at async executeLanguageModelCall (/tmp/build/aperant-tui/apps/tui/dist/agent-worker.cjs:26069:14)
        at async streamLanguageModelCall (/tmp/build/aperant-tui/apps/tui/dist/agent-worker.cjs:29565:7)
        at async retryWithExponentialBackoffInternal (/tmp/build/aperant-tui/apps/tui/dist/agent-worker.cjs:18005:12) {
      cause: [Error],
      url: 'http://home.hack.ski:20128/v1/chat/completions',
      requestBodyValues: [Object],
      statusCode: undefined,
      responseHeaders: undefined,
      responseBody: undefined,
      isRetryable: true,
      data: undefined,
      Symbol(vercel.ai.error): true,
      Symbol(vercel.ai.error.AI_APICallError): true
    },
    APICallError [AI_APICallError]: Cannot connect to API: connect EHOSTUNREACH 100.33.238.199:20128
        at handleFetchError (/tmp/build/aperant-tui/apps/tui/dist/agent-worker.cjs:16519:14)
        at postToApi (/tmp/build/aperant-tui/apps/tui/dist/agent-worker.cjs:19149:15)
        at process.processTicksAndRejections (node:internal/process/task_queues:103:5)
        at async postJsonToApi (/tmp/build/aperant-tui/apps/tui/dist/agent-worker.cjs:19048:11)
        at async _OpenAICompatibleChatLanguageModel.doStream (/tmp/build/aperant-tui/apps/tui/dist/agent-worker.cjs:91053:54)
        at async execute (/tmp/build/aperant-tui/apps/tui/dist/agent-worker.cjs:29567:26)
        at async runWithTracingChannelSpan (/tmp/build/aperant-tui/apps/tui/dist/agent-worker.cjs:25865:12)
        at async executeLanguageModelCall (/tmp/build/aperant-tui/apps/tui/dist/agent-worker.cjs:26069:14)
        at async streamLanguageModelCall (/tmp/build/aperant-tui/apps/tui/dist/agent-worker.cjs:29565:7)
        at async retryWithExponentialBackoffInternal (/tmp/build/aperant-tui/apps/tui/dist/agent-worker.cjs:18005:12) {
      cause: [Error],
      url: 'http://home.hack.ski:20128/v1/chat/completions',
      requestBodyValues: [Object],
      statusCode: undefined,
      responseHeaders: undefined,
      responseBody: undefined,
      isRetryable: true,
      data: undefined,
      Symbol(vercel.ai.error): true,
      Symbol(vercel.ai.error.AI_APICallError): true
    },
    APICallError [AI_APICallError]: Cannot connect to API: connect EHOSTUNREACH 100.33.238.199:20128
        at handleFetchError (/tmp/build/aperant-tui/apps/tui/dist/agent-worker.cjs:16519:14)
        at postToApi (/tmp/build/aperant-tui/apps/tui/dist/agent-worker.cjs:19149:15)
        at process.processTicksAndRejections (node:internal/process/task_queues:103:5)
        at async postJsonToApi (/tmp/build/aperant-tui/apps/tui/dist/agent-worker.cjs:19048:11)
        at async _OpenAICompatibleChatLanguageModel.doStream (/tmp/build/aperant-tui/apps/tui/dist/agent-worker.cjs:91053:54)
        at async execute (/tmp/build/aperant-tui/apps/tui/dist/agent-worker.cjs:29567:26)
        at async runWithTracingChannelSpan (/tmp/build/aperant-tui/apps/tui/dist/agent-worker.cjs:25865:12)
        at async executeLanguageModelCall (/tmp/build/aperant-tui/apps/tui/dist/agent-worker.cjs:26069:14)
        at async streamLanguageModelCall (/tmp/build/aperant-tui/apps/tui/dist/agent-worker.cjs:29565:7)
        at async retryWithExponentialBackoffInternal (/tmp/build/aperant-tui/apps/tui/dist/agent-worker.cjs:18005:12) {
      cause: [Error],
      url: 'http://home.hack.ski:20128/v1/chat/completions',
      requestBodyValues: [Object],
      statusCode: undefined,
      responseHeaders: undefined,
      responseBody: undefined,
      isRetryable: true,
      data: undefined,
      Symbol(vercel.ai.error): true,
      Symbol(vercel.ai.error.AI_APICallError): true
    }
  ],
  lastError: APICallError [AI_APICallError]: Cannot connect to API: connect EHOSTUNREACH 100.33.238.199:20128
      at handleFetchError (/tmp/build/aperant-tui/apps/tui/dist/agent-worker.cjs:16519:14)
      at postToApi (/tmp/build/aperant-tui/apps/tui/dist/agent-worker.cjs:19149:15)
      at process.processTicksAndRejections (node:internal/process/task_queues:103:5)
      at async postJsonToApi (/tmp/build/aperant-tui/apps/tui/dist/agent-worker.cjs:19048:11)
      at async _OpenAICompatibleChatLanguageModel.doStream (/tmp/build/aperant-tui/apps/tui/dist/agent-worker.cjs:91053:54)
      at async execute (/tmp/build/aperant-tui/apps/tui/dist/agent-worker.cjs:29567:26)
      at async runWithTracingChannelSpan (/tmp/build/aperant-tui/apps/tui/dist/agent-worker.cjs:25865:12)
      at async executeLanguageModelCall (/tmp/build/aperant-tui/apps/tui/dist/agent-worker.cjs:26069:14)
      at async streamLanguageModelCall (/tmp/build/aperant-tui/apps/tui/dist/agent-worker.cjs:29565:7)
      at async retryWithExponentialBackoffInternal (/tmp/build/aperant-tui/apps/tui/dist/agent-worker.cjs:18005:12) {
    cause: Error: connect EHOSTUNREACH 100.33.238.199:20128
        at TCPConnectWrap.afterConnect [as oncomplete] (node:net:1637:16) {
      errno: -113,
      code: 'EHOSTUNREACH',
      syscall: 'connect',
      address: '100.33.238.199',
      port: 20128
    },
    url: 'http://home.hack.ski:20128/v1/chat/completions',
    requestBodyValues: {
      model: 'kimi/kimi-for-coding',
      user: undefined,
      max_tokens: undefined,
      temperature: undefined,
      top_p: undefined,
      frequency_penalty: undefined,
      presence_penalty: undefined,
      response_format: undefined,
      stop: undefined,
      seed: undefined,
      reasoning_effort: undefined,
      verbosity: undefined,
      messages: [Array],
      tools: [Array],
      tool_choice: 'auto',
      stream: true,
      stream_options: undefined
    },
    statusCode: undefined,
    responseHeaders: undefined,
    responseBody: undefined,
    isRetryable: true,
    data: undefined,
    Symbol(vercel.ai.error): true,
    Symbol(vercel.ai.error.AI_APICallError): true
  },
  Symbol(vercel.ai.error): true,
  Symbol(vercel.ai.error.AI_RetryError): true
}
[2K[1A[2K[1A[2K[1A[2K[1A[2K[1A[2K[1A[2K[1A[2K[1A[2K[1A[2K[1A[2K[1A[2K[1A[2K[1A[2K[1A[2K[1A[2K[1A[2K[1A[2K[1A[2K[1A[2K[1A[2K[G[38;2;35;35;46m┌────────────────────────────────────────────────────────────────────────────────────────────────────────────┐[39m
[38;2;35;35;46m│[1m[38;2;255;107;53mAPERANT[39m[22m [38;2;74;74;88m│[39m [38;2;138;138;154maperant-fixture[39m [38;2;74;74;88m/tmp/aperant-fixture[39m [38;2;74;74;88m│[39m [38;2;56;189;248m⑂ develop[39m             [38;2;255;107;53m◉[38;2;138;138;154m 1 running[39m  [38;2;255;176;0m◆[38;2;138;138;154m 0 review[39m  [38;2;61;220;132m●[38;2;138;138;154m no profile[38;2;35;35;46m│[39m
[38;2;35;35;46m│[39m [1m[48;2;255;107;53m[38;2;5;5;7m 1 board [39m[49m[22m  [38;2;138;138;154m 2 term [39m  [38;2;138;138;154m 3 road [39m  [38;2;138;138;154m 4 chat [39m  [38;2;138;138;154m 5 tree [39m  [38;2;138;138;154m 6 set [39m  [38;2;138;138;154m 7 agents [39m                                     [38;2;35;35;46m│[39m
[38;2;35;35;46m│[39m [38;2;255;107;53m┌──────────────────────────────────────────────┐[39m [38;2;35;35;46m┌───────────────────────────────────────────────────────┐[39m [38;2;35;35;46m│[39m
[38;2;35;35;46m│[39m [38;2;255;107;53m│[39m [1m[38;2;255;107;53mTASKS[39m[22m                                        [38;2;255;107;53m│[39m [38;2;35;35;46m│[39m [38;2;138;138;154mDETAIL[39m                                                [38;2;35;35;46m│[39m [38;2;35;35;46m│[39m
[38;2;35;35;46m│[39m [38;2;255;107;53m│[39m [38;2;74;74;88m◆[38;2;138;138;154m BACKLOG [38;2;74;74;88m(1)[39m                                [38;2;255;107;53m│[39m [38;2;35;35;46m│[39m [38;2;138;138;154m002-fix-[39m [38;2;56;189;248m[QUEUED][39m                                     [38;2;35;35;46m│[39m [38;2;35;35;46m│[39m
[38;2;35;35;46m│[39m [38;2;255;107;53m│[39m [38;2;74;74;88m  [38;2;138;138;154m004-qa-l[39m [38;2;138;138;154m▽[39m [38;2;138;138;154mQA Loop Docs[38;2;74;74;88m  50%[39m               [38;2;255;107;53m│[39m [38;2;35;35;46m│[39m [38;2;232;232;240mFix Terminal Blank Screen[39m                             [38;2;35;35;46m│[39m [38;2;35;35;46m│[39m
[38;2;35;35;46m│[39m [38;2;255;107;53m│[39m [38;2;56;189;248m◆[38;2;138;138;154m QUEUE [38;2;74;74;88m(1)[39m                                  [38;2;255;107;53m│[39m [38;2;35;35;46m│[39m [38;2;138;138;154mprogress[39m [38;2;255;107;53m███████░░░░░░░[39m [38;2;232;232;240m50%[39m                           [38;2;35;35;46m│[39m [38;2;35;35;46m│[39m
[38;2;35;35;46m│[39m [38;2;255;107;53m│[39m [48;2;16;16;24m[38;2;255;107;53m❯ [38;2;138;138;154m002-fix-[39m [38;2;255;176;0m◆[39m [38;2;232;232;240mFix Terminal Blank Screen[38;2;56;189;248m  50%[39m[49m  [38;2;255;107;53m│[39m [38;2;35;35;46m│[39m [38;2;138;138;154msubtasks [38;2;232;232;240m1/2 complete[39m                                 [38;2;35;35;46m│[39m [38;2;35;35;46m│[39m
[38;2;35;35;46m│[39m [38;2;255;107;53m│[39m [38;2;255;107;53m◆[38;2;138;138;154m BUILDING [38;2;74;74;88m(1)[39m                               [38;2;255;107;53m│[39m [38;2;35;35;46m│[39m [38;2;138;138;154mphase [38;2;255;62;138mcoding[39m                                          [38;2;35;35;46m│[39m [38;2;35;35;46m│[39m
[38;2;35;35;46m│[39m [38;2;255;107;53m│[39m [38;2;74;74;88m  [38;2;138;138;154m001-migr[39m [38;2;255;68;68m▲[39m [38;2;138;138;154mMigrate Provider Registry[38;2;255;107;53m  50%[39m  [38;2;255;107;53m│[39m [38;2;35;35;46m│[39m [38;2;138;138;154mlocation [38;2;56;189;248mmain[38;2;138;138;154m  spec [38;2;74;74;88m002-fix-terminal-blank[39m            [38;2;35;35;46m│[39m [38;2;35;35;46m│[39m
[38;2;35;35;46m│[39m [38;2;255;107;53m│[39m [38;2;61;220;132m◆[38;2;138;138;154m DONE [38;2;74;74;88m(1)[39m                                   [38;2;255;107;53m│[39m [38;2;35;35;46m└───────────────────────────────────────────────────────┘[39m [38;2;35;35;46m│[39m
[38;2;35;35;46m│[39m [38;2;255;107;53m│[39m [38;2;74;74;88m  [38;2;138;138;154m003-arch[39m [38;2;138;138;154m▽[39m [38;2;138;138;154mArchive Button Fixes[38;2;61;220;132m  50%[39m       [38;2;255;107;53m│[39m                                                           [38;2;35;35;46m│[39m
[38;2;35;35;46m│[39m [38;2;255;107;53m│[39m                                              [38;2;255;107;53m│[39m [38;2;35;35;46m┌───────────────────────────────────────────────────────┐[39m [38;2;35;35;46m│[39m
[38;2;35;35;46m│[39m [38;2;255;107;53m│[39m                                              [38;2;255;107;53m│[39m [38;2;35;35;46m│[39m [38;2;138;138;154mAGENT STREAM[39m                                          [38;2;35;35;46m│[39m [38;2;35;35;46m│[39m
[38;2;35;35;46m│[39m [38;2;255;107;53m│[39m                                              [38;2;255;107;53m│[39m [38;2;35;35;46m│[39m [38;2;138;138;154m17:21:45 start 002-fix- → vendored AgentManager…[39m      [38;2;35;35;46m│[39m [38;2;35;35;46m│[39m
[38;2;35;35;46m│[39m [38;2;255;107;53m│[39m                                              [38;2;255;107;53m│[39m [38;2;35;35;46m│[39m [38;2;138;138;154m17:21:47 started 002-fix-: agent started — phase pla…[39m [38;2;35;35;46m│[39m [38;2;35;35;46m│[39m
[38;2;35;35;46m│[39m [38;2;255;107;53m└──────────────────────────────────────────────┘[39m [38;2;35;35;46m└───────────────────────────────────────────────────────┘[39m [38;2;35;35;46m│[39m
[38;2;35;35;46m│[1m[48;2;255;107;53m[38;2;5;5;7m BOARD [39m[49m[22m [38;2;138;138;154mj/k move · ⏎ focus · s start · x stop · H/L column · l logs · / filter[39m                 [38;2;255;107;53m:[38;2;74;74;88m cmd  [38;2;255;107;53m?[38;2;74;74;88m help[38;2;35;35;46m│[39m
[38;2;35;35;46m└────────────────────────────────────────────────────────────────────────────────────────────────────────────┘[39m
RetryError [AI_RetryError]: Failed after 3 attempts. Last error: AI_APICallError: Cannot connect to API: connect EHOSTUNREACH 100.33.238.199:20128
    at createRetryError (/tmp/build/aperant-tui/apps/tui/dist/agent-worker.cjs:35437:58)
    at retryWithExponentialBackoffInternal (/tmp/build/aperant-tui/apps/tui/dist/agent-worker.cjs:18017:13)
    at process.processTicksAndRejections (node:internal/process/task_queues:103:5)
    at async streamStep (/tmp/build/aperant-tui/apps/tui/dist/agent-worker.cjs:36937:19)
    at async <anonymous> (/tmp/build/aperant-tui/apps/tui/dist/agent-worker.cjs:37290:11) {
  cause: undefined,
  reason: 'maxRetriesExceeded',
  errors: [
    APICallError [AI_APICallError]: Cannot connect to API: connect EHOSTUNREACH 100.33.238.199:20128
        at handleFetchError (/tmp/build/aperant-tui/apps/tui/dist/agent-worker.cjs:16519:14)
        at postToApi (/tmp/build/aperant-tui/apps/tui/dist/agent-worker.cjs:19149:15)
        at process.processTicksAndRejections (node:internal/process/task_queues:103:5)
        at async postJsonToApi (/tmp/build/aperant-tui/apps/tui/dist/agent-worker.cjs:19048:11)
        at async _OpenAICompatibleChatLanguageModel.doStream (/tmp/build/aperant-tui/apps/tui/dist/agent-worker.cjs:91053:54)
        at async execute (/tmp/build/aperant-tui/apps/tui/dist/agent-worker.cjs:29567:26)
        at async runWithTracingChannelSpan (/tmp/build/aperant-tui/apps/tui/dist/agent-worker.cjs:25865:12)
        at async executeLanguageModelCall (/tmp/build/aperant-tui/apps/tui/dist/agent-worker.cjs:26069:14)
        at async streamLanguageModelCall (/tmp/build/aperant-tui/apps/tui/dist/agent-worker.cjs:29565:7)
        at async retryWithExponentialBackoffInternal (/tmp/build/aperant-tui/apps/tui/dist/agent-worker.cjs:18005:12) {
      cause: [Error],
      url: 'http://home.hack.ski:20128/v1/chat/completions',
      requestBodyValues: [Object],
      statusCode: undefined,
      responseHeaders: undefined,
      responseBody: undefined,
      isRetryable: true,
      data: undefined,
      Symbol(vercel.ai.error): true,
      Symbol(vercel.ai.error.AI_APICallError): true
    },
    APICallError [AI_APICallError]: Cannot connect to API: connect EHOSTUNREACH 100.33.238.199:20128
        at handleFetchError (/tmp/build/aperant-tui/apps/tui/dist/agent-worker.cjs:16519:14)
        at postToApi (/tmp/build/aperant-tui/apps/tui/dist/agent-worker.cjs:19149:15)
        at process.processTicksAndRejections (node:internal/process/task_queues:103:5)
        at async postJsonToApi (/tmp/build/aperant-tui/apps/tui/dist/agent-worker.cjs:19048:11)
        at async _OpenAICompatibleChatLanguageModel.doStream (/tmp/build/aperant-tui/apps/tui/dist/agent-worker.cjs:91053:54)
        at async execute (/tmp/build/aperant-tui/apps/tui/dist/agent-worker.cjs:29567:26)
        at async runWithTracingChannelSpan (/tmp/build/aperant-tui/apps/tui/dist/agent-worker.cjs:25865:12)
        at async executeLanguageModelCall (/tmp/build/aperant-tui/apps/tui/dist/agent-worker.cjs:26069:14)
        at async streamLanguageModelCall (/tmp/build/aperant-tui/apps/tui/dist/agent-worker.cjs:29565:7)
        at async retryWithExponentialBackoffInternal (/tmp/build/aperant-tui/apps/tui/dist/agent-worker.cjs:18005:12) {
      cause: [Error],
      url: 'http://home.hack.ski:20128/v1/chat/completions',
      requestBodyValues: [Object],
      statusCode: undefined,
      responseHeaders: undefined,
      responseBody: undefined,
      isRetryable: true,
      data: undefined,
      Symbol(vercel.ai.error): true,
      Symbol(vercel.ai.error.AI_APICallError): true
    },
    APICallError [AI_APICallError]: Cannot connect to API: connect EHOSTUNREACH 100.33.238.199:20128
        at handleFetchError (/tmp/build/aperant-tui/apps/tui/dist/agent-worker.cjs:16519:14)
        at postToApi (/tmp/build/aperant-tui/apps/tui/dist/agent-worker.cjs:19149:15)
        at process.processTicksAndRejections (node:internal/process/task_queues:103:5)
        at async postJsonToApi (/tmp/build/aperant-tui/apps/tui/dist/agent-worker.cjs:19048:11)
        at async _OpenAICompatibleChatLanguageModel.doStream (/tmp/build/aperant-tui/apps/tui/dist/agent-worker.cjs:91053:54)
        at async execute (/tmp/build/aperant-tui/apps/tui/dist/agent-worker.cjs:29567:26)
        at async runWithTracingChannelSpan (/tmp/build/aperant-tui/apps/tui/dist/agent-worker.cjs:25865:12)
        at async executeLanguageModelCall (/tmp/build/aperant-tui/apps/tui/dist/agent-worker.cjs:26069:14)
        at async streamLanguageModelCall (/tmp/build/aperant-tui/apps/tui/dist/agent-worker.cjs:29565:7)
        at async retryWithExponentialBackoffInternal (/tmp/build/aperant-tui/apps/tui/dist/agent-worker.cjs:18005:12) {
      cause: [Error],
      url: 'http://home.hack.ski:20128/v1/chat/completions',
      requestBodyValues: [Object],
      statusCode: undefined,
      responseHeaders: undefined,
      responseBody: undefined,
      isRetryable: true,
      data: undefined,
      Symbol(vercel.ai.error): true,
      Symbol(vercel.ai.error.AI_APICallError): true
    }
  ],
  lastError: APICallError [AI_APICallError]: Cannot connect to API: connect EHOSTUNREACH 100.33.238.199:20128
      at handleFetchError (/tmp/build/aperant-tui/apps/tui/dist/agent-worker.cjs:16519:14)
      at postToApi (/tmp/build/aperant-tui/apps/tui/dist/agent-worker.cjs:19149:15)
      at process.processTicksAndRejections (node:internal/process/task_queues:103:5)
      at async postJsonToApi (/tmp/build/aperant-tui/apps/tui/dist/agent-worker.cjs:19048:11)
      at async _OpenAICompatibleChatLanguageModel.doStream (/tmp/build/aperant-tui/apps/tui/dist/agent-worker.cjs:91053:54)
      at async execute (/tmp/build/aperant-tui/apps/tui/dist/agent-worker.cjs:29567:26)
      at async runWithTracingChannelSpan (/tmp/build/aperant-tui/apps/tui/dist/agent-worker.cjs:25865:12)
      at async executeLanguageModelCall (/tmp/build/aperant-tui/apps/tui/dist/agent-worker.cjs:26069:14)
      at async streamLanguageModelCall (/tmp/build/aperant-tui/apps/tui/dist/agent-worker.cjs:29565:7)
      at async retryWithExponentialBackoffInternal (/tmp/build/aperant-tui/apps/tui/dist/agent-worker.cjs:18005:12) {
    cause: Error: connect EHOSTUNREACH 100.33.238.199:20128
        at TCPConnectWrap.afterConnect [as oncomplete] (node:net:1637:16) {
      errno: -113,
      code: 'EHOSTUNREACH',
      syscall: 'connect',
      address: '100.33.238.199',
      port: 20128
    },
    url: 'http://home.hack.ski:20128/v1/chat/completions',
    requestBodyValues: {
      model: 'kimi/kimi-for-coding',
      user: undefined,
      max_tokens: undefined,
      temperature: undefined,
      top_p: undefined,
      frequency_penalty: undefined,
      presence_penalty: undefined,
      response_format: undefined,
      stop: undefined,
      seed: undefined,
      reasoning_effort: undefined,
      verbosity: undefined,
      messages: [Array],
      tools: [Array],
      tool_choice: 'auto',
      stream: true,
      stream_options: undefined
    },
    statusCode: undefined,
    responseHeaders: undefined,
    responseBody: undefined,
    isRetryable: true,
    data: undefined,
    Symbol(vercel.ai.error): true,
    Symbol(vercel.ai.error.AI_APICallError): true
  },
  Symbol(vercel.ai.error): true,
  Symbol(vercel.ai.error.AI_RetryError): true
}
[2K[1A[2K[1A[2K[1A[2K[1A[2K[1A[2K[1A[2K[1A[2K[1A[2K[1A[2K[1A[2K[1A[2K[1A[2K[1A[2K[1A[2K[1A[2K[1A[2K[1A[2K[1A[2K[1A[2K[1A[2K[G[38;2;35;35;46m┌────────────────────────────────────────────────────────────────────────────────────────────────────────────┐[39m
[38;2;35;35;46m│[1m[38;2;255;107;53mAPERANT[39m[22m [38;2;74;74;88m│[39m [38;2;138;138;154maperant-fixture[39m [38;2;74;74;88m/tmp/aperant-fixture[39m [38;2;74;74;88m│[39m [38;2;56;189;248m⑂ develop[39m             [38;2;255;107;53m◉[38;2;138;138;154m 1 running[39m  [38;2;255;176;0m◆[38;2;138;138;154m 0 review[39m  [38;2;61;220;132m●[38;2;138;138;154m no profile[38;2;35;35;46m│[39m
[38;2;35;35;46m│[39m [1m[48;2;255;107;53m[38;2;5;5;7m 1 board [39m[49m[22m  [38;2;138;138;154m 2 term [39m  [38;2;138;138;154m 3 road [39m  [38;2;138;138;154m 4 chat [39m  [38;2;138;138;154m 5 tree [39m  [38;2;138;138;154m 6 set [39m  [38;2;138;138;154m 7 agents [39m                                     [38;2;35;35;46m│[39m
[38;2;35;35;46m│[39m [38;2;255;107;53m┌──────────────────────────────────────────────┐[39m [38;2;35;35;46m┌───────────────────────────────────────────────────────┐[39m [38;2;35;35;46m│[39m
[38;2;35;35;46m│[39m [38;2;255;107;53m│[39m [1m[38;2;255;107;53mTASKS[39m[22m                                        [38;2;255;107;53m│[39m [38;2;35;35;46m│[39m [38;2;138;138;154mDETAIL[39m                                                [38;2;35;35;46m│[39m [38;2;35;35;46m│[39m
[38;2;35;35;46m│[39m [38;2;255;107;53m│[39m [38;2;74;74;88m◆[38;2;138;138;154m BACKLOG [38;2;74;74;88m(1)[39m                                [38;2;255;107;53m│[39m [38;2;35;35;46m│[39m [38;2;138;138;154m002-fix-[39m [38;2;56;189;248m[QUEUED][39m                                     [38;2;35;35;46m│[39m [38;2;35;35;46m│[39m
[38;2;35;35;46m│[39m [38;2;255;107;53m│[39m [38;2;74;74;88m  [38;2;138;138;154m004-qa-l[39m [38;2;138;138;154m▽[39m [38;2;138;138;154mQA Loop Docs[38;2;74;74;88m  50%[39m               [38;2;255;107;53m│[39m [38;2;35;35;46m│[39m [38;2;232;232;240mFix Terminal Blank Screen[39m                             [38;2;35;35;46m│[39m [38;2;35;35;46m│[39m
[38;2;35;35;46m│[39m [38;2;255;107;53m│[39m [38;2;56;189;248m◆[38;2;138;138;154m QUEUE [38;2;74;74;88m(1)[39m                                  [38;2;255;107;53m│[39m [38;2;35;35;46m│[39m [38;2;138;138;154mprogress[39m [38;2;255;107;53m███████░░░░░░░[39m [38;2;232;232;240m50%[39m                           [38;2;35;35;46m│[39m [38;2;35;35;46m│[39m
[38;2;35;35;46m│[39m [38;2;255;107;53m│[39m [48;2;16;16;24m[38;2;255;107;53m❯ [38;2;138;138;154m002-fix-[39m [38;2;255;176;0m◆[39m [38;2;232;232;240mFix Terminal Blank Screen[38;2;56;189;248m  50%[39m[49m  [38;2;255;107;53m│[39m [38;2;35;35;46m│[39m [38;2;138;138;154msubtasks [38;2;232;232;240m2/2 complete[39m                                 [38;2;35;35;46m│[39m [38;2;35;35;46m│[39m
[38;2;35;35;46m│[39m [38;2;255;107;53m│[39m [38;2;255;107;53m◆[38;2;138;138;154m BUILDING [38;2;74;74;88m(1)[39m                               [38;2;255;107;53m│[39m [38;2;35;35;46m│[39m [38;2;138;138;154mphase [38;2;255;62;138mcoding[39m                                          [38;2;35;35;46m│[39m [38;2;35;35;46m│[39m
[38;2;35;35;46m│[39m [38;2;255;107;53m│[39m [38;2;74;74;88m  [38;2;138;138;154m001-migr[39m [38;2;255;68;68m▲[39m [38;2;138;138;154mMigrate Provider Registry[38;2;255;107;53m  50%[39m  [38;2;255;107;53m│[39m [38;2;35;35;46m│[39m [38;2;138;138;154mlocation [38;2;56;189;248mmain[38;2;138;138;154m  spec [38;2;74;74;88m002-fix-terminal-blank[39m            [38;2;35;35;46m│[39m [38;2;35;35;46m│[39m
[38;2;35;35;46m│[39m [38;2;255;107;53m│[39m [38;2;61;220;132m◆[38;2;138;138;154m DONE [38;2;74;74;88m(1)[39m                                   [38;2;255;107;53m│[39m [38;2;35;35;46m└───────────────────────────────────────────────────────┘[39m [38;2;35;35;46m│[39m
[38;2;35;35;46m│[39m [38;2;255;107;53m│[39m [38;2;74;74;88m  [38;2;138;138;154m003-arch[39m [38;2;138;138;154m▽[39m [38;2;138;138;154mArchive Button Fixes[38;2;61;220;132m  50%[39m       [38;2;255;107;53m│[39m                                                           [38;2;35;35;46m│[39m
[38;2;35;35;46m│[39m [38;2;255;107;53m│[39m                                              [38;2;255;107;53m│[39m [38;2;35;35;46m┌───────────────────────────────────────────────────────┐[39m [38;2;35;35;46m│[39m
[38;2;35;35;46m│[39m [38;2;255;107;53m│[39m                                              [38;2;255;107;53m│[39m [38;2;35;35;46m│[39m [38;2;138;138;154mAGENT STREAM[39m                                          [38;2;35;35;46m│[39m [38;2;35;35;46m│[39m
[38;2;35;35;46m│[39m [38;2;255;107;53m│[39m                                              [38;2;255;107;53m│[39m [38;2;35;35;46m│[39m [38;2;138;138;154m17:21:45 start 002-fix- → vendored AgentManager…[39m      [38;2;35;35;46m│[39m [38;2;35;35;46m│[39m
[38;2;35;35;46m│[39m [38;2;255;107;53m│[39m                                              [38;2;255;107;53m│[39m [38;2;35;35;46m│[39m [38;2;138;138;154m17:21:47 started 002-fix-: agent started — phase pla…[39m [38;2;35;35;46m│[39m [38;2;35;35;46m│[39m
[38;2;35;35;46m│[39m [38;2;255;107;53m└──────────────────────────────────────────────┘[39m [38;2;35;35;46m└───────────────────────────────────────────────────────┘[39m [38;2;35;35;46m│[39m
[38;2;35;35;46m│[1m[48;2;255;107;53m[38;2;5;5;7m BOARD [39m[49m[22m [38;2;138;138;154mj/k move · ⏎ focus · s start · x stop · H/L column · l logs · / filter[39m                 [38;2;255;107;53m:[38;2;74;74;88m cmd  [38;2;255;107;53m?[38;2;74;74;88m help[38;2;35;35;46m│[39m
[38;2;35;35;46m└────────────────────────────────────────────────────────────────────────────────────────────────────────────┘[39m
[2K[1A[2K[1A[2K[1A[2K[1A[2K[1A[2K[1A[2K[1A[2K[1A[2K[1A[2K[1A[2K[1A[2K[1A[2K[1A[2K[1A[2K[1A[2K[1A[2K[1A[2K[1A[2K[1A[2K[1A[2K[G[ProjectStore] Auto-correcting task 002-fix-terminal-blank: all 2 subtasks completed but status was queue. Setting to human_review.
[38;2;35;35;46m┌────────────────────────────────────────────────────────────────────────────────────────────────────────────┐[39m
[38;2;35;35;46m│[1m[38;2;255;107;53mAPERANT[39m[22m [38;2;74;74;88m│[39m [38;2;138;138;154maperant-fixture[39m [38;2;74;74;88m/tmp/aperant-fixture[39m [38;2;74;74;88m│[39m [38;2;56;189;248m⑂ develop[39m             [38;2;255;107;53m◉[38;2;138;138;154m 1 running[39m  [38;2;255;176;0m◆[38;2;138;138;154m 0 review[39m  [38;2;61;220;132m●[38;2;138;138;154m no profile[38;2;35;35;46m│[39m
[38;2;35;35;46m│[39m [1m[48;2;255;107;53m[38;2;5;5;7m 1 board [39m[49m[22m  [38;2;138;138;154m 2 term [39m  [38;2;138;138;154m 3 road [39m  [38;2;138;138;154m 4 chat [39m  [38;2;138;138;154m 5 tree [39m  [38;2;138;138;154m 6 set [39m  [38;2;138;138;154m 7 agents [39m                                     [38;2;35;35;46m│[39m
[38;2;35;35;46m│[39m [38;2;255;107;53m┌──────────────────────────────────────────────┐[39m [38;2;35;35;46m┌───────────────────────────────────────────────────────┐[39m [38;2;35;35;46m│[39m
[38;2;35;35;46m│[39m [38;2;255;107;53m│[39m [1m[38;2;255;107;53mTASKS[39m[22m                                        [38;2;255;107;53m│[39m [38;2;35;35;46m│[39m [38;2;138;138;154mDETAIL[39m                                                [38;2;35;35;46m│[39m [38;2;35;35;46m│[39m
[38;2;35;35;46m│[39m [38;2;255;107;53m│[39m [38;2;74;74;88m◆[38;2;138;138;154m BACKLOG [38;2;74;74;88m(1)[39m                                [38;2;255;107;53m│[39m [38;2;35;35;46m│[39m [38;2;138;138;154m002-fix-[39m [38;2;56;189;248m[QUEUED][39m                                     [38;2;35;35;46m│[39m [38;2;35;35;46m│[39m
[38;2;35;35;46m│[39m [38;2;255;107;53m│[39m [38;2;74;74;88m  [38;2;138;138;154m004-qa-l[39m [38;2;138;138;154m▽[39m [38;2;138;138;154mQA Loop Docs[38;2;74;74;88m  50%[39m               [38;2;255;107;53m│[39m [38;2;35;35;46m│[39m [38;2;232;232;240mFix Terminal Blank Screen[39m                             [38;2;35;35;46m│[39m [38;2;35;35;46m│[39m
[38;2;35;35;46m│[39m [38;2;255;107;53m│[39m [38;2;56;189;248m◆[38;2;138;138;154m QUEUE [38;2;74;74;88m(1)[39m                                  [38;2;255;107;53m│[39m [38;2;35;35;46m│[39m [38;2;138;138;154mprogress[39m [38;2;255;107;53m███████░░░░░░░[39m [38;2;232;232;240m50%[39m                           [38;2;35;35;46m│[39m [38;2;35;35;46m│[39m
[38;2;35;35;46m│[39m [38;2;255;107;53m│[39m [48;2;16;16;24m[38;2;255;107;53m❯ [38;2;138;138;154m002-fix-[39m [38;2;255;176;0m◆[39m [38;2;232;232;240mFix Terminal Blank Screen[38;2;56;189;248m  50%[39m[49m  [38;2;255;107;53m│[39m [38;2;35;35;46m│[39m [38;2;138;138;154msubtasks [38;2;232;232;240m2/2 complete[39m                                 [38;2;35;35;46m│[39m [38;2;35;35;46m│[39m
[38;2;35;35;46m│[39m [38;2;255;107;53m│[39m [38;2;255;107;53m◆[38;2;138;138;154m BUILDING [38;2;74;74;88m(1)[39m                               [38;2;255;107;53m│[39m [38;2;35;35;46m│[39m [38;2;138;138;154mphase [38;2;255;62;138mcoding[39m                                          [38;2;35;35;46m│[39m [38;2;35;35;46m│[39m
[38;2;35;35;46m│[39m [38;2;255;107;53m│[39m [38;2;74;74;88m  [38;2;138;138;154m001-migr[39m [38;2;255;68;68m▲[39m [38;2;138;138;154mMigrate Provider Registry[38;2;255;107;53m  50%[39m  [38;2;255;107;53m│[39m [38;2;35;35;46m│[39m [38;2;138;138;154mlocation [38;2;56;189;248mmain[38;2;138;138;154m  spec [38;2;74;74;88m002-fix-terminal-blank[39m            [38;2;35;35;46m│[39m [38;2;35;35;46m│[39m
[38;2;35;35;46m│[39m [38;2;255;107;53m│[39m [38;2;61;220;132m◆[38;2;138;138;154m DONE [38;2;74;74;88m(1)[39m                                   [38;2;255;107;53m│[39m [38;2;35;35;46m└───────────────────────────────────────────────────────┘[39m [38;2;35;35;46m│[39m
[38;2;35;35;46m│[39m [38;2;255;107;53m│[39m [38;2;74;74;88m  [38;2;138;138;154m003-arch[39m [38;2;138;138;154m▽[39m [38;2;138;138;154mArchive Button Fixes[38;2;61;220;132m  50%[39m       [38;2;255;107;53m│[39m                                                           [38;2;35;35;46m│[39m
[38;2;35;35;46m│[39m [38;2;255;107;53m│[39m                                              [38;2;255;107;53m│[39m [38;2;35;35;46m┌───────────────────────────────────────────────────────┐[39m [38;2;35;35;46m│[39m
[38;2;35;35;46m│[39m [38;2;255;107;53m│[39m                                              [38;2;255;107;53m│[39m [38;2;35;35;46m│[39m [38;2;138;138;154mAGENT STREAM[39m                                          [38;2;35;35;46m│[39m [38;2;35;35;46m│[39m
[38;2;35;35;46m│[39m [38;2;255;107;53m│[39m                                              [38;2;255;107;53m│[39m [38;2;35;35;46m│[39m [38;2;138;138;154m17:21:45 start 002-fix- → vendored AgentManager…[39m      [38;2;35;35;46m│[39m [38;2;35;35;46m│[39m
[38;2;35;35;46m│[39m [38;2;255;107;53m│[39m                                              [38;2;255;107;53m│[39m [38;2;35;35;46m│[39m [38;2;138;138;154m17:21:47 started 002-fix-: agent started — phase pla…[39m [38;2;35;35;46m│[39m [38;2;35;35;46m│[39m
[38;2;35;35;46m│[39m [38;2;255;107;53m└──────────────────────────────────────────────┘[39m [38;2;35;35;46m└───────────────────────────────────────────────────────┘[39m [38;2;35;35;46m│[39m
[38;2;35;35;46m│[1m[48;2;255;107;53m[38;2;5;5;7m BOARD [39m[49m[22m [38;2;138;138;154mj/k move · ⏎ focus · s start · x stop · H/L column · l logs · / filter[39m                 [38;2;255;107;53m:[38;2;74;74;88m cmd  [38;2;255;107;53m?[38;2;74;74;88m help[38;2;35;35;46m│[39m
[38;2;35;35;46m└────────────────────────────────────────────────────────────────────────────────────────────────────────────┘[39m
[2K[1A[2K[1A[2K[1A[2K[1A[2K[1A[2K[1A[2K[1A[2K[1A[2K[1A[2K[1A[2K[1A[2K[1A[2K[1A[2K[1A[2K[1A[2K[1A[2K[1A[2K[1A[2K[1A[2K[1A[2K[G[ProjectStore] Persisted corrected status for task 002-fix-terminal-blank
[38;2;35;35;46m┌────────────────────────────────────────────────────────────────────────────────────────────────────────────┐[39m
[38;2;35;35;46m│[1m[38;2;255;107;53mAPERANT[39m[22m [38;2;74;74;88m│[39m [38;2;138;138;154maperant-fixture[39m [38;2;74;74;88m/tmp/aperant-fixture[39m [38;2;74;74;88m│[39m [38;2;56;189;248m⑂ develop[39m             [38;2;255;107;53m◉[38;2;138;138;154m 1 running[39m  [38;2;255;176;0m◆[38;2;138;138;154m 0 review[39m  [38;2;61;220;132m●[38;2;138;138;154m no profile[38;2;35;35;46m│[39m
[38;2;35;35;46m│[39m [1m[48;2;255;107;53m[38;2;5;5;7m 1 board [39m[49m[22m  [38;2;138;138;154m 2 term [39m  [38;2;138;138;154m 3 road [39m  [38;2;138;138;154m 4 chat [39m  [38;2;138;138;154m 5 tree [39m  [38;2;138;138;154m 6 set [39m  [38;2;138;138;154m 7 agents [39m                                     [38;2;35;35;46m│[39m
[38;2;35;35;46m│[39m [38;2;255;107;53m┌──────────────────────────────────────────────┐[39m [38;2;35;35;46m┌───────────────────────────────────────────────────────┐[39m [38;2;35;35;46m│[39m
[38;2;35;35;46m│[39m [38;2;255;107;53m│[39m [1m[38;2;255;107;53mTASKS[39m[22m                                        [38;2;255;107;53m│[39m [38;2;35;35;46m│[39m [38;2;138;138;154mDETAIL[39m                                                [38;2;35;35;46m│[39m [38;2;35;35;46m│[39m
[38;2;35;35;46m│[39m [38;2;255;107;53m│[39m [38;2;74;74;88m◆[38;2;138;138;154m BACKLOG [38;2;74;74;88m(1)[39m                                [38;2;255;107;53m│[39m [38;2;35;35;46m│[39m [38;2;138;138;154m002-fix-[39m [38;2;56;189;248m[QUEUED][39m                                     [38;2;35;35;46m│[39m [38;2;35;35;46m│[39m
[38;2;35;35;46m│[39m [38;2;255;107;53m│[39m [38;2;74;74;88m  [38;2;138;138;154m004-qa-l[39m [38;2;138;138;154m▽[39m [38;2;138;138;154mQA Loop Docs[38;2;74;74;88m  50%[39m               [38;2;255;107;53m│[39m [38;2;35;35;46m│[39m [38;2;232;232;240mFix Terminal Blank Screen[39m                             [38;2;35;35;46m│[39m [38;2;35;35;46m│[39m
[38;2;35;35;46m│[39m [38;2;255;107;53m│[39m [38;2;56;189;248m◆[38;2;138;138;154m QUEUE [38;2;74;74;88m(1)[39m                                  [38;2;255;107;53m│[39m [38;2;35;35;46m│[39m [38;2;138;138;154mprogress[39m [38;2;255;107;53m███████░░░░░░░[39m [38;2;232;232;240m50%[39m                           [38;2;35;35;46m│[39m [38;2;35;35;46m│[39m
[38;2;35;35;46m│[39m [38;2;255;107;53m│[39m [48;2;16;16;24m[38;2;255;107;53m❯ [38;2;138;138;154m002-fix-[39m [38;2;255;176;0m◆[39m [38;2;232;232;240mFix Terminal Blank Screen[38;2;56;189;248m  50%[39m[49m  [38;2;255;107;53m│[39m [38;2;35;35;46m│[39m [38;2;138;138;154msubtasks [38;2;232;232;240m2/2 complete[39m                                 [38;2;35;35;46m│[39m [38;2;35;35;46m│[39m
[38;2;35;35;46m│[39m [38;2;255;107;53m│[39m [38;2;255;107;53m◆[38;2;138;138;154m BUILDING [38;2;74;74;88m(1)[39m                               [38;2;255;107;53m│[39m [38;2;35;35;46m│[39m [38;2;138;138;154mphase [38;2;255;62;138mcoding[39m                                          [38;2;35;35;46m│[39m [38;2;35;35;46m│[39m
[38;2;35;35;46m│[39m [38;2;255;107;53m│[39m [38;2;74;74;88m  [38;2;138;138;154m001-migr[39m [38;2;255;68;68m▲[39m [38;2;138;138;154mMigrate Provider Registry[38;2;255;107;53m  50%[39m  [38;2;255;107;53m│[39m [38;2;35;35;46m│[39m [38;2;138;138;154mlocation [38;2;56;189;248mmain[38;2;138;138;154m  spec [38;2;74;74;88m002-fix-terminal-blank[39m            [38;2;35;35;46m│[39m [38;2;35;35;46m│[39m
[38;2;35;35;46m│[39m [38;2;255;107;53m│[39m [38;2;61;220;132m◆[38;2;138;138;154m DONE [38;2;74;74;88m(1)[39m                                   [38;2;255;107;53m│[39m [38;2;35;35;46m└───────────────────────────────────────────────────────┘[39m [38;2;35;35;46m│[39m
[38;2;35;35;46m│[39m [38;2;255;107;53m│[39m [38;2;74;74;88m  [38;2;138;138;154m003-arch[39m [38;2;138;138;154m▽[39m [38;2;138;138;154mArchive Button Fixes[38;2;61;220;132m  50%[39m       [38;2;255;107;53m│[39m                                                           [38;2;35;35;46m│[39m
[38;2;35;35;46m│[39m [38;2;255;107;53m│[39m                                              [38;2;255;107;53m│[39m [38;2;35;35;46m┌───────────────────────────────────────────────────────┐[39m [38;2;35;35;46m│[39m
[38;2;35;35;46m│[39m [38;2;255;107;53m│[39m                                              [38;2;255;107;53m│[39m [38;2;35;35;46m│[39m [38;2;138;138;154mAGENT STREAM[39m                                          [38;2;35;35;46m│[39m [38;2;35;35;46m│[39m
[38;2;35;35;46m│[39m [38;2;255;107;53m│[39m                                              [38;2;255;107;53m│[39m [38;2;35;35;46m│[39m [38;2;138;138;154m17:21:45 start 002-fix- → vendored AgentManager…[39m      [38;2;35;35;46m│[39m [38;2;35;35;46m│[39m
[38;2;35;35;46m│[39m [38;2;255;107;53m│[39m                                              [38;2;255;107;53m│[39m [38;2;35;35;46m│[39m [38;2;138;138;154m17:21:47 started 002-fix-: agent started — phase pla…[39m [38;2;35;35;46m│[39m [38;2;35;35;46m│[39m
[38;2;35;35;46m│[39m [38;2;255;107;53m└──────────────────────────────────────────────┘[39m [38;2;35;35;46m└───────────────────────────────────────────────────────┘[39m [38;2;35;35;46m│[39m
[38;2;35;35;46m│[1m[48;2;255;107;53m[38;2;5;5;7m BOARD [39m[49m[22m [38;2;138;138;154mj/k move · ⏎ focus · s start · x stop · H/L column · l logs · / filter[39m                 [38;2;255;107;53m:[38;2;74;74;88m cmd  [38;2;255;107;53m?[38;2;74;74;88m help[38;2;35;35;46m│[39m
[38;2;35;35;46m└────────────────────────────────────────────────────────────────────────────────────────────────────────────┘[39m
[2K[1A[2K[1A[2K[1A[2K[1A[2K[1A[2K[1A[2K[1A[2K[1A[2K[1A[2K[1A[2K[1A[2K[1A[2K[1A[2K[1A[2K[1A[2K[1A[2K[1A[2K[1A[2K[1A[2K[1A[2K[G[38;2;35;35;46m┌────────────────────────────────────────────────────────────────────────────────────────────────────────────┐[39m
[38;2;35;35;46m│[1m[38;2;255;107;53mAPERANT[39m[22m [38;2;74;74;88m│[39m [38;2;138;138;154maperant-fixture[39m [38;2;74;74;88m/tmp/aperant-fixture[39m [38;2;74;74;88m│[39m [38;2;56;189;248m⑂ develop[39m             [38;2;255;107;53m◉[38;2;138;138;154m 1 running[39m  [38;2;255;176;0m◆[38;2;138;138;154m 1 review[39m  [38;2;61;220;132m●[38;2;138;138;154m no profile[38;2;35;35;46m│[39m
[38;2;35;35;46m│[39m [1m[48;2;255;107;53m[38;2;5;5;7m 1 board [39m[49m[22m  [38;2;138;138;154m 2 term [39m  [38;2;138;138;154m 3 road [39m  [38;2;138;138;154m 4 chat [39m  [38;2;138;138;154m 5 tree [39m  [38;2;138;138;154m 6 set [39m  [38;2;138;138;154m 7 agents [39m                                     [38;2;35;35;46m│[39m
[38;2;35;35;46m│[39m [38;2;255;107;53m┌──────────────────────────────────────────────┐[39m [38;2;35;35;46m┌───────────────────────────────────────────────────────┐[39m [38;2;35;35;46m│[39m
[38;2;35;35;46m│[39m [38;2;255;107;53m│[39m [1m[38;2;255;107;53mTASKS[39m[22m                                        [38;2;255;107;53m│[39m [38;2;35;35;46m│[39m [38;2;138;138;154mDETAIL[39m                                                [38;2;35;35;46m│[39m [38;2;35;35;46m│[39m
[38;2;35;35;46m│[39m [38;2;255;107;53m│[39m [38;2;74;74;88m◆[38;2;138;138;154m BACKLOG [38;2;74;74;88m(1)[39m                                [38;2;255;107;53m│[39m [38;2;35;35;46m│[39m [38;2;138;138;154m002-fix-[39m [38;2;255;62;138m[REVIEW][39m                                     [38;2;35;35;46m│[39m [38;2;35;35;46m│[39m
[38;2;35;35;46m│[39m [38;2;255;107;53m│[39m [38;2;74;74;88m  [38;2;138;138;154m004-qa-l[39m [38;2;138;138;154m▽[39m [38;2;138;138;154mQA Loop Docs[38;2;74;74;88m  50%[39m               [38;2;255;107;53m│[39m [38;2;35;35;46m│[39m [38;2;232;232;240mFix Terminal Blank Screen[39m                             [38;2;35;35;46m│[39m [38;2;35;35;46m│[39m
[38;2;35;35;46m│[39m [38;2;255;107;53m│[39m [38;2;255;107;53m◆[38;2;138;138;154m BUILDING [38;2;74;74;88m(1)[39m                               [38;2;255;107;53m│[39m [38;2;35;35;46m│[39m [38;2;138;138;154mprogress[39m [38;2;255;107;53m███████░░░░░░░[39m [38;2;232;232;240m50%[39m                           [38;2;35;35;46m│[39m [38;2;35;35;46m│[39m
[38;2;35;35;46m│[39m [38;2;255;107;53m│[39m [38;2;74;74;88m  [38;2;138;138;154m001-migr[39m [38;2;255;68;68m▲[39m [38;2;138;138;154mMigrate Provider Registry[38;2;255;107;53m  50%[39m  [38;2;255;107;53m│[39m [38;2;35;35;46m│[39m [38;2;138;138;154msubtasks [38;2;232;232;240m2/2 complete[39m                                 [38;2;35;35;46m│[39m [38;2;35;35;46m│[39m
[38;2;35;35;46m│[39m [38;2;255;107;53m│[39m [38;2;255;62;138m◆[38;2;138;138;154m HUMAN [38;2;74;74;88m(1)[39m                                  [38;2;255;107;53m│[39m [38;2;35;35;46m│[39m [38;2;138;138;154mphase [38;2;255;62;138mcomplete[39m                                        [38;2;35;35;46m│[39m [38;2;35;35;46m│[39m
[38;2;35;35;46m│[39m [38;2;255;107;53m│[39m [48;2;16;16;24m[38;2;255;107;53m❯ [38;2;138;138;154m002-fix-[39m [38;2;255;176;0m◆[39m [38;2;232;232;240mFix Terminal Blank Screen[38;2;255;62;138m  50%[39m[49m  [38;2;255;107;53m│[39m [38;2;35;35;46m│[39m [38;2;138;138;154mlocation [38;2;56;189;248mmain[38;2;138;138;154m  spec [38;2;74;74;88m002-fix-terminal-blank[39m            [38;2;35;35;46m│[39m [38;2;35;35;46m│[39m
[38;2;35;35;46m│[39m [38;2;255;107;53m│[39m [38;2;61;220;132m◆[38;2;138;138;154m DONE [38;2;74;74;88m(1)[39m                                   [38;2;255;107;53m│[39m [38;2;35;35;46m└───────────────────────────────────────────────────────┘[39m [38;2;35;35;46m│[39m
[38;2;35;35;46m│[39m [38;2;255;107;53m│[39m [38;2;74;74;88m  [38;2;138;138;154m003-arch[39m [38;2;138;138;154m▽[39m [38;2;138;138;154mArchive Button Fixes[38;2;61;220;132m  50%[39m       [38;2;255;107;53m│[39m                                                           [38;2;35;35;46m│[39m
[38;2;35;35;46m│[39m [38;2;255;107;53m│[39m                                              [38;2;255;107;53m│[39m [38;2;35;35;46m┌───────────────────────────────────────────────────────┐[39m [38;2;35;35;46m│[39m
[38;2;35;35;46m│[39m [38;2;255;107;53m│[39m                                              [38;2;255;107;53m│[39m [38;2;35;35;46m│[39m [38;2;138;138;154mAGENT STREAM[39m                                          [38;2;35;35;46m│[39m [38;2;35;35;46m│[39m
[38;2;35;35;46m│[39m [38;2;255;107;53m│[39m                                              [38;2;255;107;53m│[39m [38;2;35;35;46m│[39m [38;2;138;138;154m17:21:45 start 002-fix- → vendored AgentManager…[39m      [38;2;35;35;46m│[39m [38;2;35;35;46m│[39m
[38;2;35;35;46m│[39m [38;2;255;107;53m│[39m                                              [38;2;255;107;53m│[39m [38;2;35;35;46m│[39m [38;2;138;138;154m17:21:47 started 002-fix-: agent started — phase pla…[39m [38;2;35;35;46m│[39m [38;2;35;35;46m│[39m
[38;2;35;35;46m│[39m [38;2;255;107;53m└──────────────────────────────────────────────┘[39m [38;2;35;35;46m└───────────────────────────────────────────────────────┘[39m [38;2;35;35;46m│[39m
[38;2;35;35;46m│[1m[48;2;255;107;53m[38;2;5;5;7m BOARD [39m[49m[22m [38;2;138;138;154mj/k move · ⏎ focus · s start · x stop · H/L column · l logs · / filter[39m                 [38;2;255;107;53m:[38;2;74;74;88m cmd  [38;2;255;107;53m?[38;2;74;74;88m help[38;2;35;35;46m│[39m
[38;2;35;35;46m└────────────────────────────────────────────────────────────────────────────────────────────────────────────┘[39m
RetryError [AI_RetryError]: Failed after 3 attempts. Last error: AI_APICallError: Cannot connect to API: connect EHOSTUNREACH 100.33.238.199:20128
    at createRetryError (/tmp/build/aperant-tui/apps/tui/dist/agent-worker.cjs:35437:58)
    at retryWithExponentialBackoffInternal (/tmp/build/aperant-tui/apps/tui/dist/agent-worker.cjs:18017:13)
    at process.processTicksAndRejections (node:internal/process/task_queues:103:5)
    at async streamStep (/tmp/build/aperant-tui/apps/tui/dist/agent-worker.cjs:36937:19)
    at async <anonymous> (/tmp/build/aperant-tui/apps/tui/dist/agent-worker.cjs:37290:11) {
  cause: undefined,
  reason: 'maxRetriesExceeded',
  errors: [
    APICallError [AI_APICallError]: Cannot connect to API: connect EHOSTUNREACH 100.33.238.199:20128
        at handleFetchError (/tmp/build/aperant-tui/apps/tui/dist/agent-worker.cjs:16519:14)
        at postToApi (/tmp/build/aperant-tui/apps/tui/dist/agent-worker.cjs:19149:15)
        at process.processTicksAndRejections (node:internal/process/task_queues:103:5)
        at async postJsonToApi (/tmp/build/aperant-tui/apps/tui/dist/agent-worker.cjs:19048:11)
        at async _OpenAICompatibleChatLanguageModel.doStream (/tmp/build/aperant-tui/apps/tui/dist/agent-worker.cjs:91053:54)
        at async execute (/tmp/build/aperant-tui/apps/tui/dist/agent-worker.cjs:29567:26)
        at async runWithTracingChannelSpan (/tmp/build/aperant-tui/apps/tui/dist/agent-worker.cjs:25865:12)
        at async executeLanguageModelCall (/tmp/build/aperant-tui/apps/tui/dist/agent-worker.cjs:26069:14)
        at async streamLanguageModelCall (/tmp/build/aperant-tui/apps/tui/dist/agent-worker.cjs:29565:7)
        at async retryWithExponentialBackoffInternal (/tmp/build/aperant-tui/apps/tui/dist/agent-worker.cjs:18005:12) {
      cause: [Error],
      url: 'http://home.hack.ski:20128/v1/chat/completions',
      requestBodyValues: [Object],
      statusCode: undefined,
      responseHeaders: undefined,
      responseBody: undefined,
      isRetryable: true,
      data: undefined,
      Symbol(vercel.ai.error): true,
      Symbol(vercel.ai.error.AI_APICallError): true
    },
    APICallError [AI_APICallError]: Cannot connect to API: connect EHOSTUNREACH 100.33.238.199:20128
        at handleFetchError (/tmp/build/aperant-tui/apps/tui/dist/agent-worker.cjs:16519:14)
        at postToApi (/tmp/build/aperant-tui/apps/tui/dist/agent-worker.cjs:19149:15)
        at process.processTicksAndRejections (node:internal/process/task_queues:103:5)
        at async postJsonToApi (/tmp/build/aperant-tui/apps/tui/dist/agent-worker.cjs:19048:11)
        at async _OpenAICompatibleChatLanguageModel.doStream (/tmp/build/aperant-tui/apps/tui/dist/agent-worker.cjs:91053:54)
        at async execute (/tmp/build/aperant-tui/apps/tui/dist/agent-worker.cjs:29567:26)
        at async runWithTracingChannelSpan (/tmp/build/aperant-tui/apps/tui/dist/agent-worker.cjs:25865:12)
        at async executeLanguageModelCall (/tmp/build/aperant-tui/apps/tui/dist/agent-worker.cjs:26069:14)
        at async streamLanguageModelCall (/tmp/build/aperant-tui/apps/tui/dist/agent-worker.cjs:29565:7)
        at async retryWithExponentialBackoffInternal (/tmp/build/aperant-tui/apps/tui/dist/agent-worker.cjs:18005:12) {
      cause: [Error],
      url: 'http://home.hack.ski:20128/v1/chat/completions',
      requestBodyValues: [Object],
      statusCode: undefined,
      responseHeaders: undefined,
      responseBody: undefined,
      isRetryable: true,
      data: undefined,
      Symbol(vercel.ai.error): true,
      Symbol(vercel.ai.error.AI_APICallError): true
    },
    APICallError [AI_APICallError]: Cannot connect to API: connect EHOSTUNREACH 100.33.238.199:20128
        at handleFetchError (/tmp/build/aperant-tui/apps/tui/dist/agent-worker.cjs:16519:14)
        at postToApi (/tmp/build/aperant-tui/apps/tui/dist/agent-worker.cjs:19149:15)
        at process.processTicksAndRejections (node:internal/process/task_queues:103:5)
        at async postJsonToApi (/tmp/build/aperant-tui/apps/tui/dist/agent-worker.cjs:19048:11)
        at async _OpenAICompatibleChatLanguageModel.doStream (/tmp/build/aperant-tui/apps/tui/dist/agent-worker.cjs:91053:54)
        at async execute (/tmp/build/aperant-tui/apps/tui/dist/agent-worker.cjs:29567:26)
        at async runWithTracingChannelSpan (/tmp/build/aperant-tui/apps/tui/dist/agent-worker.cjs:25865:12)
        at async executeLanguageModelCall (/tmp/build/aperant-tui/apps/tui/dist/agent-worker.cjs:26069:14)
        at async streamLanguageModelCall (/tmp/build/aperant-tui/apps/tui/dist/agent-worker.cjs:29565:7)
        at async retryWithExponentialBackoffInternal (/tmp/build/aperant-tui/apps/tui/dist/agent-worker.cjs:18005:12) {
      cause: [Error],
      url: 'http://home.hack.ski:20128/v1/chat/completions',
      requestBodyValues: [Object],
      statusCode: undefined,
      responseHeaders: undefined,
      responseBody: undefined,
      isRetryable: true,
      data: undefined,
      Symbol(vercel.ai.error): true,
      Symbol(vercel.ai.error.AI_APICallError): true
    }
  ],
  lastError: APICallError [AI_APICallError]: Cannot connect to API: connect EHOSTUNREACH 100.33.238.199:20128
      at handleFetchError (/tmp/build/aperant-tui/apps/tui/dist/agent-worker.cjs:16519:14)
      at postToApi (/tmp/build/aperant-tui/apps/tui/dist/agent-worker.cjs:19149:15)
      at process.processTicksAndRejections (node:internal/process/task_queues:103:5)
      at async postJsonToApi (/tmp/build/aperant-tui/apps/tui/dist/agent-worker.cjs:19048:11)
      at async _OpenAICompatibleChatLanguageModel.doStream (/tmp/build/aperant-tui/apps/tui/dist/agent-worker.cjs:91053:54)
      at async execute (/tmp/build/aperant-tui/apps/tui/dist/agent-worker.cjs:29567:26)
      at async runWithTracingChannelSpan (/tmp/build/aperant-tui/apps/tui/dist/agent-worker.cjs:25865:12)
      at async executeLanguageModelCall (/tmp/build/aperant-tui/apps/tui/dist/agent-worker.cjs:26069:14)
      at async streamLanguageModelCall (/tmp/build/aperant-tui/apps/tui/dist/agent-worker.cjs:29565:7)
      at async retryWithExponentialBackoffInternal (/tmp/build/aperant-tui/apps/tui/dist/agent-worker.cjs:18005:12) {
    cause: Error: connect EHOSTUNREACH 100.33.238.199:20128
        at TCPConnectWrap.afterConnect [as oncomplete] (node:net:1637:16) {
      errno: -113,
      code: 'EHOSTUNREACH',
      syscall: 'connect',
      address: '100.33.238.199',
      port: 20128
    },
    url: 'http://home.hack.ski:20128/v1/chat/completions',
    requestBodyValues: {
      model: 'kimi/kimi-for-coding',
      user: undefined,
      max_tokens: undefined,
      temperature: undefined,
      top_p: undefined,
      frequency_penalty: undefined,
      presence_penalty: undefined,
      response_format: undefined,
      stop: undefined,
      seed: undefined,
      reasoning_effort: undefined,
      verbosity: undefined,
      messages: [Array],
      tools: [Array],
      tool_choice: 'auto',
      stream: true,
      stream_options: undefined
    },
    statusCode: undefined,
    responseHeaders: undefined,
    responseBody: undefined,
    isRetryable: true,
    data: undefined,
    Symbol(vercel.ai.error): true,
    Symbol(vercel.ai.error.AI_APICallError): true
  },
  Symbol(vercel.ai.error): true,
  Symbol(vercel.ai.error.AI_RetryError): true
}
RetryError [AI_RetryError]: Failed after 3 attempts. Last error: AI_APICallError: Cannot connect to API: connect EHOSTUNREACH 100.33.238.199:20128
    at createRetryError (/tmp/build/aperant-tui/apps/tui/dist/agent-worker.cjs:35437:58)
    at retryWithExponentialBackoffInternal (/tmp/build/aperant-tui/apps/tui/dist/agent-worker.cjs:18017:13)
    at process.processTicksAndRejections (node:internal/process/task_queues:103:5)
    at async streamStep (/tmp/build/aperant-tui/apps/tui/dist/agent-worker.cjs:36937:19)
    at async <anonymous> (/tmp/build/aperant-tui/apps/tui/dist/agent-worker.cjs:37290:11) {
  cause: undefined,
  reason: 'maxRetriesExceeded',
  errors: [
    APICallError [AI_APICallError]: Cannot connect to API: connect EHOSTUNREACH 100.33.238.199:20128
        at handleFetchError (/tmp/build/aperant-tui/apps/tui/dist/agent-worker.cjs:16519:14)
        at postToApi (/tmp/build/aperant-tui/apps/tui/dist/agent-worker.cjs:19149:15)
        at process.processTicksAndRejections (node:internal/process/task_queues:103:5)
        at async postJsonToApi (/tmp/build/aperant-tui/apps/tui/dist/agent-worker.cjs:19048:11)
        at async _OpenAICompatibleChatLanguageModel.doStream (/tmp/build/aperant-tui/apps/tui/dist/agent-worker.cjs:91053:54)
        at async execute (/tmp/build/aperant-tui/apps/tui/dist/agent-worker.cjs:29567:26)
        at async runWithTracingChannelSpan (/tmp/build/aperant-tui/apps/tui/dist/agent-worker.cjs:25865:12)
        at async executeLanguageModelCall (/tmp/build/aperant-tui/apps/tui/dist/agent-worker.cjs:26069:14)
        at async streamLanguageModelCall (/tmp/build/aperant-tui/apps/tui/dist/agent-worker.cjs:29565:7)
        at async retryWithExponentialBackoffInternal (/tmp/build/aperant-tui/apps/tui/dist/agent-worker.cjs:18005:12) {
      cause: [Error],
      url: 'http://home.hack.ski:20128/v1/chat/completions',
      requestBodyValues: [Object],
      statusCode: undefined,
      responseHeaders: undefined,
      responseBody: undefined,
      isRetryable: true,
      data: undefined,
      Symbol(vercel.ai.error): true,
      Symbol(vercel.ai.error.AI_APICallError): true
    },
    APICallError [AI_APICallError]: Cannot connect to API: connect EHOSTUNREACH 100.33.238.199:20128
        at handleFetchError (/tmp/build/aperant-tui/apps/tui/dist/agent-worker.cjs:16519:14)
        at postToApi (/tmp/build/aperant-tui/apps/tui/dist/agent-worker.cjs:19149:15)
        at process.processTicksAndRejections (node:internal/process/task_queues:103:5)
        at async postJsonToApi (/tmp/build/aperant-tui/apps/tui/dist/agent-worker.cjs:19048:11)
        at async _OpenAICompatibleChatLanguageModel.doStream (/tmp/build/aperant-tui/apps/tui/dist/agent-worker.cjs:91053:54)
        at async execute (/tmp/build/aperant-tui/apps/tui/dist/agent-worker.cjs:29567:26)
        at async runWithTracingChannelSpan (/tmp/build/aperant-tui/apps/tui/dist/agent-worker.cjs:25865:12)
        at async executeLanguageModelCall (/tmp/build/aperant-tui/apps/tui/dist/agent-worker.cjs:26069:14)
        at async streamLanguageModelCall (/tmp/build/aperant-tui/apps/tui/dist/agent-worker.cjs:29565:7)
        at async retryWithExponentialBackoffInternal (/tmp/build/aperant-tui/apps/tui/dist/agent-worker.cjs:18005:12) {
      cause: [Error],
      url: 'http://home.hack.ski:20128/v1/chat/completions',
      requestBodyValues: [Object],
      statusCode: undefined,
      responseHeaders: undefined,
      responseBody: undefined,
      isRetryable: true,
      data: undefined,
      Symbol(vercel.ai.error): true,
      Symbol(vercel.ai.error.AI_APICallError): true
    },
    APICallError [AI_APICallError]: Cannot connect to API: connect EHOSTUNREACH 100.33.238.199:20128
        at handleFetchError (/tmp/build/aperant-tui/apps/tui/dist/agent-worker.cjs:16519:14)
        at postToApi (/tmp/build/aperant-tui/apps/tui/dist/agent-worker.cjs:19149:15)
        at process.processTicksAndRejections (node:internal/process/task_queues:103:5)
        at async postJsonToApi (/tmp/build/aperant-tui/apps/tui/dist/agent-worker.cjs:19048:11)
        at async _OpenAICompatibleChatLanguageModel.doStream (/tmp/build/aperant-tui/apps/tui/dist/agent-worker.cjs:91053:54)
        at async execute (/tmp/build/aperant-tui/apps/tui/dist/agent-worker.cjs:29567:26)
        at async runWithTracingChannelSpan (/tmp/build/aperant-tui/apps/tui/dist/agent-worker.cjs:25865:12)
        at async executeLanguageModelCall (/tmp/build/aperant-tui/apps/tui/dist/agent-worker.cjs:26069:14)
        at async streamLanguageModelCall (/tmp/build/aperant-tui/apps/tui/dist/agent-worker.cjs:29565:7)
        at async retryWithExponentialBackoffInternal (/tmp/build/aperant-tui/apps/tui/dist/agent-worker.cjs:18005:12) {
      cause: [Error],
      url: 'http://home.hack.ski:20128/v1/chat/completions',
      requestBodyValues: [Object],
      statusCode: undefined,
      responseHeaders: undefined,
      responseBody: undefined,
      isRetryable: true,
      data: undefined,
      Symbol(vercel.ai.error): true,
      Symbol(vercel.ai.error.AI_APICallError): true
    }
  ],
  lastError: APICallError [AI_APICallError]: Cannot connect to API: connect EHOSTUNREACH 100.33.238.199:20128
      at handleFetchError (/tmp/build/aperant-tui/apps/tui/dist/agent-worker.cjs:16519:14)
      at postToApi (/tmp/build/aperant-tui/apps/tui/dist/agent-worker.cjs:19149:15)
      at process.processTicksAndRejections (node:internal/process/task_queues:103:5)
      at async postJsonToApi (/tmp/build/aperant-tui/apps/tui/dist/agent-worker.cjs:19048:11)
      at async _OpenAICompatibleChatLanguageModel.doStream (/tmp/build/aperant-tui/apps/tui/dist/agent-worker.cjs:91053:54)
      at async execute (/tmp/build/aperant-tui/apps/tui/dist/agent-worker.cjs:29567:26)
      at async runWithTracingChannelSpan (/tmp/build/aperant-tui/apps/tui/dist/agent-worker.cjs:25865:12)
      at async executeLanguageModelCall (/tmp/build/aperant-tui/apps/tui/dist/agent-worker.cjs:26069:14)
      at async streamLanguageModelCall (/tmp/build/aperant-tui/apps/tui/dist/agent-worker.cjs:29565:7)
      at async retryWithExponentialBackoffInternal (/tmp/build/aperant-tui/apps/tui/dist/agent-worker.cjs:18005:12) {
    cause: Error: connect EHOSTUNREACH 100.33.238.199:20128
        at TCPConnectWrap.afterConnect [as oncomplete] (node:net:1637:16) {
      errno: -113,
      code: 'EHOSTUNREACH',
      syscall: 'connect',
      address: '100.33.238.199',
      port: 20128
    },
    url: 'http://home.hack.ski:20128/v1/chat/completions',
    requestBodyValues: {
      model: 'kimi/kimi-for-coding',
      user: undefined,
      max_tokens: undefined,
      temperature: undefined,
      top_p: undefined,
      frequency_penalty: undefined,
      presence_penalty: undefined,
      response_format: undefined,
      stop: undefined,
      seed: undefined,
      reasoning_effort: undefined,
      verbosity: undefined,
      messages: [Array],
      tools: [Array],
      tool_choice: 'auto',
      stream: true,
      stream_options: undefined
    },
    statusCode: undefined,
    responseHeaders: undefined,
    responseBody: undefined,
    isRetryable: true,
    data: undefined,
    Symbol(vercel.ai.error): true,
    Symbol(vercel.ai.error.AI_APICallError): true
  },
  Symbol(vercel.ai.error): true,
  Symbol(vercel.ai.error.AI_RetryError): true
}
RetryError [AI_RetryError]: Failed after 3 attempts. Last error: AI_APICallError: Cannot connect to API: connect EHOSTUNREACH 100.33.238.199:20128
    at createRetryError (/tmp/build/aperant-tui/apps/tui/dist/agent-worker.cjs:35437:58)
    at retryWithExponentialBackoffInternal (/tmp/build/aperant-tui/apps/tui/dist/agent-worker.cjs:18017:13)
    at process.processTicksAndRejections (node:internal/process/task_queues:103:5)
    at async streamStep (/tmp/build/aperant-tui/apps/tui/dist/agent-worker.cjs:36937:19)
    at async <anonymous> (/tmp/build/aperant-tui/apps/tui/dist/agent-worker.cjs:37290:11) {
  cause: undefined,
  reason: 'maxRetriesExceeded',
  errors: [
    APICallError [AI_APICallError]: Cannot connect to API: connect EHOSTUNREACH 100.33.238.199:20128
        at handleFetchError (/tmp/build/aperant-tui/apps/tui/dist/agent-worker.cjs:16519:14)
        at postToApi (/tmp/build/aperant-tui/apps/tui/dist/agent-worker.cjs:19149:15)
        at process.processTicksAndRejections (node:internal/process/task_queues:103:5)
        at async postJsonToApi (/tmp/build/aperant-tui/apps/tui/dist/agent-worker.cjs:19048:11)
        at async _OpenAICompatibleChatLanguageModel.doStream (/tmp/build/aperant-tui/apps/tui/dist/agent-worker.cjs:91053:54)
        at async execute (/tmp/build/aperant-tui/apps/tui/dist/agent-worker.cjs:29567:26)
        at async runWithTracingChannelSpan (/tmp/build/aperant-tui/apps/tui/dist/agent-worker.cjs:25865:12)
        at async executeLanguageModelCall (/tmp/build/aperant-tui/apps/tui/dist/agent-worker.cjs:26069:14)
        at async streamLanguageModelCall (/tmp/build/aperant-tui/apps/tui/dist/agent-worker.cjs:29565:7)
        at async retryWithExponentialBackoffInternal (/tmp/build/aperant-tui/apps/tui/dist/agent-worker.cjs:18005:12) {
      cause: [Error],
      url: 'http://home.hack.ski:20128/v1/chat/completions',
      requestBodyValues: [Object],
      statusCode: undefined,
      responseHeaders: undefined,
      responseBody: undefined,
      isRetryable: true,
      data: undefined,
      Symbol(vercel.ai.error): true,
      Symbol(vercel.ai.error.AI_APICallError): true
    },
    APICallError [AI_APICallError]: Cannot connect to API: connect EHOSTUNREACH 100.33.238.199:20128
        at handleFetchError (/tmp/build/aperant-tui/apps/tui/dist/agent-worker.cjs:16519:14)
        at postToApi (/tmp/build/aperant-tui/apps/tui/dist/agent-worker.cjs:19149:15)
        at process.processTicksAndRejections (node:internal/process/task_queues:103:5)
        at async postJsonToApi (/tmp/build/aperant-tui/apps/tui/dist/agent-worker.cjs:19048:11)
        at async _OpenAICompatibleChatLanguageModel.doStream (/tmp/build/aperant-tui/apps/tui/dist/agent-worker.cjs:91053:54)
        at async execute (/tmp/build/aperant-tui/apps/tui/dist/agent-worker.cjs:29567:26)
        at async runWithTracingChannelSpan (/tmp/build/aperant-tui/apps/tui/dist/agent-worker.cjs:25865:12)
        at async executeLanguageModelCall (/tmp/build/aperant-tui/apps/tui/dist/agent-worker.cjs:26069:14)
        at async streamLanguageModelCall (/tmp/build/aperant-tui/apps/tui/dist/agent-worker.cjs:29565:7)
        at async retryWithExponentialBackoffInternal (/tmp/build/aperant-tui/apps/tui/dist/agent-worker.cjs:18005:12) {
      cause: [Error],
      url: 'http://home.hack.ski:20128/v1/chat/completions',
      requestBodyValues: [Object],
      statusCode: undefined,
      responseHeaders: undefined,
      responseBody: undefined,
      isRetryable: true,
      data: undefined,
      Symbol(vercel.ai.error): true,
      Symbol(vercel.ai.error.AI_APICallError): true
    },
    APICallError [AI_APICallError]: Cannot connect to API: connect EHOSTUNREACH 100.33.238.199:20128
        at handleFetchError (/tmp/build/aperant-tui/apps/tui/dist/agent-worker.cjs:16519:14)
        at postToApi (/tmp/build/aperant-tui/apps/tui/dist/agent-worker.cjs:19149:15)
        at process.processTicksAndRejections (node:internal/process/task_queues:103:5)
        at async postJsonToApi (/tmp/build/aperant-tui/apps/tui/dist/agent-worker.cjs:19048:11)
        at async _OpenAICompatibleChatLanguageModel.doStream (/tmp/build/aperant-tui/apps/tui/dist/agent-worker.cjs:91053:54)
        at async execute (/tmp/build/aperant-tui/apps/tui/dist/agent-worker.cjs:29567:26)
        at async runWithTracingChannelSpan (/tmp/build/aperant-tui/apps/tui/dist/agent-worker.cjs:25865:12)
        at async executeLanguageModelCall (/tmp/build/aperant-tui/apps/tui/dist/agent-worker.cjs:26069:14)
        at async streamLanguageModelCall (/tmp/build/aperant-tui/apps/tui/dist/agent-worker.cjs:29565:7)
        at async retryWithExponentialBackoffInternal (/tmp/build/aperant-tui/apps/tui/dist/agent-worker.cjs:18005:12) {
      cause: [Error],
      url: 'http://home.hack.ski:20128/v1/chat/completions',
      requestBodyValues: [Object],
      statusCode: undefined,
      responseHeaders: undefined,
      responseBody: undefined,
      isRetryable: true,
      data: undefined,
      Symbol(vercel.ai.error): true,
      Symbol(vercel.ai.error.AI_APICallError): true
    }
  ],
  lastError: APICallError [AI_APICallError]: Cannot connect to API: connect EHOSTUNREACH 100.33.238.199:20128
      at handleFetchError (/tmp/build/aperant-tui/apps/tui/dist/agent-worker.cjs:16519:14)
      at postToApi (/tmp/build/aperant-tui/apps/tui/dist/agent-worker.cjs:19149:15)
      at process.processTicksAndRejections (node:internal/process/task_queues:103:5)
      at async postJsonToApi (/tmp/build/aperant-tui/apps/tui/dist/agent-worker.cjs:19048:11)
      at async _OpenAICompatibleChatLanguageModel.doStream (/tmp/build/aperant-tui/apps/tui/dist/agent-worker.cjs:91053:54)
      at async execute (/tmp/build/aperant-tui/apps/tui/dist/agent-worker.cjs:29567:26)
      at async runWithTracingChannelSpan (/tmp/build/aperant-tui/apps/tui/dist/agent-worker.cjs:25865:12)
      at async executeLanguageModelCall (/tmp/build/aperant-tui/apps/tui/dist/agent-worker.cjs:26069:14)
      at async streamLanguageModelCall (/tmp/build/aperant-tui/apps/tui/dist/agent-worker.cjs:29565:7)
      at async retryWithExponentialBackoffInternal (/tmp/build/aperant-tui/apps/tui/dist/agent-worker.cjs:18005:12) {
    cause: Error: connect EHOSTUNREACH 100.33.238.199:20128
        at TCPConnectWrap.afterConnect [as oncomplete] (node:net:1637:16) {
      errno: -113,
      code: 'EHOSTUNREACH',
      syscall: 'connect',
      address: '100.33.238.199',
      port: 20128
    },
    url: 'http://home.hack.ski:20128/v1/chat/completions',
    requestBodyValues: {
      model: 'kimi/kimi-for-coding',
      user: undefined,
      max_tokens: undefined,
      temperature: undefined,
      top_p: undefined,
      frequency_penalty: undefined,
      presence_penalty: undefined,
      response_format: undefined,
      stop: undefined,
      seed: undefined,
      reasoning_effort: undefined,
      verbosity: undefined,
      messages: [Array],
      tools: [Array],
      tool_choice: 'auto',
      stream: true,
      stream_options: undefined
    },
    statusCode: undefined,
    responseHeaders: undefined,
    responseBody: undefined,
    isRetryable: true,
    data: undefined,
    Symbol(vercel.ai.error): true,
    Symbol(vercel.ai.error.AI_APICallError): true
  },
  Symbol(vercel.ai.error): true,
  Symbol(vercel.ai.error.AI_RetryError): true
}
RetryError [AI_RetryError]: Failed after 3 attempts. Last error: AI_APICallError: Cannot connect to API: connect EHOSTUNREACH 100.33.238.199:20128
    at createRetryError (/tmp/build/aperant-tui/apps/tui/dist/agent-worker.cjs:35437:58)
    at retryWithExponentialBackoffInternal (/tmp/build/aperant-tui/apps/tui/dist/agent-worker.cjs:18017:13)
    at process.processTicksAndRejections (node:internal/process/task_queues:103:5)
    at async streamStep (/tmp/build/aperant-tui/apps/tui/dist/agent-worker.cjs:36937:19)
    at async <anonymous> (/tmp/build/aperant-tui/apps/tui/dist/agent-worker.cjs:37290:11) {
  cause: undefined,
  reason: 'maxRetriesExceeded',
  errors: [
    APICallError [AI_APICallError]: Cannot connect to API: connect EHOSTUNREACH 100.33.238.199:20128
        at handleFetchError (/tmp/build/aperant-tui/apps/tui/dist/agent-worker.cjs:16519:14)
        at postToApi (/tmp/build/aperant-tui/apps/tui/dist/agent-worker.cjs:19149:15)
        at process.processTicksAndRejections (node:internal/process/task_queues:103:5)
        at async postJsonToApi (/tmp/build/aperant-tui/apps/tui/dist/agent-worker.cjs:19048:11)
        at async _OpenAICompatibleChatLanguageModel.doStream (/tmp/build/aperant-tui/apps/tui/dist/agent-worker.cjs:91053:54)
        at async execute (/tmp/build/aperant-tui/apps/tui/dist/agent-worker.cjs:29567:26)
        at async runWithTracingChannelSpan (/tmp/build/aperant-tui/apps/tui/dist/agent-worker.cjs:25865:12)
        at async executeLanguageModelCall (/tmp/build/aperant-tui/apps/tui/dist/agent-worker.cjs:26069:14)
        at async streamLanguageModelCall (/tmp/build/aperant-tui/apps/tui/dist/agent-worker.cjs:29565:7)
        at async retryWithExponentialBackoffInternal (/tmp/build/aperant-tui/apps/tui/dist/agent-worker.cjs:18005:12) {
      cause: [Error],
      url: 'http://home.hack.ski:20128/v1/chat/completions',
      requestBodyValues: [Object],
      statusCode: undefined,
      responseHeaders: undefined,
      responseBody: undefined,
      isRetryable: true,
      data: undefined,
      Symbol(vercel.ai.error): true,
      Symbol(vercel.ai.error.AI_APICallError): true
    },
    APICallError [AI_APICallError]: Cannot connect to API: connect EHOSTUNREACH 100.33.238.199:20128
        at handleFetchError (/tmp/build/aperant-tui/apps/tui/dist/agent-worker.cjs:16519:14)
        at postToApi (/tmp/build/aperant-tui/apps/tui/dist/agent-worker.cjs:19149:15)
        at process.processTicksAndRejections (node:internal/process/task_queues:103:5)
        at async postJsonToApi (/tmp/build/aperant-tui/apps/tui/dist/agent-worker.cjs:19048:11)
        at async _OpenAICompatibleChatLanguageModel.doStream (/tmp/build/aperant-tui/apps/tui/dist/agent-worker.cjs:91053:54)
        at async execute (/tmp/build/aperant-tui/apps/tui/dist/agent-worker.cjs:29567:26)
        at async runWithTracingChannelSpan (/tmp/build/aperant-tui/apps/tui/dist/agent-worker.cjs:25865:12)
        at async executeLanguageModelCall (/tmp/build/aperant-tui/apps/tui/dist/agent-worker.cjs:26069:14)
        at async streamLanguageModelCall (/tmp/build/aperant-tui/apps/tui/dist/agent-worker.cjs:29565:7)
        at async retryWithExponentialBackoffInternal (/tmp/build/aperant-tui/apps/tui/dist/agent-worker.cjs:18005:12) {
      cause: [Error],
      url: 'http://home.hack.ski:20128/v1/chat/completions',
      requestBodyValues: [Object],
      statusCode: undefined,
      responseHeaders: undefined,
      responseBody: undefined,
      isRetryable: true,
      data: undefined,
      Symbol(vercel.ai.error): true,
      Symbol(vercel.ai.error.AI_APICallError): true
    },
    APICallError [AI_APICallError]: Cannot connect to API: connect EHOSTUNREACH 100.33.238.199:20128
        at handleFetchError (/tmp/build/aperant-tui/apps/tui/dist/agent-worker.cjs:16519:14)
        at postToApi (/tmp/build/aperant-tui/apps/tui/dist/agent-worker.cjs:19149:15)
        at process.processTicksAndRejections (node:internal/process/task_queues:103:5)
        at async postJsonToApi (/tmp/build/aperant-tui/apps/tui/dist/agent-worker.cjs:19048:11)
        at async _OpenAICompatibleChatLanguageModel.doStream (/tmp/build/aperant-tui/apps/tui/dist/agent-worker.cjs:91053:54)
        at async execute (/tmp/build/aperant-tui/apps/tui/dist/agent-worker.cjs:29567:26)
        at async runWithTracingChannelSpan (/tmp/build/aperant-tui/apps/tui/dist/agent-worker.cjs:25865:12)
        at async executeLanguageModelCall (/tmp/build/aperant-tui/apps/tui/dist/agent-worker.cjs:26069:14)
        at async streamLanguageModelCall (/tmp/build/aperant-tui/apps/tui/dist/agent-worker.cjs:29565:7)
        at async retryWithExponentialBackoffInternal (/tmp/build/aperant-tui/apps/tui/dist/agent-worker.cjs:18005:12) {
      cause: [Error],
      url: 'http://home.hack.ski:20128/v1/chat/completions',
      requestBodyValues: [Object],
      statusCode: undefined,
      responseHeaders: undefined,
      responseBody: undefined,
      isRetryable: true,
      data: undefined,
      Symbol(vercel.ai.error): true,
      Symbol(vercel.ai.error.AI_APICallError): true
    }
  ],
  lastError: APICallError [AI_APICallError]: Cannot connect to API: connect EHOSTUNREACH 100.33.238.199:20128
      at handleFetchError (/tmp/build/aperant-tui/apps/tui/dist/agent-worker.cjs:16519:14)
      at postToApi (/tmp/build/aperant-tui/apps/tui/dist/agent-worker.cjs:19149:15)
      at process.processTicksAndRejections (node:internal/process/task_queues:103:5)
      at async postJsonToApi (/tmp/build/aperant-tui/apps/tui/dist/agent-worker.cjs:19048:11)
      at async _OpenAICompatibleChatLanguageModel.doStream (/tmp/build/aperant-tui/apps/tui/dist/agent-worker.cjs:91053:54)
      at async execute (/tmp/build/aperant-tui/apps/tui/dist/agent-worker.cjs:29567:26)
      at async runWithTracingChannelSpan (/tmp/build/aperant-tui/apps/tui/dist/agent-worker.cjs:25865:12)
      at async executeLanguageModelCall (/tmp/build/aperant-tui/apps/tui/dist/agent-worker.cjs:26069:14)
      at async streamLanguageModelCall (/tmp/build/aperant-tui/apps/tui/dist/agent-worker.cjs:29565:7)
      at async retryWithExponentialBackoffInternal (/tmp/build/aperant-tui/apps/tui/dist/agent-worker.cjs:18005:12) {
    cause: Error: connect EHOSTUNREACH 100.33.238.199:20128
        at TCPConnectWrap.afterConnect [as oncomplete] (node:net:1637:16) {
      errno: -113,
      code: 'EHOSTUNREACH',
      syscall: 'connect',
      address: '100.33.238.199',
      port: 20128
    },
    url: 'http://home.hack.ski:20128/v1/chat/completions',
    requestBodyValues: {
      model: 'kimi/kimi-for-coding',
      user: undefined,
      max_tokens: undefined,
      temperature: undefined,
      top_p: undefined,
      frequency_penalty: undefined,
      presence_penalty: undefined,
      response_format: undefined,
      stop: undefined,
      seed: undefined,
      reasoning_effort: undefined,
      verbosity: undefined,
      messages: [Array],
      tools: [Array],
      tool_choice: 'auto',
      stream: true,
      stream_options: undefined
    },
    statusCode: undefined,
    responseHeaders: undefined,
    responseBody: undefined,
    isRetryable: true,
    data: undefined,
    Symbol(vercel.ai.error): true,
    Symbol(vercel.ai.error.AI_APICallError): true
  },
  Symbol(vercel.ai.error): true,
  Symbol(vercel.ai.error.AI_RetryError): true
}
RetryError [AI_RetryError]: Failed after 3 attempts. Last error: AI_APICallError: Cannot connect to API: connect EHOSTUNREACH 100.33.238.199:20128
    at createRetryError (/tmp/build/aperant-tui/apps/tui/dist/agent-worker.cjs:35437:58)
    at retryWithExponentialBackoffInternal (/tmp/build/aperant-tui/apps/tui/dist/agent-worker.cjs:18017:13)
    at process.processTicksAndRejections (node:internal/process/task_queues:103:5)
    at async streamStep (/tmp/build/aperant-tui/apps/tui/dist/agent-worker.cjs:36937:19)
    at async <anonymous> (/tmp/build/aperant-tui/apps/tui/dist/agent-worker.cjs:37290:11) {
  cause: undefined,
  reason: 'maxRetriesExceeded',
  errors: [
    APICallError [AI_APICallError]: Cannot connect to API: connect EHOSTUNREACH 100.33.238.199:20128
        at handleFetchError (/tmp/build/aperant-tui/apps/tui/dist/agent-worker.cjs:16519:14)
        at postToApi (/tmp/build/aperant-tui/apps/tui/dist/agent-worker.cjs:19149:15)
        at process.processTicksAndRejections (node:internal/process/task_queues:103:5)
        at async postJsonToApi (/tmp/build/aperant-tui/apps/tui/dist/agent-worker.cjs:19048:11)
        at async _OpenAICompatibleChatLanguageModel.doStream (/tmp/build/aperant-tui/apps/tui/dist/agent-worker.cjs:91053:54)
        at async execute (/tmp/build/aperant-tui/apps/tui/dist/agent-worker.cjs:29567:26)
        at async runWithTracingChannelSpan (/tmp/build/aperant-tui/apps/tui/dist/agent-worker.cjs:25865:12)
        at async executeLanguageModelCall (/tmp/build/aperant-tui/apps/tui/dist/agent-worker.cjs:26069:14)
        at async streamLanguageModelCall (/tmp/build/aperant-tui/apps/tui/dist/agent-worker.cjs:29565:7)
        at async retryWithExponentialBackoffInternal (/tmp/build/aperant-tui/apps/tui/dist/agent-worker.cjs:18005:12) {
      cause: [Error],
      url: 'http://home.hack.ski:20128/v1/chat/completions',
      requestBodyValues: [Object],
      statusCode: undefined,
      responseHeaders: undefined,
      responseBody: undefined,
      isRetryable: true,
      data: undefined,
      Symbol(vercel.ai.error): true,
      Symbol(vercel.ai.error.AI_APICallError): true
    },
    APICallError [AI_APICallError]: Cannot connect to API: connect EHOSTUNREACH 100.33.238.199:20128
        at handleFetchError (/tmp/build/aperant-tui/apps/tui/dist/agent-worker.cjs:16519:14)
        at postToApi (/tmp/build/aperant-tui/apps/tui/dist/agent-worker.cjs:19149:15)
        at process.processTicksAndRejections (node:internal/process/task_queues:103:5)
        at async postJsonToApi (/tmp/build/aperant-tui/apps/tui/dist/agent-worker.cjs:19048:11)
        at async _OpenAICompatibleChatLanguageModel.doStream (/tmp/build/aperant-tui/apps/tui/dist/agent-worker.cjs:91053:54)
        at async execute (/tmp/build/aperant-tui/apps/tui/dist/agent-worker.cjs:29567:26)
        at async runWithTracingChannelSpan (/tmp/build/aperant-tui/apps/tui/dist/agent-worker.cjs:25865:12)
        at async executeLanguageModelCall (/tmp/build/aperant-tui/apps/tui/dist/agent-worker.cjs:26069:14)
        at async streamLanguageModelCall (/tmp/build/aperant-tui/apps/tui/dist/agent-worker.cjs:29565:7)
        at async retryWithExponentialBackoffInternal (/tmp/build/aperant-tui/apps/tui/dist/agent-worker.cjs:18005:12) {
      cause: [Error],
      url: 'http://home.hack.ski:20128/v1/chat/completions',
      requestBodyValues: [Object],
      statusCode: undefined,
      responseHeaders: undefined,
      responseBody: undefined,
      isRetryable: true,
      data: undefined,
      Symbol(vercel.ai.error): true,
      Symbol(vercel.ai.error.AI_APICallError): true
    },
    APICallError [AI_APICallError]: Cannot connect to API: connect EHOSTUNREACH 100.33.238.199:20128
        at handleFetchError (/tmp/build/aperant-tui/apps/tui/dist/agent-worker.cjs:16519:14)
        at postToApi (/tmp/build/aperant-tui/apps/tui/dist/agent-worker.cjs:19149:15)
        at process.processTicksAndRejections (node:internal/process/task_queues:103:5)
        at async postJsonToApi (/tmp/build/aperant-tui/apps/tui/dist/agent-worker.cjs:19048:11)
        at async _OpenAICompatibleChatLanguageModel.doStream (/tmp/build/aperant-tui/apps/tui/dist/agent-worker.cjs:91053:54)
        at async execute (/tmp/build/aperant-tui/apps/tui/dist/agent-worker.cjs:29567:26)
        at async runWithTracingChannelSpan (/tmp/build/aperant-tui/apps/tui/dist/agent-worker.cjs:25865:12)
        at async executeLanguageModelCall (/tmp/build/aperant-tui/apps/tui/dist/agent-worker.cjs:26069:14)
        at async streamLanguageModelCall (/tmp/build/aperant-tui/apps/tui/dist/agent-worker.cjs:29565:7)
        at async retryWithExponentialBackoffInternal (/tmp/build/aperant-tui/apps/tui/dist/agent-worker.cjs:18005:12) {
      cause: [Error],
      url: 'http://home.hack.ski:20128/v1/chat/completions',
      requestBodyValues: [Object],
      statusCode: undefined,
      responseHeaders: undefined,
      responseBody: undefined,
      isRetryable: true,
      data: undefined,
      Symbol(vercel.ai.error): true,
      Symbol(vercel.ai.error.AI_APICallError): true
    }
  ],
  lastError: APICallError [AI_APICallError]: Cannot connect to API: connect EHOSTUNREACH 100.33.238.199:20128
      at handleFetchError (/tmp/build/aperant-tui/apps/tui/dist/agent-worker.cjs:16519:14)
      at postToApi (/tmp/build/aperant-tui/apps/tui/dist/agent-worker.cjs:19149:15)
      at process.processTicksAndRejections (node:internal/process/task_queues:103:5)
      at async postJsonToApi (/tmp/build/aperant-tui/apps/tui/dist/agent-worker.cjs:19048:11)
      at async _OpenAICompatibleChatLanguageModel.doStream (/tmp/build/aperant-tui/apps/tui/dist/agent-worker.cjs:91053:54)
      at async execute (/tmp/build/aperant-tui/apps/tui/dist/agent-worker.cjs:29567:26)
      at async runWithTracingChannelSpan (/tmp/build/aperant-tui/apps/tui/dist/agent-worker.cjs:25865:12)
      at async executeLanguageModelCall (/tmp/build/aperant-tui/apps/tui/dist/agent-worker.cjs:26069:14)
      at async streamLanguageModelCall (/tmp/build/aperant-tui/apps/tui/dist/agent-worker.cjs:29565:7)
      at async retryWithExponentialBackoffInternal (/tmp/build/aperant-tui/apps/tui/dist/agent-worker.cjs:18005:12) {
    cause: Error: connect EHOSTUNREACH 100.33.238.199:20128
        at TCPConnectWrap.afterConnect [as oncomplete] (node:net:1637:16) {
      errno: -113,
      code: 'EHOSTUNREACH',
      syscall: 'connect',
      address: '100.33.238.199',
      port: 20128
    },
    url: 'http://home.hack.ski:20128/v1/chat/completions',
    requestBodyValues: {
      model: 'kimi/kimi-for-coding',
      user: undefined,
      max_tokens: undefined,
      temperature: undefined,
      top_p: undefined,
      frequency_penalty: undefined,
      presence_penalty: undefined,
      response_format: undefined,
      stop: undefined,
      seed: undefined,
      reasoning_effort: undefined,
      verbosity: undefined,
      messages: [Array],
      tools: [Array],
      tool_choice: 'auto',
      stream: true,
      stream_options: undefined
    },
    statusCode: undefined,
    responseHeaders: undefined,
    responseBody: undefined,
    isRetryable: true,
    data: undefined,
    Symbol(vercel.ai.error): true,
    Symbol(vercel.ai.error.AI_APICallError): true
  },
  Symbol(vercel.ai.error): true,
  Symbol(vercel.ai.error.AI_RetryError): true
}
[2K[1A[2K[1A[2K[1A[2K[1A[2K[1A[2K[1A[2K[1A[2K[1A[2K[1A[2K[1A[2K[1A[2K[1A[2K[1A[2K[1A[2K[1A[2K[1A[2K[1A[2K[1A[2K[1A[2K[1A[2K[G[38;2;35;35;46m┌──────────────────────────────────────────────────────────────────────────────[38;2;255;107;53m│[38;2;35;35;46m─[38;2;255;107;53mpress ctrl+c again to quit[38;2;35;35;46m─[38;2;255;107;53m│[38;2;35;35;46m┐[39m
[38;2;35;35;46m│[1m[38;2;255;107;53mAPERANT[39m[22m [38;2;74;74;88m│[39m [38;2;138;138;154maperant-fixture[39m [38;2;74;74;88m/tmp/aperant-fixture[39m [38;2;74;74;88m│[39m [38;2;56;189;248m⑂ develop[39m             [38;2;255;107;53m◉[38;2;138;138;154m 1 run[38;2;255;107;53m└────────────────────────────┘[38;2;35;35;46m│[39m
[38;2;35;35;46m│[39m [1m[48;2;255;107;53m[38;2;5;5;7m 1 board [39m[49m[22m  [38;2;138;138;154m 2 term [39m  [38;2;138;138;154m 3 road [39m  [38;2;138;138;154m 4 chat [39m  [38;2;138;138;154m 5 tree [39m  [38;2;138;138;154m 6 set [39m  [38;2;138;138;154m 7 agents [39m                                     [38;2;35;35;46m│[39m
[38;2;35;35;46m│[39m [38;2;255;107;53m┌──────────────────────────────────────────────┐[39m [38;2;35;35;46m┌───────────────────────────────────────────────────────┐[39m [38;2;35;35;46m│[39m
[38;2;35;35;46m│[39m [38;2;255;107;53m│[39m [1m[38;2;255;107;53mTASKS[39m[22m                                        [38;2;255;107;53m│[39m [38;2;35;35;46m│[39m [38;2;138;138;154mDETAIL[39m                                                [38;2;35;35;46m│[39m [38;2;35;35;46m│[39m
[38;2;35;35;46m│[39m [38;2;255;107;53m│[39m [38;2;74;74;88m◆[38;2;138;138;154m BACKLOG [38;2;74;74;88m(1)[39m                                [38;2;255;107;53m│[39m [38;2;35;35;46m│[39m [38;2;138;138;154m002-fix-[39m [38;2;255;62;138m[REVIEW][39m                                     [38;2;35;35;46m│[39m [38;2;35;35;46m│[39m
[38;2;35;35;46m│[39m [38;2;255;107;53m│[39m [38;2;74;74;88m  [38;2;138;138;154m004-qa-l[39m [38;2;138;138;154m▽[39m [38;2;138;138;154mQA Loop Docs[38;2;74;74;88m  50%[39m               [38;2;255;107;53m│[39m [38;2;35;35;46m│[39m [38;2;232;232;240mFix Terminal Blank Screen[39m                             [38;2;35;35;46m│[39m [38;2;35;35;46m│[39m
[38;2;35;35;46m│[39m [38;2;255;107;53m│[39m [38;2;255;107;53m◆[38;2;138;138;154m BUILDING [38;2;74;74;88m(1)[39m                               [38;2;255;107;53m│[39m [38;2;35;35;46m│[39m [38;2;138;138;154mprogress[39m [38;2;255;107;53m███████░░░░░░░[39m [38;2;232;232;240m50%[39m                           [38;2;35;35;46m│[39m [38;2;35;35;46m│[39m
[38;2;35;35;46m│[39m [38;2;255;107;53m│[39m [38;2;74;74;88m  [38;2;138;138;154m001-migr[39m [38;2;255;68;68m▲[39m [38;2;138;138;154mMigrate Provider Registry[38;2;255;107;53m  50%[39m  [38;2;255;107;53m│[39m [38;2;35;35;46m│[39m [38;2;138;138;154msubtasks [38;2;232;232;240m2/2 complete[39m                                 [38;2;35;35;46m│[39m [38;2;35;35;46m│[39m
[38;2;35;35;46m│[39m [38;2;255;107;53m│[39m [38;2;255;62;138m◆[38;2;138;138;154m HUMAN [38;2;74;74;88m(1)[39m                                  [38;2;255;107;53m│[39m [38;2;35;35;46m│[39m [38;2;138;138;154mphase [38;2;255;62;138mcomplete[39m                                        [38;2;35;35;46m│[39m [38;2;35;35;46m│[39m
[38;2;35;35;46m│[39m [38;2;255;107;53m│[39m [48;2;16;16;24m[38;2;255;107;53m❯ [38;2;138;138;154m002-fix-[39m [38;2;255;176;0m◆[39m [38;2;232;232;240mFix Terminal Blank Screen[38;2;255;62;138m  50%[39m[49m  [38;2;255;107;53m│[39m [38;2;35;35;46m│[39m [38;2;138;138;154mlocation [38;2;56;189;248mmain[38;2;138;138;154m  spec [38;2;74;74;88m002-fix-terminal-blank[39m            [38;2;35;35;46m│[39m [38;2;35;35;46m│[39m
[38;2;35;35;46m│[39m [38;2;255;107;53m│[39m [38;2;61;220;132m◆[38;2;138;138;154m DONE [38;2;74;74;88m(1)[39m                                   [38;2;255;107;53m│[39m [38;2;35;35;46m└───────────────────────────────────────────────────────┘[39m [38;2;35;35;46m│[39m
[38;2;35;35;46m│[39m [38;2;255;107;53m│[39m [38;2;74;74;88m  [38;2;138;138;154m003-arch[39m [38;2;138;138;154m▽[39m [38;2;138;138;154mArchive Button Fixes[38;2;61;220;132m  50%[39m       [38;2;255;107;53m│[39m                                                           [38;2;35;35;46m│[39m
[38;2;35;35;46m│[39m [38;2;255;107;53m│[39m                                              [38;2;255;107;53m│[39m [38;2;35;35;46m┌───────────────────────────────────────────────────────┐[39m [38;2;35;35;46m│[39m
[38;2;35;35;46m│[39m [38;2;255;107;53m│[39m                                              [38;2;255;107;53m│[39m [38;2;35;35;46m│[39m [38;2;138;138;154mAGENT STREAM[39m                                          [38;2;35;35;46m│[39m [38;2;35;35;46m│[39m
[38;2;35;35;46m│[39m [38;2;255;107;53m│[39m                                              [38;2;255;107;53m│[39m [38;2;35;35;46m│[39m [38;2;138;138;154m17:21:45 start 002-fix- → vendored AgentManager…[39m      [38;2;35;35;46m│[39m [38;2;35;35;46m│[39m
[38;2;35;35;46m│[39m [38;2;255;107;53m│[39m                                              [38;2;255;107;53m│[39m [38;2;35;35;46m│[39m [38;2;138;138;154m17:21:47 started 002-fix-: agent started — phase pla…[39m [38;2;35;35;46m│[39m [38;2;35;35;46m│[39m
[38;2;35;35;46m│[39m [38;2;255;107;53m└──────────────────────────────────────────────┘[39m [38;2;35;35;46m└───────────────────────────────────────────────────────┘[39m [38;2;35;35;46m│[39m
[38;2;35;35;46m│[1m[48;2;255;107;53m[38;2;5;5;7m BOARD [39m[49m[22m [38;2;138;138;154mj/k move · ⏎ focus · s start · x stop · H/L column · l logs · / filter[39m                 [38;2;255;107;53m:[38;2;74;74;88m cmd  [38;2;255;107;53m?[38;2;74;74;88m help[38;2;35;35;46m│[39m
[38;2;35;35;46m└────────────────────────────────────────────────────────────────────────────────────────────────────────────┘[39m
[2K[1A[2K[1A[2K[1A[2K[1A[2K[1A[2K[1A[2K[1A[2K[1A[2K[1A[2K[1A[2K[1A[2K[1A[2K[1A[2K[1A[2K[1A[2K[1A[2K[1A[2K[1A[2K[1A[2K[1A[2K[G[38;2;35;35;46m┌────────────────────────────────────────────────────────────────────────────────────────────────────────────┐[39m
[38;2;35;35;46m│[1m[38;2;255;107;53mAPERANT[39m[22m [38;2;74;74;88m│[39m [38;2;138;138;154maperant-fixture[39m [38;2;74;74;88m/tmp/aperant-fixture[39m [38;2;74;74;88m│[39m [38;2;56;189;248m⑂ develop[39m             [38;2;255;107;53m◉[38;2;138;138;154m 1 running[39m  [38;2;255;176;0m◆[38;2;138;138;154m 1 review[39m  [38;2;61;220;132m●[38;2;138;138;154m no profile[38;2;35;35;46m│[39m
[38;2;35;35;46m│[39m [1m[48;2;255;107;53m[38;2;5;5;7m 1 board [39m[49m[22m  [38;2;138;138;154m 2 term [39m  [38;2;138;138;154m 3 road [39m  [38;2;138;138;154m 4 chat [39m  [38;2;138;138;154m 5 tree [39m  [38;2;138;138;154m 6 set [39m  [38;2;138;138;154m 7 agents [39m                                     [38;2;35;35;46m│[39m
[38;2;35;35;46m│[39m [38;2;255;107;53m┌──────────────────────────────────────────────┐[39m [38;2;35;35;46m┌───────────────────────────────────────────────────────┐[39m [38;2;35;35;46m│[39m
[38;2;35;35;46m│[39m [38;2;255;107;53m│[39m [1m[38;2;255;107;53mTASKS[39m[22m                                        [38;2;255;107;53m│[39m [38;2;35;35;46m│[39m [38;2;138;138;154mDETAIL[39m                                                [38;2;35;35;46m│[39m [38;2;35;35;46m│[39m
[38;2;35;35;46m│[39m [38;2;255;107;53m│[39m [38;2;74;74;88m◆[38;2;138;138;154m BACKLOG [38;2;74;74;88m(1)[39m                                [38;2;255;107;53m│[39m [38;2;35;35;46m│[39m [38;2;138;138;154m002-fix-[39m [38;2;255;62;138m[REVIEW][39m                                     [38;2;35;35;46m│[39m [38;2;35;35;46m│[39m
[38;2;35;35;46m│[39m [38;2;255;107;53m│[39m [38;2;74;74;88m  [38;2;138;138;154m004-qa-l[39m [38;2;138;138;154m▽[39m [38;2;138;138;154mQA Loop Docs[38;2;74;74;88m  50%[39m               [38;2;255;107;53m│[39m [38;2;35;35;46m│[39m [38;2;232;232;240mFix Terminal Blank Screen[39m                             [38;2;35;35;46m│[39m [38;2;35;35;46m│[39m
[38;2;35;35;46m│[39m [38;2;255;107;53m│[39m [38;2;255;107;53m◆[38;2;138;138;154m BUILDING [38;2;74;74;88m(1)[39m                               [38;2;255;107;53m│[39m [38;2;35;35;46m│[39m [38;2;138;138;154mprogress[39m [38;2;255;107;53m███████░░░░░░░[39m [38;2;232;232;240m50%[39m                           [38;2;35;35;46m│[39m [38;2;35;35;46m│[39m
[38;2;35;35;46m│[39m [38;2;255;107;53m│[39m [38;2;74;74;88m  [38;2;138;138;154m001-migr[39m [38;2;255;68;68m▲[39m [38;2;138;138;154mMigrate Provider Registry[38;2;255;107;53m  50%[39m  [38;2;255;107;53m│[39m [38;2;35;35;46m│[39m [38;2;138;138;154msubtasks [38;2;232;232;240m2/2 complete[39m                                 [38;2;35;35;46m│[39m [38;2;35;35;46m│[39m
[38;2;35;35;46m│[39m [38;2;255;107;53m│[39m [38;2;255;62;138m◆[38;2;138;138;154m HUMAN [38;2;74;74;88m(1)[39m                                  [38;2;255;107;53m│[39m [38;2;35;35;46m│[39m [38;2;138;138;154mphase [38;2;255;62;138mcomplete[39m                                        [38;2;35;35;46m│[39m [38;2;35;35;46m│[39m
[38;2;35;35;46m│[39m [38;2;255;107;53m│[39m [48;2;16;16;24m[38;2;255;107;53m❯ [38;2;138;138;154m002-fix-[39m [38;2;255;176;0m◆[39m [38;2;232;232;240mFix Terminal Blank Screen[38;2;255;62;138m  50%[39m[49m  [38;2;255;107;53m│[39m [38;2;35;35;46m│[39m [38;2;138;138;154mlocation [38;2;56;189;248mmain[38;2;138;138;154m  spec [38;2;74;74;88m002-fix-terminal-blank[39m            [38;2;35;35;46m│[39m [38;2;35;35;46m│[39m
[38;2;35;35;46m│[39m [38;2;255;107;53m│[39m [38;2;61;220;132m◆[38;2;138;138;154m DONE [38;2;74;74;88m(1)[39m                                   [38;2;255;107;53m│[39m [38;2;35;35;46m└───────────────────────────────────────────────────────┘[39m [38;2;35;35;46m│[39m
[38;2;35;35;46m│[39m [38;2;255;107;53m│[39m [38;2;74;74;88m  [38;2;138;138;154m003-arch[39m [38;2;138;138;154m▽[39m [38;2;138;138;154mArchive Button Fixes[38;2;61;220;132m  50%[39m       [38;2;255;107;53m│[39m                                                           [38;2;35;35;46m│[39m
[38;2;35;35;46m│[39m [38;2;255;107;53m│[39m                                              [38;2;255;107;53m│[39m [38;2;35;35;46m┌───────────────────────────────────────────────────────┐[39m [38;2;35;35;46m│[39m
[38;2;35;35;46m│[39m [38;2;255;107;53m│[39m                                              [38;2;255;107;53m│[39m [38;2;35;35;46m│[39m [38;2;138;138;154mAGENT STREAM[39m                                          [38;2;35;35;46m│[39m [38;2;35;35;46m│[39m
[38;2;35;35;46m│[39m [38;2;255;107;53m│[39m                                              [38;2;255;107;53m│[39m [38;2;35;35;46m│[39m [38;2;138;138;154m17:21:45 start 002-fix- → vendored AgentManager…[39m      [38;2;35;35;46m│[39m [38;2;35;35;46m│[39m
[38;2;35;35;46m│[39m [38;2;255;107;53m│[39m                                              [38;2;255;107;53m│[39m [38;2;35;35;46m│[39m [38;2;138;138;154m17:21:47 started 002-fix-: agent started — phase pla…[39m [38;2;35;35;46m│[39m [38;2;35;35;46m│[39m
[38;2;35;35;46m│[39m [38;2;255;107;53m└──────────────────────────────────────────────┘[39m [38;2;35;35;46m└───────────────────────────────────────────────────────┘[39m [38;2;35;35;46m│[39m
[38;2;35;35;46m│[1m[48;2;255;107;53m[38;2;5;5;7m BOARD [39m[49m[22m [38;2;138;138;154mj/k move · ⏎ focus · s start · x stop · H/L column · l logs · / filter[39m                 [38;2;255;107;53m:[38;2;74;74;88m cmd  [38;2;255;107;53m?[38;2;74;74;88m help[38;2;35;35;46m│[39m
[38;2;35;35;46m└────────────────────────────────────────────────────────────────────────────────────────────────────────────┘[39m
[2K[1A[2K[1A[2K[1A[2K[1A[2K[1A[2K[1A[2K[1A[2K[1A[2K[1A[2K[1A[2K[1A[2K[1A[2K[1A[2K[1A[2K[1A[2K[1A[2K[1A[2K[1A[2K[1A[2K[1A[2K[G[38;2;35;35;46m┌──────────────────────────────────────────────────────────────────────────────[38;2;255;107;53m│[38;2;35;35;46m─[38;2;255;107;53mpress ctrl+c again to quit[38;2;35;35;46m─[38;2;255;107;53m│[38;2;35;35;46m┐[39m
[38;2;35;35;46m│[1m[38;2;255;107;53mAPERANT[39m[22m [38;2;74;74;88m│[39m [38;2;138;138;154maperant-fixture[39m [38;2;74;74;88m/tmp/aperant-fixture[39m [38;2;74;74;88m│[39m [38;2;56;189;248m⑂ develop[39m             [38;2;255;107;53m◉[38;2;138;138;154m 1 run[38;2;255;107;53m└────────────────────────────┘[38;2;35;35;46m│[39m
[38;2;35;35;46m│[39m [1m[48;2;255;107;53m[38;2;5;5;7m 1 board [39m[49m[22m  [38;2;138;138;154m 2 term [39m  [38;2;138;138;154m 3 road [39m  [38;2;138;138;154m 4 chat [39m  [38;2;138;138;154m 5 tree [39m  [38;2;138;138;154m 6 set [39m  [38;2;138;138;154m 7 agents [39m                                     [38;2;35;35;46m│[39m
[38;2;35;35;46m│[39m [38;2;255;107;53m┌──────────────────────────────────────────────┐[39m [38;2;35;35;46m┌───────────────────────────────────────────────────────┐[39m [38;2;35;35;46m│[39m
[38;2;35;35;46m│[39m [38;2;255;107;53m│[39m [1m[38;2;255;107;53mTASKS[39m[22m                                        [38;2;255;107;53m│[39m [38;2;35;35;46m│[39m [38;2;138;138;154mDETAIL[39m                                                [38;2;35;35;46m│[39m [38;2;35;35;46m│[39m
[38;2;35;35;46m│[39m [38;2;255;107;53m│[39m [38;2;74;74;88m◆[38;2;138;138;154m BACKLOG [38;2;74;74;88m(1)[39m                                [38;2;255;107;53m│[39m [38;2;35;35;46m│[39m [38;2;138;138;154m002-fix-[39m [38;2;255;62;138m[REVIEW][39m                                     [38;2;35;35;46m│[39m [38;2;35;35;46m│[39m
[38;2;35;35;46m│[39m [38;2;255;107;53m│[39m [38;2;74;74;88m  [38;2;138;138;154m004-qa-l[39m [38;2;138;138;154m▽[39m [38;2;138;138;154mQA Loop Docs[38;2;74;74;88m  50%[39m               [38;2;255;107;53m│[39m [38;2;35;35;46m│[39m [38;2;232;232;240mFix Terminal Blank Screen[39m                             [38;2;35;35;46m│[39m [38;2;35;35;46m│[39m
[38;2;35;35;46m│[39m [38;2;255;107;53m│[39m [38;2;255;107;53m◆[38;2;138;138;154m BUILDING [38;2;74;74;88m(1)[39m                               [38;2;255;107;53m│[39m [38;2;35;35;46m│[39m [38;2;138;138;154mprogress[39m [38;2;255;107;53m███████░░░░░░░[39m [38;2;232;232;240m50%[39m                           [38;2;35;35;46m│[39m [38;2;35;35;46m│[39m
[38;2;35;35;46m│[39m [38;2;255;107;53m│[39m [38;2;74;74;88m  [38;2;138;138;154m001-migr[39m [38;2;255;68;68m▲[39m [38;2;138;138;154mMigrate Provider Registry[38;2;255;107;53m  50%[39m  [38;2;255;107;53m│[39m [38;2;35;35;46m│[39m [38;2;138;138;154msubtasks [38;2;232;232;240m2/2 complete[39m                                 [38;2;35;35;46m│[39m [38;2;35;35;46m│[39m
[38;2;35;35;46m│[39m [38;2;255;107;53m│[39m [38;2;255;62;138m◆[38;2;138;138;154m HUMAN [38;2;74;74;88m(1)[39m                                  [38;2;255;107;53m│[39m [38;2;35;35;46m│[39m [38;2;138;138;154mphase [38;2;255;62;138mcomplete[39m                                        [38;2;35;35;46m│[39m [38;2;35;35;46m│[39m
[38;2;35;35;46m│[39m [38;2;255;107;53m│[39m [48;2;16;16;24m[38;2;255;107;53m❯ [38;2;138;138;154m002-fix-[39m [38;2;255;176;0m◆[39m [38;2;232;232;240mFix Terminal Blank Screen[38;2;255;62;138m  50%[39m[49m  [38;2;255;107;53m│[39m [38;2;35;35;46m│[39m [38;2;138;138;154mlocation [38;2;56;189;248mmain[38;2;138;138;154m  spec [38;2;74;74;88m002-fix-terminal-blank[39m            [38;2;35;35;46m│[39m [38;2;35;35;46m│[39m
[38;2;35;35;46m│[39m [38;2;255;107;53m│[39m [38;2;61;220;132m◆[38;2;138;138;154m DONE [38;2;74;74;88m(1)[39m                                   [38;2;255;107;53m│[39m [38;2;35;35;46m└───────────────────────────────────────────────────────┘[39m [38;2;35;35;46m│[39m
[38;2;35;35;46m│[39m [38;2;255;107;53m│[39m [38;2;74;74;88m  [38;2;138;138;154m003-arch[39m [38;2;138;138;154m▽[39m [38;2;138;138;154mArchive Button Fixes[38;2;61;220;132m  50%[39m       [38;2;255;107;53m│[39m                                                           [38;2;35;35;46m│[39m
[38;2;35;35;46m│[39m [38;2;255;107;53m│[39m                                              [38;2;255;107;53m│[39m [38;2;35;35;46m┌───────────────────────────────────────────────────────┐[39m [38;2;35;35;46m│[39m
[38;2;35;35;46m│[39m [38;2;255;107;53m│[39m                                              [38;2;255;107;53m│[39m [38;2;35;35;46m│[39m [38;2;138;138;154mAGENT STREAM[39m                                          [38;2;35;35;46m│[39m [38;2;35;35;46m│[39m
[38;2;35;35;46m│[39m [38;2;255;107;53m│[39m                                              [38;2;255;107;53m│[39m [38;2;35;35;46m│[39m [38;2;138;138;154m17:21:45 start 002-fix- → vendored AgentManager…[39m      [38;2;35;35;46m│[39m [38;2;35;35;46m│[39m
[38;2;35;35;46m│[39m [38;2;255;107;53m│[39m                                              [38;2;255;107;53m│[39m [38;2;35;35;46m│[39m [38;2;138;138;154m17:21:47 started 002-fix-: agent started — phase pla…[39m [38;2;35;35;46m│[39m [38;2;35;35;46m│[39m
[38;2;35;35;46m│[39m [38;2;255;107;53m└──────────────────────────────────────────────┘[39m [38;2;35;35;46m└───────────────────────────────────────────────────────┘[39m [38;2;35;35;46m│[39m
[38;2;35;35;46m│[1m[48;2;255;107;53m[38;2;5;5;7m BOARD [39m[49m[22m [38;2;138;138;154mj/k move · ⏎ focus · s start · x stop · H/L column · l logs · / filter[39m                 [38;2;255;107;53m:[38;2;74;74;88m cmd  [38;2;255;107;53m?[38;2;74;74;88m help[38;2;35;35;46m│[39m
[38;2;35;35;46m└────────────────────────────────────────────────────────────────────────────────────────────────────────────┘[39m
[2K[1A[2K[1A[2K[1A[2K[1A[2K[1A[2K[1A[2K[1A[2K[1A[2K[1A[2K[1A[2K[1A[2K[1A[2K[1A[2K[1A[2K[1A[2K[1A[2K[1A[2K[1A[2K[1A[2K[1A[2K[G[38;2;35;35;46m┌────────────────────────────────────────────────────────────────────────────────────────────────────────────┐[39m
[38;2;35;35;46m│[1m[38;2;255;107;53mAPERANT[39m[22m [38;2;74;74;88m│[39m [38;2;138;138;154maperant-fixture[39m [38;2;74;74;88m/tmp/aperant-fixture[39m [38;2;74;74;88m│[39m [38;2;56;189;248m⑂ develop[39m             [38;2;255;107;53m◉[38;2;138;138;154m 1 running[39m  [38;2;255;176;0m◆[38;2;138;138;154m 1 review[39m  [38;2;61;220;132m●[38;2;138;138;154m no profile[38;2;35;35;46m│[39m
[38;2;35;35;46m│[39m [1m[48;2;255;107;53m[38;2;5;5;7m 1 board [39m[49m[22m  [38;2;138;138;154m 2 term [39m  [38;2;138;138;154m 3 road [39m  [38;2;138;138;154m 4 chat [39m  [38;2;138;138;154m 5 tree [39m  [38;2;138;138;154m 6 set [39m  [38;2;138;138;154m 7 agents [39m                                     [38;2;35;35;46m│[39m
[38;2;35;35;46m│[39m [38;2;255;107;53m┌──────────────────────────────────────────────┐[39m [38;2;35;35;46m┌───────────────────────────────────────────────────────┐[39m [38;2;35;35;46m│[39m
[38;2;35;35;46m│[39m [38;2;255;107;53m│[39m [1m[38;2;255;107;53mTASKS[39m[22m                                        [38;2;255;107;53m│[39m [38;2;35;35;46m│[39m [38;2;138;138;154mDETAIL[39m                                                [38;2;35;35;46m│[39m [38;2;35;35;46m│[39m
[38;2;35;35;46m│[39m [38;2;255;107;53m│[39m [38;2;74;74;88m◆[38;2;138;138;154m BACKLOG [38;2;74;74;88m(1)[39m                                [38;2;255;107;53m│[39m [38;2;35;35;46m│[39m [38;2;138;138;154m002-fix-[39m [38;2;255;62;138m[REVIEW][39m                                     [38;2;35;35;46m│[39m [38;2;35;35;46m│[39m
[38;2;35;35;46m│[39m [38;2;255;107;53m│[39m [38;2;74;74;88m  [38;2;138;138;154m004-qa-l[39m [38;2;138;138;154m▽[39m [38;2;138;138;154mQA Loop Docs[38;2;74;74;88m  50%[39m               [38;2;255;107;53m│[39m [38;2;35;35;46m│[39m [38;2;232;232;240mFix Terminal Blank Screen[39m                             [38;2;35;35;46m│[39m [38;2;35;35;46m│[39m
[38;2;35;35;46m│[39m [38;2;255;107;53m│[39m [38;2;255;107;53m◆[38;2;138;138;154m BUILDING [38;2;74;74;88m(1)[39m                               [38;2;255;107;53m│[39m [38;2;35;35;46m│[39m [38;2;138;138;154mprogress[39m [38;2;255;107;53m███████░░░░░░░[39m [38;2;232;232;240m50%[39m                           [38;2;35;35;46m│[39m [38;2;35;35;46m│[39m
[38;2;35;35;46m│[39m [38;2;255;107;53m│[39m [38;2;74;74;88m  [38;2;138;138;154m001-migr[39m [38;2;255;68;68m▲[39m [38;2;138;138;154mMigrate Provider Registry[38;2;255;107;53m  50%[39m  [38;2;255;107;53m│[39m [38;2;35;35;46m│[39m [38;2;138;138;154msubtasks [38;2;232;232;240m2/2 complete[39m                                 [38;2;35;35;46m│[39m [38;2;35;35;46m│[39m
[38;2;35;35;46m│[39m [38;2;255;107;53m│[39m [38;2;255;62;138m◆[38;2;138;138;154m HUMAN [38;2;74;74;88m(1)[39m                                  [38;2;255;107;53m│[39m [38;2;35;35;46m│[39m [38;2;138;138;154mphase [38;2;255;62;138mcomplete[39m                                        [38;2;35;35;46m│[39m [38;2;35;35;46m│[39m
[38;2;35;35;46m│[39m [38;2;255;107;53m│[39m [48;2;16;16;24m[38;2;255;107;53m❯ [38;2;138;138;154m002-fix-[39m [38;2;255;176;0m◆[39m [38;2;232;232;240mFix Terminal Blank Screen[38;2;255;62;138m  50%[39m[49m  [38;2;255;107;53m│[39m [38;2;35;35;46m│[39m [38;2;138;138;154mlocation [38;2;56;189;248mmain[38;2;138;138;154m  spec [38;2;74;74;88m002-fix-terminal-blank[39m            [38;2;35;35;46m│[39m [38;2;35;35;46m│[39m
[38;2;35;35;46m│[39m [38;2;255;107;53m│[39m [38;2;61;220;132m◆[38;2;138;138;154m DONE [38;2;74;74;88m(1)[39m                                   [38;2;255;107;53m│[39m [38;2;35;35;46m└───────────────────────────────────────────────────────┘[39m [38;2;35;35;46m│[39m
[38;2;35;35;46m│[39m [38;2;255;107;53m│[39m [38;2;74;74;88m  [38;2;138;138;154m003-arch[39m [38;2;138;138;154m▽[39m [38;2;138;138;154mArchive Button Fixes[38;2;61;220;132m  50%[39m       [38;2;255;107;53m│[39m                                                           [38;2;35;35;46m│[39m
[38;2;35;35;46m│[39m [38;2;255;107;53m│[39m                                              [38;2;255;107;53m│[39m [38;2;35;35;46m┌───────────────────────────────────────────────────────┐[39m [38;2;35;35;46m│[39m
[38;2;35;35;46m│[39m [38;2;255;107;53m│[39m                                              [38;2;255;107;53m│[39m [38;2;35;35;46m│[39m [38;2;138;138;154mAGENT STREAM[39m                                          [38;2;35;35;46m│[39m [38;2;35;35;46m│[39m
[38;2;35;35;46m│[39m [38;2;255;107;53m│[39m                                              [38;2;255;107;53m│[39m [38;2;35;35;46m│[39m [38;2;138;138;154m17:21:45 start 002-fix- → vendored AgentManager…[39m      [38;2;35;35;46m│[39m [38;2;35;35;46m│[39m
[38;2;35;35;46m│[39m [38;2;255;107;53m│[39m                                              [38;2;255;107;53m│[39m [38;2;35;35;46m│[39m [38;2;138;138;154m17:21:47 started 002-fix-: agent started — phase pla…[39m [38;2;35;35;46m│[39m [38;2;35;35;46m│[39m
[38;2;35;35;46m│[39m [38;2;255;107;53m└──────────────────────────────────────────────┘[39m [38;2;35;35;46m└───────────────────────────────────────────────────────┘[39m [38;2;35;35;46m│[39m
[38;2;35;35;46m│[1m[48;2;255;107;53m[38;2;5;5;7m BOARD [39m[49m[22m [38;2;138;138;154mj/k move · ⏎ focus · s start · x stop · H/L column · l logs · / filter[39m                 [38;2;255;107;53m:[38;2;74;74;88m cmd  [38;2;255;107;53m?[38;2;74;74;88m help[38;2;35;35;46m│[39m
[38;2;35;35;46m└────────────────────────────────────────────────────────────────────────────────────────────────────────────┘[39m
[2K[1A[2K[1A[2K[1A[2K[1A[2K[1A[2K[1A[2K[1A[2K[1A[2K[1A[2K[1A[2K[1A[2K[1A[2K[1A[2K[1A[2K[1A[2K[1A[2K[1A[2K[1A[2K[1A[2K[1A[2K[G[38;2;35;35;46m┌────────────────────────────────────────────────────────────────────────────────────────────────────────────┐[39m
[38;2;35;35;46m│[1m[38;2;255;107;53mAPERANT[39m[22m [38;2;74;74;88m│[39m [38;2;138;138;154maperant-fixture[39m [38;2;74;74;88m/tmp/aperant-fixture[39m [38;2;74;74;88m│[39m [38;2;56;189;248m⑂ develop[39m             [38;2;255;107;53m◉[38;2;138;138;154m 1 running[39m  [38;2;255;176;0m◆[38;2;138;138;154m 0 review[39m  [38;2;61;220;132m●[38;2;138;138;154m no profile[38;2;35;35;46m│[39m
[38;2;35;35;46m│[39m [1m[48;2;255;107;53m[38;2;5;5;7m 1 board [39m[49m[22m  [38;2;138;138;154m 2 term [39m  [38;2;138;138;154m 3 road [39m  [38;2;138;138;154m 4 chat [39m  [38;2;138;138;154m 5 tree [39m  [38;2;138;138;154m 6 set [39m  [38;2;138;138;154m 7 agents [39m                                     [38;2;35;35;46m│[39m
[38;2;35;35;46m│[39m [38;2;255;107;53m┌──────────────────────────────────────────────┐[39m [38;2;35;35;46m┌───────────────────────────────────────────────────────┐[39m [38;2;35;35;46m│[39m
[38;2;35;35;46m│[39m [38;2;255;107;53m│[39m [1m[38;2;255;107;53mTASKS[39m[22m                                        [38;2;255;107;53m│[39m [38;2;35;35;46m│[39m [38;2;138;138;154mDETAIL[39m                                                [38;2;35;35;46m│[39m [38;2;35;35;46m│[39m
[38;2;35;35;46m│[39m [38;2;255;107;53m│[39m [38;2;74;74;88m◆[38;2;138;138;154m BACKLOG [38;2;74;74;88m(1)[39m                                [38;2;255;107;53m│[39m [38;2;35;35;46m│[39m [38;2;138;138;154m002-fix-[39m [38;2;56;189;248m[QUEUED][39m                                     [38;2;35;35;46m│[39m [38;2;35;35;46m│[39m
[38;2;35;35;46m│[39m [38;2;255;107;53m│[39m [38;2;74;74;88m  [38;2;138;138;154m004-qa-l[39m [38;2;138;138;154m▽[39m [38;2;138;138;154mQA Loop Docs[38;2;74;74;88m  50%[39m               [38;2;255;107;53m│[39m [38;2;35;35;46m│[39m [38;2;232;232;240mFix Terminal Blank Screen[39m                             [38;2;35;35;46m│[39m [38;2;35;35;46m│[39m
[38;2;35;35;46m│[39m [38;2;255;107;53m│[39m [38;2;56;189;248m◆[38;2;138;138;154m QUEUE [38;2;74;74;88m(1)[39m                                  [38;2;255;107;53m│[39m [38;2;35;35;46m│[39m [38;2;138;138;154mprogress[39m [38;2;255;107;53m███████░░░░░░░[39m [38;2;232;232;240m50%[39m                           [38;2;35;35;46m│[39m [38;2;35;35;46m│[39m
[38;2;35;35;46m│[39m [38;2;255;107;53m│[39m [48;2;16;16;24m[38;2;255;107;53m❯ [38;2;138;138;154m002-fix-[39m [38;2;255;176;0m◆[39m [38;2;232;232;240mFix Terminal Blank Screen[38;2;56;189;248m  50%[39m[49m  [38;2;255;107;53m│[39m [38;2;35;35;46m│[39m [38;2;138;138;154msubtasks [38;2;232;232;240m0/2 complete[39m                                 [38;2;35;35;46m│[39m [38;2;35;35;46m│[39m
[38;2;35;35;46m│[39m [38;2;255;107;53m│[39m [38;2;255;107;53m◆[38;2;138;138;154m BUILDING [38;2;74;74;88m(1)[39m                               [38;2;255;107;53m│[39m [38;2;35;35;46m│[39m [38;2;138;138;154mphase [38;2;255;62;138midle[39m                                            [38;2;35;35;46m│[39m [38;2;35;35;46m│[39m
[38;2;35;35;46m│[39m [38;2;255;107;53m│[39m [38;2;74;74;88m  [38;2;138;138;154m001-migr[39m [38;2;255;68;68m▲[39m [38;2;138;138;154mMigrate Provider Registry[38;2;255;107;53m  50%[39m  [38;2;255;107;53m│[39m [38;2;35;35;46m│[39m [38;2;138;138;154mlocation [38;2;56;189;248mmain[38;2;138;138;154m  spec [38;2;74;74;88m002-fix-terminal-blank[39m            [38;2;35;35;46m│[39m [38;2;35;35;46m│[39m
[38;2;35;35;46m│[39m [38;2;255;107;53m│[39m [38;2;61;220;132m◆[38;2;138;138;154m DONE [38;2;74;74;88m(1)[39m                                   [38;2;255;107;53m│[39m [38;2;35;35;46m└───────────────────────────────────────────────────────┘[39m [38;2;35;35;46m│[39m
[38;2;35;35;46m│[39m [38;2;255;107;53m│[39m [38;2;74;74;88m  [38;2;138;138;154m003-arch[39m [38;2;138;138;154m▽[39m [38;2;138;138;154mArchive Button Fixes[38;2;61;220;132m  50%[39m       [38;2;255;107;53m│[39m                                                           [38;2;35;35;46m│[39m
[38;2;35;35;46m│[39m [38;2;255;107;53m│[39m                                              [38;2;255;107;53m│[39m [38;2;35;35;46m┌───────────────────────────────────────────────────────┐[39m [38;2;35;35;46m│[39m
[38;2;35;35;46m│[39m [38;2;255;107;53m│[39m                                              [38;2;255;107;53m│[39m [38;2;35;35;46m│[39m [38;2;138;138;154mAGENT STREAM[39m                                          [38;2;35;35;46m│[39m [38;2;35;35;46m│[39m
[38;2;35;35;46m│[39m [38;2;255;107;53m│[39m                                              [38;2;255;107;53m│[39m [38;2;35;35;46m│[39m [38;2;138;138;154m17:21:45 start 002-fix- → vendored AgentManager…[39m      [38;2;35;35;46m│[39m [38;2;35;35;46m│[39m
[38;2;35;35;46m│[39m [38;2;255;107;53m│[39m                                              [38;2;255;107;53m│[39m [38;2;35;35;46m│[39m [38;2;138;138;154m17:21:47 started 002-fix-: agent started — phase pla…[39m [38;2;35;35;46m│[39m [38;2;35;35;46m│[39m
[38;2;35;35;46m│[39m [38;2;255;107;53m└──────────────────────────────────────────────┘[39m [38;2;35;35;46m└───────────────────────────────────────────────────────┘[39m [38;2;35;35;46m│[39m
[38;2;35;35;46m│[1m[48;2;255;107;53m[38;2;5;5;7m BOARD [39m[49m[22m [38;2;138;138;154mj/k move · ⏎ focus · s start · x stop · H/L column · l logs · / filter[39m                 [38;2;255;107;53m:[38;2;74;74;88m cmd  [38;2;255;107;53m?[38;2;74;74;88m help[38;2;35;35;46m│[39m
[38;2;35;35;46m└────────────────────────────────────────────────────────────────────────────────────────────────────────────┘[39m
[2K[1A[2K[1A[2K[1A[2K[1A[2K[1A[2K[1A[2K[1A[2K[1A[2K[1A[2K[1A[2K[1A[2K[1A[2K[1A[2K[1A[2K[1A[2K[1A[2K[1A[2K[1A[2K[1A[2K[1A[2K[G[38;2;35;35;46m┌────────────────────────────────────────────────────────────────────────────────────────────────────────────┐[39m
[38;2;35;35;46m│[1m[38;2;255;107;53mAPERANT[39m[22m [38;2;74;74;88m│[39m [38;2;138;138;154maperant-fixture[39m [38;2;74;74;88m/tmp/aperant-fixture[39m [38;2;74;74;88m│[39m [38;2;56;189;248m⑂ develop[39m             [38;2;255;107;53m◉[38;2;138;138;154m 1 running[39m  [38;2;255;176;0m◆[38;2;138;138;154m 0 review[39m  [38;2;61;220;132m●[38;2;138;138;154m no profile[38;2;35;35;46m│[39m
[38;2;35;35;46m│[39m [1m[48;2;255;107;53m[38;2;5;5;7m 1 board [39m[49m[22m  [38;2;138;138;154m 2 term [39m  [38;2;138;138;154m 3 road [39m  [38;2;138;138;154m 4 chat [39m  [38;2;138;138;154m 5 tree [39m  [38;2;138;138;154m 6 set [39m  [38;2;138;138;154m 7 agents [39m                                     [38;2;35;35;46m│[39m
[38;2;35;35;46m│[39m [38;2;255;107;53m┌──────────────────────────────────────────────┐[39m [38;2;35;35;46m┌───────────────────────────────────────────────────────┐[39m [38;2;35;35;46m│[39m
[38;2;35;35;46m│[39m [38;2;255;107;53m│[39m [1m[38;2;255;107;53mTASKS[39m[22m                                        [38;2;255;107;53m│[39m [38;2;35;35;46m│[39m [38;2;138;138;154mDETAIL[39m                                                [38;2;35;35;46m│[39m [38;2;35;35;46m│[39m
[38;2;35;35;46m│[39m [38;2;255;107;53m│[39m [38;2;74;74;88m◆[38;2;138;138;154m BACKLOG [38;2;74;74;88m(1)[39m                                [38;2;255;107;53m│[39m [38;2;35;35;46m│[39m [38;2;138;138;154m002-fix-[39m [38;2;56;189;248m[QUEUED][39m                                     [38;2;35;35;46m│[39m [38;2;35;35;46m│[39m
[38;2;35;35;46m│[39m [38;2;255;107;53m│[39m [38;2;74;74;88m  [38;2;138;138;154m004-qa-l[39m [38;2;138;138;154m▽[39m [38;2;138;138;154mQA Loop Docs[38;2;74;74;88m  50%[39m               [38;2;255;107;53m│[39m [38;2;35;35;46m│[39m [38;2;232;232;240mFix Terminal Blank Screen[39m                             [38;2;35;35;46m│[39m [38;2;35;35;46m│[39m
[38;2;35;35;46m│[39m [38;2;255;107;53m│[39m [38;2;56;189;248m◆[38;2;138;138;154m QUEUE [38;2;74;74;88m(1)[39m                                  [38;2;255;107;53m│[39m [38;2;35;35;46m│[39m [38;2;138;138;154mprogress[39m [38;2;255;107;53m███████░░░░░░░[39m [38;2;232;232;240m50%[39m                           [38;2;35;35;46m│[39m [38;2;35;35;46m│[39m
[38;2;35;35;46m│[39m [38;2;255;107;53m│[39m [48;2;16;16;24m[38;2;255;107;53m❯ [38;2;138;138;154m002-fix-[39m [38;2;255;176;0m◆[39m [38;2;232;232;240mFix Terminal Blank Screen[38;2;56;189;248m  50%[39m[49m  [38;2;255;107;53m│[39m [38;2;35;35;46m│[39m [38;2;138;138;154msubtasks [38;2;232;232;240m1/2 complete[39m                                 [38;2;35;35;46m│[39m [38;2;35;35;46m│[39m
[38;2;35;35;46m│[39m [38;2;255;107;53m│[39m [38;2;255;107;53m◆[38;2;138;138;154m BUILDING [38;2;74;74;88m(1)[39m                               [38;2;255;107;53m│[39m [38;2;35;35;46m│[39m [38;2;138;138;154mphase [38;2;255;62;138mcoding[39m                                          [38;2;35;35;46m│[39m [38;2;35;35;46m│[39m
[38;2;35;35;46m│[39m [38;2;255;107;53m│[39m [38;2;74;74;88m  [38;2;138;138;154m001-migr[39m [38;2;255;68;68m▲[39m [38;2;138;138;154mMigrate Provider Registry[38;2;255;107;53m  50%[39m  [38;2;255;107;53m│[39m [38;2;35;35;46m│[39m [38;2;138;138;154mlocation [38;2;56;189;248mmain[38;2;138;138;154m  spec [38;2;74;74;88m002-fix-terminal-blank[39m            [38;2;35;35;46m│[39m [38;2;35;35;46m│[39m
[38;2;35;35;46m│[39m [38;2;255;107;53m│[39m [38;2;61;220;132m◆[38;2;138;138;154m DONE [38;2;74;74;88m(1)[39m                                   [38;2;255;107;53m│[39m [38;2;35;35;46m└───────────────────────────────────────────────────────┘[39m [38;2;35;35;46m│[39m
[38;2;35;35;46m│[39m [38;2;255;107;53m│[39m [38;2;74;74;88m  [38;2;138;138;154m003-arch[39m [38;2;138;138;154m▽[39m [38;2;138;138;154mArchive Button Fixes[38;2;61;220;132m  50%[39m       [38;2;255;107;53m│[39m                                                           [38;2;35;35;46m│[39m
[38;2;35;35;46m│[39m [38;2;255;107;53m│[39m                                              [38;2;255;107;53m│[39m [38;2;35;35;46m┌───────────────────────────────────────────────────────┐[39m [38;2;35;35;46m│[39m
[38;2;35;35;46m│[39m [38;2;255;107;53m│[39m                                              [38;2;255;107;53m│[39m [38;2;35;35;46m│[39m [38;2;138;138;154mAGENT STREAM[39m                                          [38;2;35;35;46m│[39m [38;2;35;35;46m│[39m
[38;2;35;35;46m│[39m [38;2;255;107;53m│[39m                                              [38;2;255;107;53m│[39m [38;2;35;35;46m│[39m [38;2;138;138;154m17:21:45 start 002-fix- → vendored AgentManager…[39m      [38;2;35;35;46m│[39m [38;2;35;35;46m│[39m
[38;2;35;35;46m│[39m [38;2;255;107;53m│[39m                                              [38;2;255;107;53m│[39m [38;2;35;35;46m│[39m [38;2;138;138;154m17:21:47 started 002-fix-: agent started — phase pla…[39m [38;2;35;35;46m│[39m [38;2;35;35;46m│[39m
[38;2;35;35;46m│[39m [38;2;255;107;53m└──────────────────────────────────────────────┘[39m [38;2;35;35;46m└───────────────────────────────────────────────────────┘[39m [38;2;35;35;46m│[39m
[38;2;35;35;46m│[1m[48;2;255;107;53m[38;2;5;5;7m BOARD [39m[49m[22m [38;2;138;138;154mj/k move · ⏎ focus · s start · x stop · H/L column · l logs · / filter[39m                 [38;2;255;107;53m:[38;2;74;74;88m cmd  [38;2;255;107;53m?[38;2;74;74;88m help[38;2;35;35;46m│[39m
[38;2;35;35;46m└────────────────────────────────────────────────────────────────────────────────────────────────────────────┘[39m
[2K[1A[2K[1A[2K[1A[2K[1A[2K[1A[2K[1A[2K[1A[2K[1A[2K[1A[2K[1A[2K[1A[2K[1A[2K[1A[2K[1A[2K[1A[2K[1A[2K[1A[2K[1A[2K[1A[2K[1A[2K[G[38;2;35;35;46m┌────────────────────────────────────────────────────────────────────────────────────────────────────────────┐[39m
[38;2;35;35;46m│[1m[38;2;255;107;53mAPERANT[39m[22m [38;2;74;74;88m│[39m [38;2;138;138;154maperant-fixture[39m [38;2;74;74;88m/tmp/aperant-fixture[39m [38;2;74;74;88m│[39m [38;2;56;189;248m⑂ develop[39m             [38;2;255;107;53m◉[38;2;138;138;154m 1 running[39m  [38;2;255;176;0m◆[38;2;138;138;154m 0 review[39m  [38;2;61;220;132m●[38;2;138;138;154m no profile[38;2;35;35;46m│[39m
[38;2;35;35;46m│[39m [1m[48;2;255;107;53m[38;2;5;5;7m 1 board [39m[49m[22m  [38;2;138;138;154m 2 term [39m  [38;2;138;138;154m 3 road [39m  [38;2;138;138;154m 4 chat [39m  [38;2;138;138;154m 5 tree [39m  [38;2;138;138;154m 6 set [39m  [38;2;138;138;154m 7 agents [39m                                     [38;2;35;35;46m│[39m
[38;2;35;35;46m│[39m [38;2;255;107;53m┌──────────────────────────────────────────────┐[39m [38;2;35;35;46m┌───────────────────────────────────────────────────────┐[39m [38;2;35;35;46m│[39m
[38;2;35;35;46m│[39m [38;2;255;107;53m│[39m [1m[38;2;255;107;53mTASKS[39m[22m                                        [38;2;255;107;53m│[39m [38;2;35;35;46m│[39m [38;2;138;138;154mDETAIL[39m                                                [38;2;35;35;46m│[39m [38;2;35;35;46m│[39m
[38;2;35;35;46m│[39m [38;2;255;107;53m│[39m [38;2;74;74;88m◆[38;2;138;138;154m BACKLOG [38;2;74;74;88m(1)[39m                                [38;2;255;107;53m│[39m [38;2;35;35;46m│[39m [38;2;138;138;154m002-fix-[39m [38;2;56;189;248m[QUEUED][39m                                     [38;2;35;35;46m│[39m [38;2;35;35;46m│[39m
[38;2;35;35;46m│[39m [38;2;255;107;53m│[39m [38;2;74;74;88m  [38;2;138;138;154m004-qa-l[39m [38;2;138;138;154m▽[39m [38;2;138;138;154mQA Loop Docs[38;2;74;74;88m  50%[39m               [38;2;255;107;53m│[39m [38;2;35;35;46m│[39m [38;2;232;232;240mFix Terminal Blank Screen[39m                             [38;2;35;35;46m│[39m [38;2;35;35;46m│[39m
[38;2;35;35;46m│[39m [38;2;255;107;53m│[39m [38;2;56;189;248m◆[38;2;138;138;154m QUEUE [38;2;74;74;88m(1)[39m                                  [38;2;255;107;53m│[39m [38;2;35;35;46m│[39m [38;2;138;138;154mprogress[39m [38;2;255;107;53m███████░░░░░░░[39m [38;2;232;232;240m50%[39m                           [38;2;35;35;46m│[39m [38;2;35;35;46m│[39m
[38;2;35;35;46m│[39m [38;2;255;107;53m│[39m [48;2;16;16;24m[38;2;255;107;53m❯ [38;2;138;138;154m002-fix-[39m [38;2;255;176;0m◆[39m [38;2;232;232;240mFix Terminal Blank Screen[38;2;56;189;248m  50%[39m[49m  [38;2;255;107;53m│[39m [38;2;35;35;46m│[39m [38;2;138;138;154msubtasks [38;2;232;232;240m2/2 complete[39m                                 [38;2;35;35;46m│[39m [38;2;35;35;46m│[39m
[38;2;35;35;46m│[39m [38;2;255;107;53m│[39m [38;2;255;107;53m◆[38;2;138;138;154m BUILDING [38;2;74;74;88m(1)[39m                               [38;2;255;107;53m│[39m [38;2;35;35;46m│[39m [38;2;138;138;154mphase [38;2;255;62;138mcoding[39m                                          [38;2;35;35;46m│[39m [38;2;35;35;46m│[39m
[38;2;35;35;46m│[39m [38;2;255;107;53m│[39m [38;2;74;74;88m  [38;2;138;138;154m001-migr[39m [38;2;255;68;68m▲[39m [38;2;138;138;154mMigrate Provider Registry[38;2;255;107;53m  50%[39m  [38;2;255;107;53m│[39m [38;2;35;35;46m│[39m [38;2;138;138;154mlocation [38;2;56;189;248mmain[38;2;138;138;154m  spec [38;2;74;74;88m002-fix-terminal-blank[39m            [38;2;35;35;46m│[39m [38;2;35;35;46m│[39m
[38;2;35;35;46m│[39m [38;2;255;107;53m│[39m [38;2;61;220;132m◆[38;2;138;138;154m DONE [38;2;74;74;88m(1)[39m                                   [38;2;255;107;53m│[39m [38;2;35;35;46m└───────────────────────────────────────────────────────┘[39m [38;2;35;35;46m│[39m
[38;2;35;35;46m│[39m [38;2;255;107;53m│[39m [38;2;74;74;88m  [38;2;138;138;154m003-arch[39m [38;2;138;138;154m▽[39m [38;2;138;138;154mArchive Button Fixes[38;2;61;220;132m  50%[39m       [38;2;255;107;53m│[39m                                                           [38;2;35;35;46m│[39m
[38;2;35;35;46m│[39m [38;2;255;107;53m│[39m                                              [38;2;255;107;53m│[39m [38;2;35;35;46m┌───────────────────────────────────────────────────────┐[39m [38;2;35;35;46m│[39m
[38;2;35;35;46m│[39m [38;2;255;107;53m│[39m                                              [38;2;255;107;53m│[39m [38;2;35;35;46m│[39m [38;2;138;138;154mAGENT STREAM[39m                                          [38;2;35;35;46m│[39m [38;2;35;35;46m│[39m
[38;2;35;35;46m│[39m [38;2;255;107;53m│[39m                                              [38;2;255;107;53m│[39m [38;2;35;35;46m│[39m [38;2;138;138;154m17:21:45 start 002-fix- → vendored AgentManager…[39m      [38;2;35;35;46m│[39m [38;2;35;35;46m│[39m
[38;2;35;35;46m│[39m [38;2;255;107;53m│[39m                                              [38;2;255;107;53m│[39m [38;2;35;35;46m│[39m [38;2;138;138;154m17:21:47 started 002-fix-: agent started — phase pla…[39m [38;2;35;35;46m│[39m [38;2;35;35;46m│[39m
[38;2;35;35;46m│[39m [38;2;255;107;53m└──────────────────────────────────────────────┘[39m [38;2;35;35;46m└───────────────────────────────────────────────────────┘[39m [38;2;35;35;46m│[39m
[38;2;35;35;46m│[1m[48;2;255;107;53m[38;2;5;5;7m BOARD [39m[49m[22m [38;2;138;138;154mj/k move · ⏎ focus · s start · x stop · H/L column · l logs · / filter[39m                 [38;2;255;107;53m:[38;2;74;74;88m cmd  [38;2;255;107;53m?[38;2;74;74;88m help[38;2;35;35;46m│[39m
[38;2;35;35;46m└────────────────────────────────────────────────────────────────────────────────────────────────────────────┘[39m
[2K[1A[2K[1A[2K[1A[2K[1A[2K[1A[2K[1A[2K[1A[2K[1A[2K[1A[2K[1A[2K[1A[2K[1A[2K[1A[2K[1A[2K[1A[2K[1A[2K[1A[2K[1A[2K[1A[2K[1A[2K[G[38;2;35;35;46m┌────────────────────────────────────────────────────────────────────────────────────────────────────────────┐[39m
[38;2;35;35;46m│[1m[38;2;255;107;53mAPERANT[39m[22m [38;2;74;74;88m│[39m [38;2;138;138;154maperant-fixture[39m [38;2;74;74;88m/tmp/aperant-fixture[39m [38;2;74;74;88m│[39m [38;2;56;189;248m⑂ develop[39m             [38;2;255;107;53m◉[38;2;138;138;154m 1 running[39m  [38;2;255;176;0m◆[38;2;138;138;154m 1 review[39m  [38;2;61;220;132m●[38;2;138;138;154m no profile[38;2;35;35;46m│[39m
[38;2;35;35;46m│[39m [1m[48;2;255;107;53m[38;2;5;5;7m 1 board [39m[49m[22m  [38;2;138;138;154m 2 term [39m  [38;2;138;138;154m 3 road [39m  [38;2;138;138;154m 4 chat [39m  [38;2;138;138;154m 5 tree [39m  [38;2;138;138;154m 6 set [39m  [38;2;138;138;154m 7 agents [39m                                     [38;2;35;35;46m│[39m
[38;2;35;35;46m│[39m [38;2;255;107;53m┌──────────────────────────────────────────────┐[39m [38;2;35;35;46m┌───────────────────────────────────────────────────────┐[39m [38;2;35;35;46m│[39m
[38;2;35;35;46m│[39m [38;2;255;107;53m│[39m [1m[38;2;255;107;53mTASKS[39m[22m                                        [38;2;255;107;53m│[39m [38;2;35;35;46m│[39m [38;2;138;138;154mDETAIL[39m                                                [38;2;35;35;46m│[39m [38;2;35;35;46m│[39m
[38;2;35;35;46m│[39m [38;2;255;107;53m│[39m [38;2;74;74;88m◆[38;2;138;138;154m BACKLOG [38;2;74;74;88m(1)[39m                                [38;2;255;107;53m│[39m [38;2;35;35;46m│[39m [38;2;138;138;154m002-fix-[39m [38;2;255;62;138m[REVIEW][39m                                     [38;2;35;35;46m│[39m [38;2;35;35;46m│[39m
[38;2;35;35;46m│[39m [38;2;255;107;53m│[39m [38;2;74;74;88m  [38;2;138;138;154m004-qa-l[39m [38;2;138;138;154m▽[39m [38;2;138;138;154mQA Loop Docs[38;2;74;74;88m  50%[39m               [38;2;255;107;53m│[39m [38;2;35;35;46m│[39m [38;2;232;232;240mFix Terminal Blank Screen[39m                             [38;2;35;35;46m│[39m [38;2;35;35;46m│[39m
[38;2;35;35;46m│[39m [38;2;255;107;53m│[39m [38;2;255;107;53m◆[38;2;138;138;154m BUILDING [38;2;74;74;88m(1)[39m                               [38;2;255;107;53m│[39m [38;2;35;35;46m│[39m [38;2;138;138;154mprogress[39m [38;2;255;107;53m███████░░░░░░░[39m [38;2;232;232;240m50%[39m                           [38;2;35;35;46m│[39m [38;2;35;35;46m│[39m
[38;2;35;35;46m│[39m [38;2;255;107;53m│[39m [38;2;74;74;88m  [38;2;138;138;154m001-migr[39m [38;2;255;68;68m▲[39m [38;2;138;138;154mMigrate Provider Registry[38;2;255;107;53m  50%[39m  [38;2;255;107;53m│[39m [38;2;35;35;46m│[39m [38;2;138;138;154msubtasks [38;2;232;232;240m2/2 complete[39m                                 [38;2;35;35;46m│[39m [38;2;35;35;46m│[39m
[38;2;35;35;46m│[39m [38;2;255;107;53m│[39m [38;2;255;62;138m◆[38;2;138;138;154m HUMAN [38;2;74;74;88m(1)[39m                                  [38;2;255;107;53m│[39m [38;2;35;35;46m│[39m [38;2;138;138;154mphase [38;2;255;62;138mcomplete[39m                                        [38;2;35;35;46m│[39m [38;2;35;35;46m│[39m
[38;2;35;35;46m│[39m [38;2;255;107;53m│[39m [48;2;16;16;24m[38;2;255;107;53m❯ [38;2;138;138;154m002-fix-[39m [38;2;255;176;0m◆[39m [38;2;232;232;240mFix Terminal Blank Screen[38;2;255;62;138m  50%[39m[49m  [38;2;255;107;53m│[39m [38;2;35;35;46m│[39m [38;2;138;138;154mlocation [38;2;56;189;248mmain[38;2;138;138;154m  spec [38;2;74;74;88m002-fix-terminal-blank[39m            [38;2;35;35;46m│[39m [38;2;35;35;46m│[39m
[38;2;35;35;46m│[39m [38;2;255;107;53m│[39m [38;2;61;220;132m◆[38;2;138;138;154m DONE [38;2;74;74;88m(1)[39m                                   [38;2;255;107;53m│[39m [38;2;35;35;46m└───────────────────────────────────────────────────────┘[39m [38;2;35;35;46m│[39m
[38;2;35;35;46m│[39m [38;2;255;107;53m│[39m [38;2;74;74;88m  [38;2;138;138;154m003-arch[39m [38;2;138;138;154m▽[39m [38;2;138;138;154mArchive Button Fixes[38;2;61;220;132m  50%[39m       [38;2;255;107;53m│[39m                                                           [38;2;35;35;46m│[39m
[38;2;35;35;46m│[39m [38;2;255;107;53m│[39m                                              [38;2;255;107;53m│[39m [38;2;35;35;46m┌───────────────────────────────────────────────────────┐[39m [38;2;35;35;46m│[39m
[38;2;35;35;46m│[39m [38;2;255;107;53m│[39m                                              [38;2;255;107;53m│[39m [38;2;35;35;46m│[39m [38;2;138;138;154mAGENT STREAM[39m                                          [38;2;35;35;46m│[39m [38;2;35;35;46m│[39m
[38;2;35;35;46m│[39m [38;2;255;107;53m│[39m                                              [38;2;255;107;53m│[39m [38;2;35;35;46m│[39m [38;2;138;138;154m17:21:45 start 002-fix- → vendored AgentManager…[39m      [38;2;35;35;46m│[39m [38;2;35;35;46m│[39m
[38;2;35;35;46m│[39m [38;2;255;107;53m│[39m                                              [38;2;255;107;53m│[39m [38;2;35;35;46m│[39m [38;2;138;138;154m17:21:47 started 002-fix-: agent started — phase pla…[39m [38;2;35;35;46m│[39m [38;2;35;35;46m│[39m
[38;2;35;35;46m│[39m [38;2;255;107;53m└──────────────────────────────────────────────┘[39m [38;2;35;35;46m└───────────────────────────────────────────────────────┘[39m [38;2;35;35;46m│[39m
[38;2;35;35;46m│[1m[48;2;255;107;53m[38;2;5;5;7m BOARD [39m[49m[22m [38;2;138;138;154mj/k move · ⏎ focus · s start · x stop · H/L column · l logs · / filter[39m                 [38;2;255;107;53m:[38;2;74;74;88m cmd  [38;2;255;107;53m?[38;2;74;74;88m help[38;2;35;35;46m│[39m
[38;2;35;35;46m└────────────────────────────────────────────────────────────────────────────────────────────────────────────┘[39m
[2K[1A[2K[1A[2K[1A[2K[1A[2K[1A[2K[1A[2K[1A[2K[1A[2K[1A[2K[1A[2K[1A[2K[1A[2K[1A[2K[1A[2K[1A[2K[1A[2K[1A[2K[1A[2K[1A[2K[1A[2K[G[38;2;35;35;46m┌────────────────────────────────────────────────────────────────────────────────────────────────────────────┐[39m
[38;2;35;35;46m│[1m[38;2;255;107;53mAPERANT[39m[22m [38;2;74;74;88m│[39m [38;2;138;138;154maperant-fixture[39m [38;2;74;74;88m/tmp/aperant-fixture[39m [38;2;74;74;88m│[39m [38;2;56;189;248m⑂ develop[39m             [38;2;255;107;53m◉[38;2;138;138;154m 1 running[39m  [38;2;255;176;0m◆[38;2;138;138;154m 0 review[39m  [38;2;61;220;132m●[38;2;138;138;154m no profile[38;2;35;35;46m│[39m
[38;2;35;35;46m│[39m [1m[48;2;255;107;53m[38;2;5;5;7m 1 board [39m[49m[22m  [38;2;138;138;154m 2 term [39m  [38;2;138;138;154m 3 road [39m  [38;2;138;138;154m 4 chat [39m  [38;2;138;138;154m 5 tree [39m  [38;2;138;138;154m 6 set [39m  [38;2;138;138;154m 7 agents [39m                                     [38;2;35;35;46m│[39m
[38;2;35;35;46m│[39m [38;2;255;107;53m┌──────────────────────────────────────────────┐[39m [38;2;35;35;46m┌───────────────────────────────────────────────────────┐[39m [38;2;35;35;46m│[39m
[38;2;35;35;46m│[39m [38;2;255;107;53m│[39m [1m[38;2;255;107;53mTASKS[39m[22m                                        [38;2;255;107;53m│[39m [38;2;35;35;46m│[39m [38;2;138;138;154mDETAIL[39m                                                [38;2;35;35;46m│[39m [38;2;35;35;46m│[39m
[38;2;35;35;46m│[39m [38;2;255;107;53m│[39m [38;2;74;74;88m◆[38;2;138;138;154m BACKLOG [38;2;74;74;88m(1)[39m                                [38;2;255;107;53m│[39m [38;2;35;35;46m│[39m [38;2;138;138;154m002-fix-[39m [38;2;56;189;248m[QUEUED][39m                                     [38;2;35;35;46m│[39m [38;2;35;35;46m│[39m
[38;2;35;35;46m│[39m [38;2;255;107;53m│[39m [38;2;74;74;88m  [38;2;138;138;154m004-qa-l[39m [38;2;138;138;154m▽[39m [38;2;138;138;154mQA Loop Docs[38;2;74;74;88m  50%[39m               [38;2;255;107;53m│[39m [38;2;35;35;46m│[39m [38;2;232;232;240mFix Terminal Blank Screen[39m                             [38;2;35;35;46m│[39m [38;2;35;35;46m│[39m
[38;2;35;35;46m│[39m [38;2;255;107;53m│[39m [38;2;56;189;248m◆[38;2;138;138;154m QUEUE [38;2;74;74;88m(1)[39m                                  [38;2;255;107;53m│[39m [38;2;35;35;46m│[39m [38;2;138;138;154mprogress[39m [38;2;255;107;53m███████░░░░░░░[39m [38;2;232;232;240m50%[39m                           [38;2;35;35;46m│[39m [38;2;35;35;46m│[39m
[38;2;35;35;46m│[39m [38;2;255;107;53m│[39m [48;2;16;16;24m[38;2;255;107;53m❯ [38;2;138;138;154m002-fix-[39m [38;2;255;176;0m◆[39m [38;2;232;232;240mFix Terminal Blank Screen[38;2;56;189;248m  50%[39m[49m  [38;2;255;107;53m│[39m [38;2;35;35;46m│[39m [38;2;138;138;154msubtasks [38;2;232;232;240m0/2 complete[39m                                 [38;2;35;35;46m│[39m [38;2;35;35;46m│[39m
[38;2;35;35;46m│[39m [38;2;255;107;53m│[39m [38;2;255;107;53m◆[38;2;138;138;154m BUILDING [38;2;74;74;88m(1)[39m                               [38;2;255;107;53m│[39m [38;2;35;35;46m│[39m [38;2;138;138;154mphase [38;2;255;62;138midle[39m                                            [38;2;35;35;46m│[39m [38;2;35;35;46m│[39m
[38;2;35;35;46m│[39m [38;2;255;107;53m│[39m [38;2;74;74;88m  [38;2;138;138;154m001-migr[39m [38;2;255;68;68m▲[39m [38;2;138;138;154mMigrate Provider Registry[38;2;255;107;53m  50%[39m  [38;2;255;107;53m│[39m [38;2;35;35;46m│[39m [38;2;138;138;154mlocation [38;2;56;189;248mmain[38;2;138;138;154m  spec [38;2;74;74;88m002-fix-terminal-blank[39m            [38;2;35;35;46m│[39m [38;2;35;35;46m│[39m
[38;2;35;35;46m│[39m [38;2;255;107;53m│[39m [38;2;61;220;132m◆[38;2;138;138;154m DONE [38;2;74;74;88m(1)[39m                                   [38;2;255;107;53m│[39m [38;2;35;35;46m└───────────────────────────────────────────────────────┘[39m [38;2;35;35;46m│[39m
[38;2;35;35;46m│[39m [38;2;255;107;53m│[39m [38;2;74;74;88m  [38;2;138;138;154m003-arch[39m [38;2;138;138;154m▽[39m [38;2;138;138;154mArchive Button Fixes[38;2;61;220;132m  50%[39m       [38;2;255;107;53m│[39m                                                           [38;2;35;35;46m│[39m
[38;2;35;35;46m│[39m [38;2;255;107;53m│[39m                                              [38;2;255;107;53m│[39m [38;2;35;35;46m┌───────────────────────────────────────────────────────┐[39m [38;2;35;35;46m│[39m
[38;2;35;35;46m│[39m [38;2;255;107;53m│[39m                                              [38;2;255;107;53m│[39m [38;2;35;35;46m│[39m [38;2;138;138;154mAGENT STREAM[39m                                          [38;2;35;35;46m│[39m [38;2;35;35;46m│[39m
[38;2;35;35;46m│[39m [38;2;255;107;53m│[39m                                              [38;2;255;107;53m│[39m [38;2;35;35;46m│[39m [38;2;138;138;154m17:21:45 start 002-fix- → vendored AgentManager…[39m      [38;2;35;35;46m│[39m [38;2;35;35;46m│[39m
[38;2;35;35;46m│[39m [38;2;255;107;53m│[39m                                              [38;2;255;107;53m│[39m [38;2;35;35;46m│[39m [38;2;138;138;154m17:21:47 started 002-fix-: agent started — phase pla…[39m [38;2;35;35;46m│[39m [38;2;35;35;46m│[39m
[38;2;35;35;46m│[39m [38;2;255;107;53m└──────────────────────────────────────────────┘[39m [38;2;35;35;46m└───────────────────────────────────────────────────────┘[39m [38;2;35;35;46m│[39m
[38;2;35;35;46m│[1m[48;2;255;107;53m[38;2;5;5;7m BOARD [39m[49m[22m [38;2;138;138;154mj/k move · ⏎ focus · s start · x stop · H/L column · l logs · / filter[39m                 [38;2;255;107;53m:[38;2;74;74;88m cmd  [38;2;255;107;53m?[38;2;74;74;88m help[38;2;35;35;46m│[39m
[38;2;35;35;46m└────────────────────────────────────────────────────────────────────────────────────────────────────────────┘[39m
