Script started on 2026-08-13 01:29:00+08:00 [COMMAND="npm run dev -w @aperant/tui -- /tmp/aperant-fixture" TERM="xterm-256color" TTY="/dev/pts/4" COLUMNS="110" LINES="32"]

> @aperant/tui@0.1.0 dev
> tsx src/cli.tsx /tmp/aperant-fixture

[?25l
 opening /tmp/aperant-fixture…

[?25l[2K[1A[2K[1A[2K[1A[2K[G[38;2;35;35;46m┌───────────────────────────────────────────────────────────────────────────────[38;2;255;107;53m│[38;2;35;35;46m─[38;2;255;107;53mproject → aperant-fixture[38;2;35;35;46m─[38;2;255;107;53m│[38;2;35;35;46m┐[39m
[38;2;35;35;46m│[1m[38;2;255;107;53mAPERANT[39m[22m [38;2;74;74;88m│[39m [38;2;138;138;154maperant-fixture[39m [38;2;74;74;88m/tmp/aperant-fixture[39m [38;2;74;74;88m│[39m [38;2;56;189;248m⑂ develop[39m             [38;2;255;107;53m◉[38;2;138;138;154m 1 runn[38;2;255;107;53m└───────────────────────────┘[38;2;35;35;46m│[39m
[38;2;35;35;46m│[39m [1m[48;2;255;107;53m[38;2;5;5;7m 1 board [39m[49m[22m  [38;2;138;138;154m 2 term [39m  [38;2;138;138;154m 3 road [39m  [38;2;138;138;154m 4 chat [39m  [38;2;138;138;154m 5 tree [39m  [38;2;138;138;154m 6 set [39m  [38;2;138;138;154m 7 agents [39m                                     [38;2;35;35;46m│[39m
[38;2;35;35;46m│[39m [38;2;255;107;53m┌──────────────────────────────────────────────┐[39m [38;2;35;35;46m┌───────────────────────────────────────────────────────┐[39m [38;2;35;35;46m│[39m
[38;2;35;35;46m│[39m [38;2;255;107;53m│[39m [1m[38;2;255;107;53mTASKS[39m[22m                                        [38;2;255;107;53m│[39m [38;2;35;35;46m│[39m [38;2;138;138;154mDETAIL[39m                                                [38;2;35;35;46m│[39m [38;2;35;35;46m│[39m
[38;2;35;35;46m│[39m [38;2;255;107;53m│[39m [38;2;74;74;88m◆[38;2;138;138;154m BACKLOG [38;2;74;74;88m(1)[39m                                [38;2;255;107;53m│[39m [38;2;35;35;46m│[39m [38;2;138;138;154m001-migr[39m [38;2;255;107;53m[BUILD][39m                                      [38;2;35;35;46m│[39m [38;2;35;35;46m│[39m
[38;2;35;35;46m│[39m [38;2;255;107;53m│[39m [38;2;74;74;88m  [38;2;138;138;154m004-qa-l[39m [38;2;138;138;154m▽[39m [38;2;138;138;154mQA Loop Docs[38;2;74;74;88m  50%[39m               [38;2;255;107;53m│[39m [38;2;35;35;46m│[39m [38;2;232;232;240mMigrate Provider Registry[39m                             [38;2;35;35;46m│[39m [38;2;35;35;46m│[39m
[38;2;35;35;46m│[39m [38;2;255;107;53m│[39m [38;2;56;189;248m◆[38;2;138;138;154m QUEUE [38;2;74;74;88m(1)[39m                                  [38;2;255;107;53m│[39m [38;2;35;35;46m│[39m [38;2;138;138;154mprogress[39m [38;2;255;107;53m███████░░░░░░░[39m [38;2;232;232;240m50%[39m                           [38;2;35;35;46m│[39m [38;2;35;35;46m│[39m
[38;2;35;35;46m│[39m [38;2;255;107;53m│[39m [38;2;74;74;88m  [38;2;138;138;154m002-fix-[39m [38;2;255;176;0m◆[39m [38;2;138;138;154mFix Terminal Blank Screen[38;2;56;189;248m  50%[39m  [38;2;255;107;53m│[39m [38;2;35;35;46m│[39m [38;2;138;138;154msubtasks [38;2;232;232;240m3/5 complete[39m                                 [38;2;35;35;46m│[39m [38;2;35;35;46m│[39m
[38;2;35;35;46m│[39m [38;2;255;107;53m│[39m [38;2;255;107;53m◆[38;2;138;138;154m BUILDING [38;2;74;74;88m(1)[39m                               [38;2;255;107;53m│[39m [38;2;35;35;46m│[39m [38;2;138;138;154mphase [38;2;255;62;138mcoding[39m                                          [38;2;35;35;46m│[39m [38;2;35;35;46m│[39m
[38;2;35;35;46m│[39m [38;2;255;107;53m│[39m [48;2;16;16;24m[38;2;255;107;53m❯ [38;2;138;138;154m001-migr[39m [38;2;255;68;68m▲[39m [38;2;232;232;240mMigrate Provider Registry[38;2;255;107;53m  50%[39m[49m  [38;2;255;107;53m│[39m [38;2;35;35;46m│[39m [38;2;138;138;154mlocation [38;2;56;189;248mmain[38;2;138;138;154m  spec [38;2;74;74;88m001-migrate-provider-registry[39m     [38;2;35;35;46m│[39m [38;2;35;35;46m│[39m
[38;2;35;35;46m│[39m [38;2;255;107;53m│[39m [38;2;61;220;132m◆[38;2;138;138;154m DONE [38;2;74;74;88m(1)[39m                                   [38;2;255;107;53m│[39m [38;2;35;35;46m└───────────────────────────────────────────────────────┘[39m [38;2;35;35;46m│[39m
[38;2;35;35;46m│[39m [38;2;255;107;53m│[39m [38;2;74;74;88m  [38;2;138;138;154m003-arch[39m [38;2;138;138;154m▽[39m [38;2;138;138;154mArchive Button Fixes[38;2;61;220;132m  50%[39m       [38;2;255;107;53m│[39m                                                           [38;2;35;35;46m│[39m
[38;2;35;35;46m│[39m [38;2;255;107;53m│[39m                                              [38;2;255;107;53m│[39m [38;2;35;35;46m┌───────────────────────────────────────────────────────┐[39m [38;2;35;35;46m│[39m
[38;2;35;35;46m│[39m [38;2;255;107;53m│[39m                                              [38;2;255;107;53m│[39m [38;2;35;35;46m│[39m [38;2;138;138;154mAGENT STREAM[39m                                          [38;2;35;35;46m│[39m [38;2;35;35;46m│[39m
[38;2;35;35;46m│[39m [38;2;255;107;53m│[39m                                              [38;2;255;107;53m│[39m [38;2;35;35;46m│[39m [38;2;74;74;88mno recorded runs for this task[39m                        [38;2;35;35;46m│[39m [38;2;35;35;46m│[39m
[38;2;35;35;46m│[39m [38;2;255;107;53m└──────────────────────────────────────────────┘[39m [38;2;35;35;46m└───────────────────────────────────────────────────────┘[39m [38;2;35;35;46m│[39m
[38;2;35;35;46m│[1m[48;2;255;107;53m[38;2;5;5;7m BOARD [39m[49m[22m [38;2;138;138;154mj/k move · ⏎ focus · s start · x stop · H/L column · l logs · / filter[39m                 [38;2;255;107;53m:[38;2;74;74;88m cmd  [38;2;255;107;53m?[38;2;74;74;88m help[38;2;35;35;46m│[39m
[38;2;35;35;46m└────────────────────────────────────────────────────────────────────────────────────────────────────────────┘[39m
[2K[1A[2K[1A[2K[1A[2K[1A[2K[1A[2K[1A[2K[1A[2K[1A[2K[1A[2K[1A[2K[1A[2K[1A[2K[1A[2K[1A[2K[1A[2K[1A[2K[1A[2K[1A[2K[1A[2K[G[38;2;35;35;46m┌───────────────────────────────────────────────────────────────────────────────[38;2;255;107;53m│[38;2;35;35;46m─[38;2;255;107;53mproject → aperant-fixture[38;2;35;35;46m─[38;2;255;107;53m│[38;2;35;35;46m┐[39m
[38;2;35;35;46m│[1m[38;2;255;107;53mAPERANT[39m[22m [38;2;74;74;88m│[39m [38;2;138;138;154maperant-fixture[39m [38;2;74;74;88m/tmp/aperant-fixture[39m [38;2;74;74;88m│[39m [38;2;56;189;248m⑂ develop[39m             [38;2;255;107;53m◉[38;2;138;138;154m 1 runn[38;2;255;107;53m└───────────────────────────┘[38;2;35;35;46m│[39m
[38;2;35;35;46m│[39m [38;2;138;138;154m 1 board [39m  [38;2;138;138;154m 2 term [39m  [38;2;138;138;154m 3 road [39m  [38;2;138;138;154m 4 chat [39m  [38;2;138;138;154m 5 tree [39m  [1m[48;2;255;107;53m[38;2;5;5;7m 6 set [39m[49m[22m  [38;2;138;138;154m 7 agents [39m                                     [38;2;35;35;46m│[39m
[38;2;35;35;46m│[39m [38;2;255;107;53m┌─────────────────────────────────────┐[39m [38;2;35;35;46m┌────────────────────────────────────────────────────────────────┐[39m [38;2;35;35;46m│[39m
[38;2;35;35;46m│[39m [38;2;255;107;53m│[39m [1m[38;2;255;107;53mTHEME[39m[22m                               [38;2;255;107;53m│[39m [38;2;35;35;46m│[39m [38;2;138;138;154mCONFIG[39m                                                         [38;2;35;35;46m│[39m [38;2;35;35;46m│[39m
[38;2;35;35;46m│[39m [38;2;255;107;53m│[39m [48;2;16;16;24m[38;2;255;107;53m❯ [48;2;255;107;53m[38;2;5;5;7m  [39m[48;2;255;62;138m  [48;2;16;16;24m[38;2;232;232;240m cyberpunk[38;2;255;107;53m  ACTIVE[39m[49m            [38;2;255;107;53m│[39m [38;2;35;35;46m│[39m [38;2;138;138;154mtui config[39m        [38;2;74;74;88m/tmp/aperant-fixture-userdata-35/tui.json[39m    [38;2;35;35;46m│[39m [38;2;35;35;46m│[39m
[38;2;35;35;46m│[39m [38;2;255;107;53m│[39m [38;2;74;74;88m  [48;2;0;255;65m[38;2;3;5;3m  [39m[48;2;124;252;0m  [49m[38;2;138;138;154m matrix[39m                       [38;2;255;107;53m│[39m [38;2;35;35;46m│[39m [38;2;138;138;154mdesktop settings[39m [38;2;74;74;88m/tmp/aperant-fixture-userdata-35/settings.js…[39m [38;2;35;35;46m│[39m [38;2;35;35;46m│[39m
[38;2;35;35;46m│[39m [38;2;255;107;53m│[39m [38;2;74;74;88m  [48;2;255;176;0m[38;2;6;4;2m  [39m[48;2;255;123;0m  [49m[38;2;138;138;154m amber[39m                        [38;2;255;107;53m│[39m [38;2;35;35;46m│[39m [38;2;138;138;154mprovider[39m          [38;2;74;74;88mnot configured[39m                               [38;2;35;35;46m│[39m [38;2;35;35;46m│[39m
[38;2;35;35;46m│[39m [38;2;255;107;53m│[39m [38;2;74;74;88m  [48;2;178;75;243m[38;2;5;3;8m  [39m[48;2;0;240;255m  [49m[38;2;138;138;154m synth[39m                        [38;2;255;107;53m│[39m [38;2;35;35;46m│[39m [38;2;138;138;154mmodel[39m             [38;2;232;232;240mnot configured[39m                               [38;2;35;35;46m│[39m [38;2;35;35;46m│[39m
[38;2;35;35;46m│[39m [38;2;255;107;53m│[39m [38;2;74;74;88m  [48;2;56;189;248m[38;2;2;5;9m  [39m[48;2;45;212;191m  [49m[38;2;138;138;154m ice[39m                          [38;2;255;107;53m│[39m [38;2;35;35;46m└────────────────────────────────────────────────────────────────┘[39m [38;2;35;35;46m│[39m
[38;2;35;35;46m│[39m [38;2;255;107;53m│[39m                                     [38;2;255;107;53m│[39m                                                                    [38;2;35;35;46m│[39m
[38;2;35;35;46m│[39m [38;2;255;107;53m│[39m [38;2;138;138;154mj/k select · applies live · persists[38;2;255;107;53m│[39m [38;2;35;35;46m┌────────────────────────────────────────────────────────────────┐[39m [38;2;35;35;46m│[39m
[38;2;35;35;46m│[39m [38;2;255;107;53m│[39m [38;2;138;138;154m to tui.json[39m                        [38;2;255;107;53m│[39m [38;2;35;35;46m│[39m [38;2;138;138;154mACCOUNTS[39m                                                       [38;2;35;35;46m│[39m [38;2;35;35;46m│[39m
[38;2;35;35;46m│[39m [38;2;255;107;53m│[39m                                     [38;2;255;107;53m│[39m [38;2;35;35;46m│[39m [38;2;74;74;88mno provider accounts — press a to add Moonshot (Kimi) from env[39m [38;2;35;35;46m│[39m [38;2;35;35;46m│[39m
[38;2;35;35;46m│[39m [38;2;255;107;53m│[39m                                     [38;2;255;107;53m│[39m [38;2;35;35;46m│[39m                                                                [38;2;35;35;46m│[39m [38;2;35;35;46m│[39m
[38;2;35;35;46m│[39m [38;2;255;107;53m│[39m                                     [38;2;255;107;53m│[39m [38;2;35;35;46m│[39m [38;2;138;138;154ma add/update Moonshot (Kimi) from env · writes settings.json ·[39m [38;2;35;35;46m│[39m [38;2;35;35;46m│[39m
[38;2;35;35;46m│[39m [38;2;255;107;53m│[39m                                     [38;2;255;107;53m│[39m [38;2;35;35;46m│[39m [38;2;138;138;154m queue-priority first[39m                                          [38;2;35;35;46m│[39m [38;2;35;35;46m│[39m
[38;2;35;35;46m│[39m [38;2;255;107;53m└─────────────────────────────────────┘[39m [38;2;35;35;46m└────────────────────────────────────────────────────────────────┘[39m [38;2;35;35;46m│[39m
[38;2;35;35;46m│[1m[48;2;255;107;53m[38;2;5;5;7m SET [39m[49m[22m [38;2;138;138;154mj/k select theme · ⏎ apply · a add Moonshot acct[39m                                         [38;2;255;107;53m:[38;2;74;74;88m cmd  [38;2;255;107;53m?[38;2;74;74;88m help[38;2;35;35;46m│[39m
[38;2;35;35;46m└────────────────────────────────────────────────────────────────────────────────────────────────────────────┘[39m
[2K[1A[2K[1A[2K[1A[2K[1A[2K[1A[2K[1A[2K[1A[2K[1A[2K[1A[2K[1A[2K[1A[2K[1A[2K[1A[2K[1A[2K[1A[2K[1A[2K[1A[2K[1A[2K[1A[2K[1A[2K[G[38;2;35;35;46m┌────────────────────────────────────────────────────────────────────────────────────────────────────────────┐[39m
[38;2;35;35;46m│[1m[38;2;255;107;53mAPERANT[39m[22m [38;2;74;74;88m│[39m [38;2;138;138;154maperant-fixture[39m [38;2;74;74;88m/tmp/aperant-fixture[39m [38;2;74;74;88m│[39m [38;2;56;189;248m⑂ develop[39m             [38;2;255;107;53m◉[38;2;138;138;154m 1 running[39m  [38;2;255;176;0m◆[38;2;138;138;154m 0 review[39m  [38;2;61;220;132m●[38;2;138;138;154m no profile[38;2;35;35;46m│[39m
[38;2;35;35;46m│[39m [38;2;138;138;154m 1 board [39m  [38;2;138;138;154m 2 term [39m  [38;2;138;138;154m 3 road [39m  [38;2;138;138;154m 4 chat [39m  [38;2;138;138;154m 5 tree [39m  [1m[48;2;255;107;53m[38;2;5;5;7m 6 set [39m[49m[22m  [38;2;138;138;154m 7 agents [39m                                     [38;2;35;35;46m│[39m
[38;2;35;35;46m│[39m [38;2;255;107;53m┌─────────────────────────────────────┐[39m [38;2;35;35;46m┌────────────────────────────────────────────────────────────────┐[39m [38;2;35;35;46m│[39m
[38;2;35;35;46m│[39m [38;2;255;107;53m│[39m [1m[38;2;255;107;53mTHEME[39m[22m                               [38;2;255;107;53m│[39m [38;2;35;35;46m│[39m [38;2;138;138;154mCONFIG[39m                                                         [38;2;35;35;46m│[39m [38;2;35;35;46m│[39m
[38;2;35;35;46m│[39m [38;2;255;107;53m│[39m [48;2;16;16;24m[38;2;255;107;53m❯ [48;2;255;107;53m[38;2;5;5;7m  [39m[48;2;255;62;138m  [48;2;16;16;24m[38;2;232;232;240m cyberpunk[38;2;255;107;53m  ACTIVE[39m[49m            [38;2;255;107;53m│[39m [38;2;35;35;46m│[39m [38;2;138;138;154mtui config[39m        [38;2;74;74;88m/tmp/aperant-fixture-userdata-35/tui.json[39m    [38;2;35;35;46m│[39m [38;2;35;35;46m│[39m
[38;2;35;35;46m│[39m [38;2;255;107;53m│[39m [38;2;74;74;88m  [48;2;0;255;65m[38;2;3;5;3m  [39m[48;2;124;252;0m  [49m[38;2;138;138;154m matrix[39m                       [38;2;255;107;53m│[39m [38;2;35;35;46m│[39m [38;2;138;138;154mdesktop settings[39m [38;2;74;74;88m/tmp/aperant-fixture-userdata-35/settings.js…[39m [38;2;35;35;46m│[39m [38;2;35;35;46m│[39m
[38;2;35;35;46m│[39m [38;2;255;107;53m│[39m [38;2;74;74;88m  [48;2;255;176;0m[38;2;6;4;2m  [39m[48;2;255;123;0m  [49m[38;2;138;138;154m amber[39m                        [38;2;255;107;53m│[39m [38;2;35;35;46m│[39m [38;2;138;138;154mprovider[39m          [38;2;74;74;88mnot configured[39m                               [38;2;35;35;46m│[39m [38;2;35;35;46m│[39m
[38;2;35;35;46m│[39m [38;2;255;107;53m│[39m [38;2;74;74;88m  [48;2;178;75;243m[38;2;5;3;8m  [39m[48;2;0;240;255m  [49m[38;2;138;138;154m synth[39m                        [38;2;255;107;53m│[39m [38;2;35;35;46m│[39m [38;2;138;138;154mmodel[39m             [38;2;232;232;240mnot configured[39m                               [38;2;35;35;46m│[39m [38;2;35;35;46m│[39m
[38;2;35;35;46m│[39m [38;2;255;107;53m│[39m [38;2;74;74;88m  [48;2;56;189;248m[38;2;2;5;9m  [39m[48;2;45;212;191m  [49m[38;2;138;138;154m ice[39m                          [38;2;255;107;53m│[39m [38;2;35;35;46m└────────────────────────────────────────────────────────────────┘[39m [38;2;35;35;46m│[39m
[38;2;35;35;46m│[39m [38;2;255;107;53m│[39m                                     [38;2;255;107;53m│[39m                                                                    [38;2;35;35;46m│[39m
[38;2;35;35;46m│[39m [38;2;255;107;53m│[39m [38;2;138;138;154mj/k select · applies live · persists[38;2;255;107;53m│[39m [38;2;35;35;46m┌────────────────────────────────────────────────────────────────┐[39m [38;2;35;35;46m│[39m
[38;2;35;35;46m│[39m [38;2;255;107;53m│[39m [38;2;138;138;154m to tui.json[39m                        [38;2;255;107;53m│[39m [38;2;35;35;46m│[39m [38;2;138;138;154mACCOUNTS[39m                                                       [38;2;35;35;46m│[39m [38;2;35;35;46m│[39m
[38;2;35;35;46m│[39m [38;2;255;107;53m│[39m                                     [38;2;255;107;53m│[39m [38;2;35;35;46m│[39m [38;2;74;74;88mno provider accounts — press a to add Moonshot (Kimi) from env[39m [38;2;35;35;46m│[39m [38;2;35;35;46m│[39m
[38;2;35;35;46m│[39m [38;2;255;107;53m│[39m                                     [38;2;255;107;53m│[39m [38;2;35;35;46m│[39m                                                                [38;2;35;35;46m│[39m [38;2;35;35;46m│[39m
[38;2;35;35;46m│[39m [38;2;255;107;53m│[39m                                     [38;2;255;107;53m│[39m [38;2;35;35;46m│[39m [38;2;138;138;154ma add/update Moonshot (Kimi) from env · writes settings.json ·[39m [38;2;35;35;46m│[39m [38;2;35;35;46m│[39m
[38;2;35;35;46m│[39m [38;2;255;107;53m│[39m                                     [38;2;255;107;53m│[39m [38;2;35;35;46m│[39m [38;2;138;138;154m queue-priority first[39m                                          [38;2;35;35;46m│[39m [38;2;35;35;46m│[39m
[38;2;35;35;46m│[39m [38;2;255;107;53m└─────────────────────────────────────┘[39m [38;2;35;35;46m└────────────────────────────────────────────────────────────────┘[39m [38;2;35;35;46m│[39m
[38;2;35;35;46m│[1m[48;2;255;107;53m[38;2;5;5;7m SET [39m[49m[22m [38;2;138;138;154mj/k select theme · ⏎ apply · a add Moonshot acct[39m                                         [38;2;255;107;53m:[38;2;74;74;88m cmd  [38;2;255;107;53m?[38;2;74;74;88m help[38;2;35;35;46m│[39m
[38;2;35;35;46m└────────────────────────────────────────────────────────────────────────────────────────────────────────────┘[39m
[2K[1A[2K[1A[2K[1A[2K[1A[2K[1A[2K[1A[2K[1A[2K[1A[2K[1A[2K[1A[2K[1A[2K[1A[2K[1A[2K[1A[2K[1A[2K[1A[2K[1A[2K[1A[2K[1A[2K[1A[2K[G[38;2;35;35;46m┌────────────────────────────────────────────────────────────────────────────────────────────────────────────┐[39m
[38;2;35;35;46m│[1m[38;2;255;107;53mAPERANT[39m[22m [38;2;74;74;88m│[39m [38;2;138;138;154maperant-fixture[39m [38;2;74;74;88m/tmp/aperant-fixture[39m [38;2;74;74;88m│[39m [38;2;56;189;248m⑂ develop[39m             [38;2;255;107;53m◉[38;2;138;138;154m 1 running[39m  [38;2;255;176;0m◆[38;2;138;138;154m 0 review[39m  [38;2;61;220;132m●[38;2;138;138;154m no profile[38;2;35;35;46m│[39m
[38;2;35;35;46m│[39m [38;2;138;138;154m 1 board [39m  [38;2;138;138;154m 2 term [39m  [38;2;138;138;154m 3 road [39m  [38;2;138;138;154m 4 chat [39m  [38;2;138;138;154m 5 tree [39m  [1m[48;2;255;107;53m[38;2;5;5;7m 6 set [39m[49m[22m  [38;2;138;138;154m 7 agents [39m                                     [38;2;35;35;46m│[39m
[38;2;35;35;46m│[39m [38;2;255;107;53m┌─────────────────────────────────────┐[39m [38;2;35;35;46m┌────────────────────────────────────────────────────────────────┐[39m [38;2;35;35;46m│[39m
[38;2;35;35;46m│[39m [38;2;255;107;53m│[39m [1m[38;2;255;107;53mTHEME[39m[22m                               [38;2;255;107;53m│[39m [38;2;35;35;46m│[39m [38;2;138;138;154mCONFIG[39m                                                         [38;2;35;35;46m│[39m [38;2;35;35;46m│[39m
[38;2;35;35;46m│[39m [38;2;255;107;53m│[39m [48;2;16;16;24m[38;2;255;107;53m❯ [48;2;255;107;53m[38;2;5;5;7m  [39m[48;2;255;62;138m  [48;2;16;16;24m[38;2;232;232;240m cyberpunk[38;2;255;107;53m  ACTIVE[39m[49m            [38;2;255;107;53m│[39m [38;2;35;35;46m│[39m [38;2;138;138;154mtui config[39m        [38;2;74;74;88m/tmp/aperant-fixture-userdata-35/tui.json[39m    [38;2;35;35;46m│[39m [38;2;35;35;46m│[39m
[38;2;35;35;46m│[39m [38;2;255;107;53m│[39m [38;2;74;74;88m  [48;2;0;255;65m[38;2;3;5;3m  [39m[48;2;124;252;0m  [49m[38;2;138;138;154m matrix[39m                       [38;2;255;107;53m│[39m [38;2;35;35;46m│[39m [38;2;138;138;154mdesktop settings[39m [38;2;74;74;88m/tmp/aperant-fixture-userdata-35/settings.js…[39m [38;2;35;35;46m│[39m [38;2;35;35;46m│[39m
[38;2;35;35;46m│[39m [38;2;255;107;53m│[39m [38;2;74;74;88m  [48;2;255;176;0m[38;2;6;4;2m  [39m[48;2;255;123;0m  [49m[38;2;138;138;154m amber[39m                        [38;2;255;107;53m│[39m [38;2;35;35;46m│[39m [38;2;138;138;154mprovider[39m          [38;2;74;74;88mnot configured[39m                               [38;2;35;35;46m│[39m [38;2;35;35;46m│[39m
[38;2;35;35;46m│[39m [38;2;255;107;53m│[39m [38;2;74;74;88m  [48;2;178;75;243m[38;2;5;3;8m  [39m[48;2;0;240;255m  [49m[38;2;138;138;154m synth[39m                        [38;2;255;107;53m│[39m [38;2;35;35;46m│[39m [38;2;138;138;154mmodel[39m             [38;2;232;232;240mnot configured[39m                               [38;2;35;35;46m│[39m [38;2;35;35;46m│[39m
[38;2;35;35;46m│[39m [38;2;255;107;53m│[39m [38;2;74;74;88m  [48;2;56;189;248m[38;2;2;5;9m  [39m[48;2;45;212;191m  [49m[38;2;138;138;154m ice[39m                          [38;2;255;107;53m│[39m [38;2;35;35;46m└────────────────────────────────────────────────────────────────┘[39m [38;2;35;35;46m│[39m
[38;2;35;35;46m│[39m [38;2;255;107;53m│[39m                                     [38;2;255;107;53m│[39m                                                                    [38;2;35;35;46m│[39m
[38;2;35;35;46m│[39m [38;2;255;107;53m│[39m [38;2;138;138;154mj/k select · applies live · persists[38;2;255;107;53m│[39m [38;2;35;35;46m┌────────────────────────────────────────────────────────────────┐[39m [38;2;35;35;46m│[39m
[38;2;35;35;46m│[39m [38;2;255;107;53m│[39m [38;2;138;138;154m to tui.json[39m                        [38;2;255;107;53m│[39m [38;2;35;35;46m│[39m [38;2;138;138;154mACCOUNTS[39m                                                       [38;2;35;35;46m│[39m [38;2;35;35;46m│[39m
[38;2;35;35;46m│[39m [38;2;255;107;53m│[39m                                     [38;2;255;107;53m│[39m [38;2;35;35;46m│[39m [38;2;255;62;138mmoonshot[39m [38;2;232;232;240mMoonshot AI (Kim…[39m [38;2;138;138;154mkey [39m       [38;2;74;74;88mhttp://home.hack.ski:20…[39m [38;2;35;35;46m│[39m [38;2;35;35;46m│[39m
[38;2;35;35;46m│[39m [38;2;255;107;53m│[39m                                     [38;2;255;107;53m│[39m [38;2;35;35;46m│[39m                            [38;2;138;138;154msk-b455…[39m                            [38;2;35;35;46m│[39m [38;2;35;35;46m│[39m
[38;2;35;35;46m│[39m [38;2;255;107;53m│[39m                                     [38;2;255;107;53m│[39m [38;2;35;35;46m│[39m [38;2;61;220;132mmoonshot account added: moonshot-msqd5yb5 → http://home.hack.…[39m [38;2;35;35;46m│[39m [38;2;35;35;46m│[39m
[38;2;35;35;46m│[39m [38;2;255;107;53m│[39m                                     [38;2;255;107;53m│[39m [38;2;35;35;46m│[39m [38;2;138;138;154ma add/update Moonshot (Kimi) from env · writes settings.json ·[39m [38;2;35;35;46m│[39m [38;2;35;35;46m│[39m
[38;2;35;35;46m│[39m [38;2;255;107;53m│[39m                                     [38;2;255;107;53m│[39m [38;2;35;35;46m│[39m [38;2;138;138;154m queue-priority first[39m                                          [38;2;35;35;46m│[39m [38;2;35;35;46m│[39m
[38;2;35;35;46m│[39m [38;2;255;107;53m└─────────────────────────────────────┘[39m [38;2;35;35;46m└────────────────────────────────────────────────────────────────┘[39m [38;2;35;35;46m│[39m
[38;2;35;35;46m│[1m[48;2;255;107;53m[38;2;5;5;7m SET [39m[49m[22m [38;2;138;138;154mj/k select theme · ⏎ apply · a add Moonshot acct[39m                                         [38;2;255;107;53m:[38;2;74;74;88m cmd  [38;2;255;107;53m?[38;2;74;74;88m help[38;2;35;35;46m│[39m
[38;2;35;35;46m└────────────────────────────────────────────────────────────────────────────────────────────────────────────┘[39m
[2K[1A[2K[1A[2K[1A[2K[1A[2K[1A[2K[1A[2K[1A[2K[1A[2K[1A[2K[1A[2K[1A[2K[1A[2K[1A[2K[1A[2K[1A[2K[1A[2K[1A[2K[1A[2K[1A[2K[1A[2K[1A[2K[G[38;2;35;35;46m┌────────────────────────────────────────────────────────────────────────────────────────────────────────────┐[39m
[38;2;35;35;46m│[1m[38;2;255;107;53mAPERANT[39m[22m [38;2;74;74;88m│[39m [38;2;138;138;154maperant-fixture[39m [38;2;74;74;88m/tmp/aperant-fixture[39m [38;2;74;74;88m│[39m [38;2;56;189;248m⑂ develop[39m             [38;2;255;107;53m◉[38;2;138;138;154m 1 running[39m  [38;2;255;176;0m◆[38;2;138;138;154m 0 review[39m  [38;2;61;220;132m●[38;2;138;138;154m no profile[38;2;35;35;46m│[39m
[38;2;35;35;46m│[39m [1m[48;2;255;107;53m[38;2;5;5;7m 1 board [39m[49m[22m  [38;2;138;138;154m 2 term [39m  [38;2;138;138;154m 3 road [39m  [38;2;138;138;154m 4 chat [39m  [38;2;138;138;154m 5 tree [39m  [38;2;138;138;154m 6 set [39m  [38;2;138;138;154m 7 agents [39m                                     [38;2;35;35;46m│[39m
[38;2;35;35;46m│[39m [38;2;255;107;53m┌──────────────────────────────────────────────┐[39m [38;2;35;35;46m┌───────────────────────────────────────────────────────┐[39m [38;2;35;35;46m│[39m
[38;2;35;35;46m│[39m [38;2;255;107;53m│[39m [1m[38;2;255;107;53mTASKS[39m[22m                                        [38;2;255;107;53m│[39m [38;2;35;35;46m│[39m [38;2;138;138;154mDETAIL[39m                                                [38;2;35;35;46m│[39m [38;2;35;35;46m│[39m
[38;2;35;35;46m│[39m [38;2;255;107;53m│[39m [38;2;74;74;88m◆[38;2;138;138;154m BACKLOG [38;2;74;74;88m(1)[39m                                [38;2;255;107;53m│[39m [38;2;35;35;46m│[39m [38;2;138;138;154m001-migr[39m [38;2;255;107;53m[BUILD][39m                                      [38;2;35;35;46m│[39m [38;2;35;35;46m│[39m
[38;2;35;35;46m│[39m [38;2;255;107;53m│[39m [38;2;74;74;88m  [38;2;138;138;154m004-qa-l[39m [38;2;138;138;154m▽[39m [38;2;138;138;154mQA Loop Docs[38;2;74;74;88m  50%[39m               [38;2;255;107;53m│[39m [38;2;35;35;46m│[39m [38;2;232;232;240mMigrate Provider Registry[39m                             [38;2;35;35;46m│[39m [38;2;35;35;46m│[39m
[38;2;35;35;46m│[39m [38;2;255;107;53m│[39m [38;2;56;189;248m◆[38;2;138;138;154m QUEUE [38;2;74;74;88m(1)[39m                                  [38;2;255;107;53m│[39m [38;2;35;35;46m│[39m [38;2;138;138;154mprogress[39m [38;2;255;107;53m███████░░░░░░░[39m [38;2;232;232;240m50%[39m                           [38;2;35;35;46m│[39m [38;2;35;35;46m│[39m
[38;2;35;35;46m│[39m [38;2;255;107;53m│[39m [38;2;74;74;88m  [38;2;138;138;154m002-fix-[39m [38;2;255;176;0m◆[39m [38;2;138;138;154mFix Terminal Blank Screen[38;2;56;189;248m  50%[39m  [38;2;255;107;53m│[39m [38;2;35;35;46m│[39m [38;2;138;138;154msubtasks [38;2;232;232;240m3/5 complete[39m                                 [38;2;35;35;46m│[39m [38;2;35;35;46m│[39m
[38;2;35;35;46m│[39m [38;2;255;107;53m│[39m [38;2;255;107;53m◆[38;2;138;138;154m BUILDING [38;2;74;74;88m(1)[39m                               [38;2;255;107;53m│[39m [38;2;35;35;46m│[39m [38;2;138;138;154mphase [38;2;255;62;138mcoding[39m                                          [38;2;35;35;46m│[39m [38;2;35;35;46m│[39m
[38;2;35;35;46m│[39m [38;2;255;107;53m│[39m [48;2;16;16;24m[38;2;255;107;53m❯ [38;2;138;138;154m001-migr[39m [38;2;255;68;68m▲[39m [38;2;232;232;240mMigrate Provider Registry[38;2;255;107;53m  50%[39m[49m  [38;2;255;107;53m│[39m [38;2;35;35;46m│[39m [38;2;138;138;154mlocation [38;2;56;189;248mmain[38;2;138;138;154m  spec [38;2;74;74;88m001-migrate-provider-registry[39m     [38;2;35;35;46m│[39m [38;2;35;35;46m│[39m
[38;2;35;35;46m│[39m [38;2;255;107;53m│[39m [38;2;61;220;132m◆[38;2;138;138;154m DONE [38;2;74;74;88m(1)[39m                                   [38;2;255;107;53m│[39m [38;2;35;35;46m└───────────────────────────────────────────────────────┘[39m [38;2;35;35;46m│[39m
[38;2;35;35;46m│[39m [38;2;255;107;53m│[39m [38;2;74;74;88m  [38;2;138;138;154m003-arch[39m [38;2;138;138;154m▽[39m [38;2;138;138;154mArchive Button Fixes[38;2;61;220;132m  50%[39m       [38;2;255;107;53m│[39m                                                           [38;2;35;35;46m│[39m
[38;2;35;35;46m│[39m [38;2;255;107;53m│[39m                                              [38;2;255;107;53m│[39m [38;2;35;35;46m┌───────────────────────────────────────────────────────┐[39m [38;2;35;35;46m│[39m
[38;2;35;35;46m│[39m [38;2;255;107;53m│[39m                                              [38;2;255;107;53m│[39m [38;2;35;35;46m│[39m [38;2;138;138;154mAGENT STREAM[39m                                          [38;2;35;35;46m│[39m [38;2;35;35;46m│[39m
[38;2;35;35;46m│[39m [38;2;255;107;53m│[39m                                              [38;2;255;107;53m│[39m [38;2;35;35;46m│[39m [38;2;74;74;88mno recorded runs for this task[39m                        [38;2;35;35;46m│[39m [38;2;35;35;46m│[39m
[38;2;35;35;46m│[39m [38;2;255;107;53m└──────────────────────────────────────────────┘[39m [38;2;35;35;46m└───────────────────────────────────────────────────────┘[39m [38;2;35;35;46m│[39m
[38;2;35;35;46m│[1m[48;2;255;107;53m[38;2;5;5;7m BOARD [39m[49m[22m [38;2;138;138;154mj/k move · ⏎ focus · s start · x stop · H/L column · l logs · / filter[39m                 [38;2;255;107;53m:[38;2;74;74;88m cmd  [38;2;255;107;53m?[38;2;74;74;88m help[38;2;35;35;46m│[39m
[38;2;35;35;46m└────────────────────────────────────────────────────────────────────────────────────────────────────────────┘[39m
[2K[1A[2K[1A[2K[1A[2K[1A[2K[1A[2K[1A[2K[1A[2K[1A[2K[1A[2K[1A[2K[1A[2K[1A[2K[1A[2K[1A[2K[1A[2K[1A[2K[1A[2K[1A[2K[1A[2K[G[38;2;35;35;46m┌────────────────────────────────────────────────────────────────────────────────────────────────────────────┐[39m
[38;2;35;35;46m│[1m[38;2;255;107;53mAPERANT[39m[22m [38;2;74;74;88m│[39m [38;2;138;138;154maperant-fixture[39m [38;2;74;74;88m/tmp/aperant-fixture[39m [38;2;74;74;88m│[39m [38;2;56;189;248m⑂ develop[39m             [38;2;255;107;53m◉[38;2;138;138;154m 1 running[39m  [38;2;255;176;0m◆[38;2;138;138;154m 0 review[39m  [38;2;61;220;132m●[38;2;138;138;154m no profile[38;2;35;35;46m│[39m
[38;2;35;35;46m│[39m [1m[48;2;255;107;53m[38;2;5;5;7m 1 board [39m[49m[22m  [38;2;138;138;154m 2 term [39m  [38;2;138;138;154m 3 road [39m  [38;2;138;138;154m 4 chat [39m  [38;2;138;138;154m 5 tree [39m  [38;2;138;138;154m 6 set [39m  [38;2;138;138;154m 7 agents [39m                                     [38;2;35;35;46m│[39m
[38;2;35;35;46m│[39m [38;2;255;107;53m┌──────────────────────────────────────────────┐[39m [38;2;35;35;46m┌───────────────────────────────────────────────────────┐[39m [38;2;35;35;46m│[39m
[38;2;35;35;46m│[39m [38;2;255;107;53m│[39m [1m[38;2;255;107;53mTASKS[39m[22m                                        [38;2;255;107;53m│[39m [38;2;35;35;46m│[39m [38;2;138;138;154mDETAIL[39m                                                [38;2;35;35;46m│[39m [38;2;35;35;46m│[39m
[38;2;35;35;46m│[39m [38;2;255;107;53m│[39m [38;2;74;74;88m◆[38;2;138;138;154m BACKLOG [38;2;74;74;88m(1)[39m                                [38;2;255;107;53m│[39m [38;2;35;35;46m│[39m [38;2;138;138;154m002-fix-[39m [38;2;56;189;248m[QUEUED][39m                                     [38;2;35;35;46m│[39m [38;2;35;35;46m│[39m
[38;2;35;35;46m│[39m [38;2;255;107;53m│[39m [38;2;74;74;88m  [38;2;138;138;154m004-qa-l[39m [38;2;138;138;154m▽[39m [38;2;138;138;154mQA Loop Docs[38;2;74;74;88m  50%[39m               [38;2;255;107;53m│[39m [38;2;35;35;46m│[39m [38;2;232;232;240mFix Terminal Blank Screen[39m                             [38;2;35;35;46m│[39m [38;2;35;35;46m│[39m
[38;2;35;35;46m│[39m [38;2;255;107;53m│[39m [38;2;56;189;248m◆[38;2;138;138;154m QUEUE [38;2;74;74;88m(1)[39m                                  [38;2;255;107;53m│[39m [38;2;35;35;46m│[39m [38;2;138;138;154mprogress[39m [38;2;255;107;53m███████░░░░░░░[39m [38;2;232;232;240m50%[39m                           [38;2;35;35;46m│[39m [38;2;35;35;46m│[39m
[38;2;35;35;46m│[39m [38;2;255;107;53m│[39m [48;2;16;16;24m[38;2;255;107;53m❯ [38;2;138;138;154m002-fix-[39m [38;2;255;176;0m◆[39m [38;2;232;232;240mFix Terminal Blank Screen[38;2;56;189;248m  50%[39m[49m  [38;2;255;107;53m│[39m [38;2;35;35;46m│[39m [38;2;138;138;154msubtasks [38;2;232;232;240m0/2 complete[39m                                 [38;2;35;35;46m│[39m [38;2;35;35;46m│[39m
[38;2;35;35;46m│[39m [38;2;255;107;53m│[39m [38;2;255;107;53m◆[38;2;138;138;154m BUILDING [38;2;74;74;88m(1)[39m                               [38;2;255;107;53m│[39m [38;2;35;35;46m│[39m [38;2;138;138;154mphase [38;2;255;62;138midle[39m                                            [38;2;35;35;46m│[39m [38;2;35;35;46m│[39m
[38;2;35;35;46m│[39m [38;2;255;107;53m│[39m [38;2;74;74;88m  [38;2;138;138;154m001-migr[39m [38;2;255;68;68m▲[39m [38;2;138;138;154mMigrate Provider Registry[38;2;255;107;53m  50%[39m  [38;2;255;107;53m│[39m [38;2;35;35;46m│[39m [38;2;138;138;154mlocation [38;2;56;189;248mmain[38;2;138;138;154m  spec [38;2;74;74;88m002-fix-terminal-blank[39m            [38;2;35;35;46m│[39m [38;2;35;35;46m│[39m
[38;2;35;35;46m│[39m [38;2;255;107;53m│[39m [38;2;61;220;132m◆[38;2;138;138;154m DONE [38;2;74;74;88m(1)[39m                                   [38;2;255;107;53m│[39m [38;2;35;35;46m└───────────────────────────────────────────────────────┘[39m [38;2;35;35;46m│[39m
[38;2;35;35;46m│[39m [38;2;255;107;53m│[39m [38;2;74;74;88m  [38;2;138;138;154m003-arch[39m [38;2;138;138;154m▽[39m [38;2;138;138;154mArchive Button Fixes[38;2;61;220;132m  50%[39m       [38;2;255;107;53m│[39m                                                           [38;2;35;35;46m│[39m
[38;2;35;35;46m│[39m [38;2;255;107;53m│[39m                                              [38;2;255;107;53m│[39m [38;2;35;35;46m┌───────────────────────────────────────────────────────┐[39m [38;2;35;35;46m│[39m
[38;2;35;35;46m│[39m [38;2;255;107;53m│[39m                                              [38;2;255;107;53m│[39m [38;2;35;35;46m│[39m [38;2;138;138;154mAGENT STREAM[39m                                          [38;2;35;35;46m│[39m [38;2;35;35;46m│[39m
[38;2;35;35;46m│[39m [38;2;255;107;53m│[39m                                              [38;2;255;107;53m│[39m [38;2;35;35;46m│[39m [38;2;74;74;88mno recorded runs for this task[39m                        [38;2;35;35;46m│[39m [38;2;35;35;46m│[39m
[38;2;35;35;46m│[39m [38;2;255;107;53m└──────────────────────────────────────────────┘[39m [38;2;35;35;46m└───────────────────────────────────────────────────────┘[39m [38;2;35;35;46m│[39m
[38;2;35;35;46m│[1m[48;2;255;107;53m[38;2;5;5;7m BOARD [39m[49m[22m [38;2;138;138;154mj/k move · ⏎ focus · s start · x stop · H/L column · l logs · / filter[39m                 [38;2;255;107;53m:[38;2;74;74;88m cmd  [38;2;255;107;53m?[38;2;74;74;88m help[38;2;35;35;46m│[39m
[38;2;35;35;46m└────────────────────────────────────────────────────────────────────────────────────────────────────────────┘[39m
[2K[1A[2K[1A[2K[1A[2K[1A[2K[1A[2K[1A[2K[1A[2K[1A[2K[1A[2K[1A[2K[1A[2K[1A[2K[1A[2K[1A[2K[1A[2K[1A[2K[1A[2K[1A[2K[1A[2K[G[38;2;35;35;46m┌────────────────────────────────────────────────────────────────────────────────────────────────────────────┐[39m
[38;2;35;35;46m│[1m[38;2;255;107;53mAPERANT[39m[22m [38;2;74;74;88m│[39m [38;2;138;138;154maperant-fixture[39m [38;2;74;74;88m/tmp/aperant-fixture[39m [38;2;74;74;88m│[39m [38;2;56;189;248m⑂ develop[39m             [38;2;255;107;53m◉[38;2;138;138;154m 1 running[39m  [38;2;255;176;0m◆[38;2;138;138;154m 0 review[39m  [38;2;61;220;132m●[38;2;138;138;154m no profile[38;2;35;35;46m│[39m
[38;2;35;35;46m│[39m [1m[48;2;255;107;53m[38;2;5;5;7m 1 board [39m[49m[22m  [38;2;138;138;154m 2 term [39m  [38;2;138;138;154m 3 road [39m  [38;2;138;138;154m 4 chat [39m  [38;2;138;138;154m 5 tree [39m  [38;2;138;138;154m 6 set [39m  [38;2;138;138;154m 7 agents [39m                                     [38;2;35;35;46m│[39m
[38;2;35;35;46m│[39m [38;2;255;107;53m┌──────────────────────────────────────────────┐[39m [38;2;35;35;46m┌───────────────────────────────────────────────────────┐[39m [38;2;35;35;46m│[39m
[38;2;35;35;46m│[39m [38;2;255;107;53m│[39m [1m[38;2;255;107;53mTASKS[39m[22m                                        [38;2;255;107;53m│[39m [38;2;35;35;46m│[39m [38;2;138;138;154mDETAIL[39m                                                [38;2;35;35;46m│[39m [38;2;35;35;46m│[39m
[38;2;35;35;46m│[39m [38;2;255;107;53m│[39m [38;2;74;74;88m◆[38;2;138;138;154m BACKLOG [38;2;74;74;88m(1)[39m                                [38;2;255;107;53m│[39m [38;2;35;35;46m│[39m [38;2;138;138;154m002-fix-[39m [38;2;56;189;248m[QUEUED][39m                                     [38;2;35;35;46m│[39m [38;2;35;35;46m│[39m
[38;2;35;35;46m│[39m [38;2;255;107;53m│[39m [38;2;74;74;88m  [38;2;138;138;154m004-qa-l[39m [38;2;138;138;154m▽[39m [38;2;138;138;154mQA Loop Docs[38;2;74;74;88m  50%[39m               [38;2;255;107;53m│[39m [38;2;35;35;46m│[39m [38;2;232;232;240mFix Terminal Blank Screen[39m                             [38;2;35;35;46m│[39m [38;2;35;35;46m│[39m
[38;2;35;35;46m│[39m [38;2;255;107;53m│[39m [38;2;56;189;248m◆[38;2;138;138;154m QUEUE [38;2;74;74;88m(1)[39m                                  [38;2;255;107;53m│[39m [38;2;35;35;46m│[39m [38;2;138;138;154mprogress[39m [38;2;255;107;53m███████░░░░░░░[39m [38;2;232;232;240m50%[39m                           [38;2;35;35;46m│[39m [38;2;35;35;46m│[39m
[38;2;35;35;46m│[39m [38;2;255;107;53m│[39m [48;2;16;16;24m[38;2;255;107;53m❯ [38;2;138;138;154m002-fix-[39m [38;2;255;176;0m◆[39m [38;2;232;232;240mFix Terminal Blank Screen[38;2;56;189;248m  50%[39m[49m  [38;2;255;107;53m│[39m [38;2;35;35;46m│[39m [38;2;138;138;154msubtasks [38;2;232;232;240m0/2 complete[39m                                 [38;2;35;35;46m│[39m [38;2;35;35;46m│[39m
[38;2;35;35;46m│[39m [38;2;255;107;53m│[39m [38;2;255;107;53m◆[38;2;138;138;154m BUILDING [38;2;74;74;88m(1)[39m                               [38;2;255;107;53m│[39m [38;2;35;35;46m│[39m [38;2;138;138;154mphase [38;2;255;62;138midle[39m                                            [38;2;35;35;46m│[39m [38;2;35;35;46m│[39m
[38;2;35;35;46m│[39m [38;2;255;107;53m│[39m [38;2;74;74;88m  [38;2;138;138;154m001-migr[39m [38;2;255;68;68m▲[39m [38;2;138;138;154mMigrate Provider Registry[38;2;255;107;53m  50%[39m  [38;2;255;107;53m│[39m [38;2;35;35;46m│[39m [38;2;138;138;154mlocation [38;2;56;189;248mmain[38;2;138;138;154m  spec [38;2;74;74;88m002-fix-terminal-blank[39m            [38;2;35;35;46m│[39m [38;2;35;35;46m│[39m
[38;2;35;35;46m│[39m [38;2;255;107;53m│[39m [38;2;61;220;132m◆[38;2;138;138;154m DONE [38;2;74;74;88m(1)[39m                                   [38;2;255;107;53m│[39m [38;2;35;35;46m└───────────────────────────────────────────────────────┘[39m [38;2;35;35;46m│[39m
[38;2;35;35;46m│[39m [38;2;255;107;53m│[39m [38;2;74;74;88m  [38;2;138;138;154m003-arch[39m [38;2;138;138;154m▽[39m [38;2;138;138;154mArchive Button Fixes[38;2;61;220;132m  50%[39m       [38;2;255;107;53m│[39m                                                           [38;2;35;35;46m│[39m
[38;2;35;35;46m│[39m [38;2;255;107;53m│[39m                                              [38;2;255;107;53m│[39m [38;2;35;35;46m┌───────────────────────────────────────────────────────┐[39m [38;2;35;35;46m│[39m
[38;2;35;35;46m│[39m [38;2;255;107;53m│[39m                                              [38;2;255;107;53m│[39m [38;2;35;35;46m│[39m [38;2;138;138;154mAGENT STREAM[39m                                          [38;2;35;35;46m│[39m [38;2;35;35;46m│[39m
[38;2;35;35;46m│[39m [38;2;255;107;53m│[39m                                              [38;2;255;107;53m│[39m [38;2;35;35;46m│[39m [38;2;138;138;154m17:29:26 start 002-fix- → vendored AgentManager…[39m      [38;2;35;35;46m│[39m [38;2;35;35;46m│[39m
[38;2;35;35;46m│[39m [38;2;255;107;53m└──────────────────────────────────────────────┘[39m [38;2;35;35;46m└───────────────────────────────────────────────────────┘[39m [38;2;35;35;46m│[39m
[38;2;35;35;46m│[1m[48;2;255;107;53m[38;2;5;5;7m BOARD [39m[49m[22m [38;2;138;138;154mj/k move · ⏎ focus · s start · x stop · H/L column · l logs · / filter[39m                 [38;2;255;107;53m:[38;2;74;74;88m cmd  [38;2;255;107;53m?[38;2;74;74;88m help[38;2;35;35;46m│[39m
[38;2;35;35;46m└────────────────────────────────────────────────────────────────────────────────────────────────────────────┘[39m
[2K[1A[2K[1A[2K[1A[2K[1A[2K[1A[2K[1A[2K[1A[2K[1A[2K[1A[2K[1A[2K[1A[2K[1A[2K[1A[2K[1A[2K[1A[2K[1A[2K[1A[2K[1A[2K[1A[2K[G[ClaudeProfileManager] Starting initialization...
[38;2;35;35;46m┌────────────────────────────────────────────────────────────────────────────────────────────────────────────┐[39m
[38;2;35;35;46m│[1m[38;2;255;107;53mAPERANT[39m[22m [38;2;74;74;88m│[39m [38;2;138;138;154maperant-fixture[39m [38;2;74;74;88m/tmp/aperant-fixture[39m [38;2;74;74;88m│[39m [38;2;56;189;248m⑂ develop[39m             [38;2;255;107;53m◉[38;2;138;138;154m 1 running[39m  [38;2;255;176;0m◆[38;2;138;138;154m 0 review[39m  [38;2;61;220;132m●[38;2;138;138;154m no profile[38;2;35;35;46m│[39m
[38;2;35;35;46m│[39m [1m[48;2;255;107;53m[38;2;5;5;7m 1 board [39m[49m[22m  [38;2;138;138;154m 2 term [39m  [38;2;138;138;154m 3 road [39m  [38;2;138;138;154m 4 chat [39m  [38;2;138;138;154m 5 tree [39m  [38;2;138;138;154m 6 set [39m  [38;2;138;138;154m 7 agents [39m                                     [38;2;35;35;46m│[39m
[38;2;35;35;46m│[39m [38;2;255;107;53m┌──────────────────────────────────────────────┐[39m [38;2;35;35;46m┌───────────────────────────────────────────────────────┐[39m [38;2;35;35;46m│[39m
[38;2;35;35;46m│[39m [38;2;255;107;53m│[39m [1m[38;2;255;107;53mTASKS[39m[22m                                        [38;2;255;107;53m│[39m [38;2;35;35;46m│[39m [38;2;138;138;154mDETAIL[39m                                                [38;2;35;35;46m│[39m [38;2;35;35;46m│[39m
[38;2;35;35;46m│[39m [38;2;255;107;53m│[39m [38;2;74;74;88m◆[38;2;138;138;154m BACKLOG [38;2;74;74;88m(1)[39m                                [38;2;255;107;53m│[39m [38;2;35;35;46m│[39m [38;2;138;138;154m002-fix-[39m [38;2;56;189;248m[QUEUED][39m                                     [38;2;35;35;46m│[39m [38;2;35;35;46m│[39m
[38;2;35;35;46m│[39m [38;2;255;107;53m│[39m [38;2;74;74;88m  [38;2;138;138;154m004-qa-l[39m [38;2;138;138;154m▽[39m [38;2;138;138;154mQA Loop Docs[38;2;74;74;88m  50%[39m               [38;2;255;107;53m│[39m [38;2;35;35;46m│[39m [38;2;232;232;240mFix Terminal Blank Screen[39m                             [38;2;35;35;46m│[39m [38;2;35;35;46m│[39m
[38;2;35;35;46m│[39m [38;2;255;107;53m│[39m [38;2;56;189;248m◆[38;2;138;138;154m QUEUE [38;2;74;74;88m(1)[39m                                  [38;2;255;107;53m│[39m [38;2;35;35;46m│[39m [38;2;138;138;154mprogress[39m [38;2;255;107;53m███████░░░░░░░[39m [38;2;232;232;240m50%[39m                           [38;2;35;35;46m│[39m [38;2;35;35;46m│[39m
[38;2;35;35;46m│[39m [38;2;255;107;53m│[39m [48;2;16;16;24m[38;2;255;107;53m❯ [38;2;138;138;154m002-fix-[39m [38;2;255;176;0m◆[39m [38;2;232;232;240mFix Terminal Blank Screen[38;2;56;189;248m  50%[39m[49m  [38;2;255;107;53m│[39m [38;2;35;35;46m│[39m [38;2;138;138;154msubtasks [38;2;232;232;240m0/2 complete[39m                                 [38;2;35;35;46m│[39m [38;2;35;35;46m│[39m
[38;2;35;35;46m│[39m [38;2;255;107;53m│[39m [38;2;255;107;53m◆[38;2;138;138;154m BUILDING [38;2;74;74;88m(1)[39m                               [38;2;255;107;53m│[39m [38;2;35;35;46m│[39m [38;2;138;138;154mphase [38;2;255;62;138midle[39m                                            [38;2;35;35;46m│[39m [38;2;35;35;46m│[39m
[38;2;35;35;46m│[39m [38;2;255;107;53m│[39m [38;2;74;74;88m  [38;2;138;138;154m001-migr[39m [38;2;255;68;68m▲[39m [38;2;138;138;154mMigrate Provider Registry[38;2;255;107;53m  50%[39m  [38;2;255;107;53m│[39m [38;2;35;35;46m│[39m [38;2;138;138;154mlocation [38;2;56;189;248mmain[38;2;138;138;154m  spec [38;2;74;74;88m002-fix-terminal-blank[39m            [38;2;35;35;46m│[39m [38;2;35;35;46m│[39m
[38;2;35;35;46m│[39m [38;2;255;107;53m│[39m [38;2;61;220;132m◆[38;2;138;138;154m DONE [38;2;74;74;88m(1)[39m                                   [38;2;255;107;53m│[39m [38;2;35;35;46m└───────────────────────────────────────────────────────┘[39m [38;2;35;35;46m│[39m
[38;2;35;35;46m│[39m [38;2;255;107;53m│[39m [38;2;74;74;88m  [38;2;138;138;154m003-arch[39m [38;2;138;138;154m▽[39m [38;2;138;138;154mArchive Button Fixes[38;2;61;220;132m  50%[39m       [38;2;255;107;53m│[39m                                                           [38;2;35;35;46m│[39m
[38;2;35;35;46m│[39m [38;2;255;107;53m│[39m                                              [38;2;255;107;53m│[39m [38;2;35;35;46m┌───────────────────────────────────────────────────────┐[39m [38;2;35;35;46m│[39m
[38;2;35;35;46m│[39m [38;2;255;107;53m│[39m                                              [38;2;255;107;53m│[39m [38;2;35;35;46m│[39m [38;2;138;138;154mAGENT STREAM[39m                                          [38;2;35;35;46m│[39m [38;2;35;35;46m│[39m
[38;2;35;35;46m│[39m [38;2;255;107;53m│[39m                                              [38;2;255;107;53m│[39m [38;2;35;35;46m│[39m [38;2;138;138;154m17:29:26 start 002-fix- → vendored AgentManager…[39m      [38;2;35;35;46m│[39m [38;2;35;35;46m│[39m
[38;2;35;35;46m│[39m [38;2;255;107;53m└──────────────────────────────────────────────┘[39m [38;2;35;35;46m└───────────────────────────────────────────────────────┘[39m [38;2;35;35;46m│[39m
[38;2;35;35;46m│[1m[48;2;255;107;53m[38;2;5;5;7m BOARD [39m[49m[22m [38;2;138;138;154mj/k move · ⏎ focus · s start · x stop · H/L column · l logs · / filter[39m                 [38;2;255;107;53m:[38;2;74;74;88m cmd  [38;2;255;107;53m?[38;2;74;74;88m help[38;2;35;35;46m│[39m
[38;2;35;35;46m└────────────────────────────────────────────────────────────────────────────────────────────────────────────┘[39m
[2K[1A[2K[1A[2K[1A[2K[1A[2K[1A[2K[1A[2K[1A[2K[1A[2K[1A[2K[1A[2K[1A[2K[1A[2K[1A[2K[1A[2K[1A[2K[1A[2K[1A[2K[1A[2K[1A[2K[G[ClaudeProfileManager] Initialization complete
[38;2;35;35;46m┌────────────────────────────────────────────────────────────────────────────────────────────────────────────┐[39m
[38;2;35;35;46m│[1m[38;2;255;107;53mAPERANT[39m[22m [38;2;74;74;88m│[39m [38;2;138;138;154maperant-fixture[39m [38;2;74;74;88m/tmp/aperant-fixture[39m [38;2;74;74;88m│[39m [38;2;56;189;248m⑂ develop[39m             [38;2;255;107;53m◉[38;2;138;138;154m 1 running[39m  [38;2;255;176;0m◆[38;2;138;138;154m 0 review[39m  [38;2;61;220;132m●[38;2;138;138;154m no profile[38;2;35;35;46m│[39m
[38;2;35;35;46m│[39m [1m[48;2;255;107;53m[38;2;5;5;7m 1 board [39m[49m[22m  [38;2;138;138;154m 2 term [39m  [38;2;138;138;154m 3 road [39m  [38;2;138;138;154m 4 chat [39m  [38;2;138;138;154m 5 tree [39m  [38;2;138;138;154m 6 set [39m  [38;2;138;138;154m 7 agents [39m                                     [38;2;35;35;46m│[39m
[38;2;35;35;46m│[39m [38;2;255;107;53m┌──────────────────────────────────────────────┐[39m [38;2;35;35;46m┌───────────────────────────────────────────────────────┐[39m [38;2;35;35;46m│[39m
[38;2;35;35;46m│[39m [38;2;255;107;53m│[39m [1m[38;2;255;107;53mTASKS[39m[22m                                        [38;2;255;107;53m│[39m [38;2;35;35;46m│[39m [38;2;138;138;154mDETAIL[39m                                                [38;2;35;35;46m│[39m [38;2;35;35;46m│[39m
[38;2;35;35;46m│[39m [38;2;255;107;53m│[39m [38;2;74;74;88m◆[38;2;138;138;154m BACKLOG [38;2;74;74;88m(1)[39m                                [38;2;255;107;53m│[39m [38;2;35;35;46m│[39m [38;2;138;138;154m002-fix-[39m [38;2;56;189;248m[QUEUED][39m                                     [38;2;35;35;46m│[39m [38;2;35;35;46m│[39m
[38;2;35;35;46m│[39m [38;2;255;107;53m│[39m [38;2;74;74;88m  [38;2;138;138;154m004-qa-l[39m [38;2;138;138;154m▽[39m [38;2;138;138;154mQA Loop Docs[38;2;74;74;88m  50%[39m               [38;2;255;107;53m│[39m [38;2;35;35;46m│[39m [38;2;232;232;240mFix Terminal Blank Screen[39m                             [38;2;35;35;46m│[39m [38;2;35;35;46m│[39m
[38;2;35;35;46m│[39m [38;2;255;107;53m│[39m [38;2;56;189;248m◆[38;2;138;138;154m QUEUE [38;2;74;74;88m(1)[39m                                  [38;2;255;107;53m│[39m [38;2;35;35;46m│[39m [38;2;138;138;154mprogress[39m [38;2;255;107;53m███████░░░░░░░[39m [38;2;232;232;240m50%[39m                           [38;2;35;35;46m│[39m [38;2;35;35;46m│[39m
[38;2;35;35;46m│[39m [38;2;255;107;53m│[39m [48;2;16;16;24m[38;2;255;107;53m❯ [38;2;138;138;154m002-fix-[39m [38;2;255;176;0m◆[39m [38;2;232;232;240mFix Terminal Blank Screen[38;2;56;189;248m  50%[39m[49m  [38;2;255;107;53m│[39m [38;2;35;35;46m│[39m [38;2;138;138;154msubtasks [38;2;232;232;240m0/2 complete[39m                                 [38;2;35;35;46m│[39m [38;2;35;35;46m│[39m
[38;2;35;35;46m│[39m [38;2;255;107;53m│[39m [38;2;255;107;53m◆[38;2;138;138;154m BUILDING [38;2;74;74;88m(1)[39m                               [38;2;255;107;53m│[39m [38;2;35;35;46m│[39m [38;2;138;138;154mphase [38;2;255;62;138midle[39m                                            [38;2;35;35;46m│[39m [38;2;35;35;46m│[39m
[38;2;35;35;46m│[39m [38;2;255;107;53m│[39m [38;2;74;74;88m  [38;2;138;138;154m001-migr[39m [38;2;255;68;68m▲[39m [38;2;138;138;154mMigrate Provider Registry[38;2;255;107;53m  50%[39m  [38;2;255;107;53m│[39m [38;2;35;35;46m│[39m [38;2;138;138;154mlocation [38;2;56;189;248mmain[38;2;138;138;154m  spec [38;2;74;74;88m002-fix-terminal-blank[39m            [38;2;35;35;46m│[39m [38;2;35;35;46m│[39m
[38;2;35;35;46m│[39m [38;2;255;107;53m│[39m [38;2;61;220;132m◆[38;2;138;138;154m DONE [38;2;74;74;88m(1)[39m                                   [38;2;255;107;53m│[39m [38;2;35;35;46m└───────────────────────────────────────────────────────┘[39m [38;2;35;35;46m│[39m
[38;2;35;35;46m│[39m [38;2;255;107;53m│[39m [38;2;74;74;88m  [38;2;138;138;154m003-arch[39m [38;2;138;138;154m▽[39m [38;2;138;138;154mArchive Button Fixes[38;2;61;220;132m  50%[39m       [38;2;255;107;53m│[39m                                                           [38;2;35;35;46m│[39m
[38;2;35;35;46m│[39m [38;2;255;107;53m│[39m                                              [38;2;255;107;53m│[39m [38;2;35;35;46m┌───────────────────────────────────────────────────────┐[39m [38;2;35;35;46m│[39m
[38;2;35;35;46m│[39m [38;2;255;107;53m│[39m                                              [38;2;255;107;53m│[39m [38;2;35;35;46m│[39m [38;2;138;138;154mAGENT STREAM[39m                                          [38;2;35;35;46m│[39m [38;2;35;35;46m│[39m
[38;2;35;35;46m│[39m [38;2;255;107;53m│[39m                                              [38;2;255;107;53m│[39m [38;2;35;35;46m│[39m [38;2;138;138;154m17:29:26 start 002-fix- → vendored AgentManager…[39m      [38;2;35;35;46m│[39m [38;2;35;35;46m│[39m
[38;2;35;35;46m│[39m [38;2;255;107;53m└──────────────────────────────────────────────┘[39m [38;2;35;35;46m└───────────────────────────────────────────────────────┘[39m [38;2;35;35;46m│[39m
[38;2;35;35;46m│[1m[48;2;255;107;53m[38;2;5;5;7m BOARD [39m[49m[22m [38;2;138;138;154mj/k move · ⏎ focus · s start · x stop · H/L column · l logs · / filter[39m                 [38;2;255;107;53m:[38;2;74;74;88m cmd  [38;2;255;107;53m?[38;2;74;74;88m help[38;2;35;35;46m│[39m
[38;2;35;35;46m└────────────────────────────────────────────────────────────────────────────────────────────────────────────┘[39m
[2K[1A[2K[1A[2K[1A[2K[1A[2K[1A[2K[1A[2K[1A[2K[1A[2K[1A[2K[1A[2K[1A[2K[1A[2K[1A[2K[1A[2K[1A[2K[1A[2K[1A[2K[1A[2K[1A[2K[G[AgentManager] Resolved auth from provider queue: account=moonshot-msqd5yb5 provider=moonshot model=kimi/kimi-for-coding
[38;2;35;35;46m┌────────────────────────────────────────────────────────────────────────────────────────────────────────────┐[39m
[38;2;35;35;46m│[1m[38;2;255;107;53mAPERANT[39m[22m [38;2;74;74;88m│[39m [38;2;138;138;154maperant-fixture[39m [38;2;74;74;88m/tmp/aperant-fixture[39m [38;2;74;74;88m│[39m [38;2;56;189;248m⑂ develop[39m             [38;2;255;107;53m◉[38;2;138;138;154m 1 running[39m  [38;2;255;176;0m◆[38;2;138;138;154m 0 review[39m  [38;2;61;220;132m●[38;2;138;138;154m no profile[38;2;35;35;46m│[39m
[38;2;35;35;46m│[39m [1m[48;2;255;107;53m[38;2;5;5;7m 1 board [39m[49m[22m  [38;2;138;138;154m 2 term [39m  [38;2;138;138;154m 3 road [39m  [38;2;138;138;154m 4 chat [39m  [38;2;138;138;154m 5 tree [39m  [38;2;138;138;154m 6 set [39m  [38;2;138;138;154m 7 agents [39m                                     [38;2;35;35;46m│[39m
[38;2;35;35;46m│[39m [38;2;255;107;53m┌──────────────────────────────────────────────┐[39m [38;2;35;35;46m┌───────────────────────────────────────────────────────┐[39m [38;2;35;35;46m│[39m
[38;2;35;35;46m│[39m [38;2;255;107;53m│[39m [1m[38;2;255;107;53mTASKS[39m[22m                                        [38;2;255;107;53m│[39m [38;2;35;35;46m│[39m [38;2;138;138;154mDETAIL[39m                                                [38;2;35;35;46m│[39m [38;2;35;35;46m│[39m
[38;2;35;35;46m│[39m [38;2;255;107;53m│[39m [38;2;74;74;88m◆[38;2;138;138;154m BACKLOG [38;2;74;74;88m(1)[39m                                [38;2;255;107;53m│[39m [38;2;35;35;46m│[39m [38;2;138;138;154m002-fix-[39m [38;2;56;189;248m[QUEUED][39m                                     [38;2;35;35;46m│[39m [38;2;35;35;46m│[39m
[38;2;35;35;46m│[39m [38;2;255;107;53m│[39m [38;2;74;74;88m  [38;2;138;138;154m004-qa-l[39m [38;2;138;138;154m▽[39m [38;2;138;138;154mQA Loop Docs[38;2;74;74;88m  50%[39m               [38;2;255;107;53m│[39m [38;2;35;35;46m│[39m [38;2;232;232;240mFix Terminal Blank Screen[39m                             [38;2;35;35;46m│[39m [38;2;35;35;46m│[39m
[38;2;35;35;46m│[39m [38;2;255;107;53m│[39m [38;2;56;189;248m◆[38;2;138;138;154m QUEUE [38;2;74;74;88m(1)[39m                                  [38;2;255;107;53m│[39m [38;2;35;35;46m│[39m [38;2;138;138;154mprogress[39m [38;2;255;107;53m███████░░░░░░░[39m [38;2;232;232;240m50%[39m                           [38;2;35;35;46m│[39m [38;2;35;35;46m│[39m
[38;2;35;35;46m│[39m [38;2;255;107;53m│[39m [48;2;16;16;24m[38;2;255;107;53m❯ [38;2;138;138;154m002-fix-[39m [38;2;255;176;0m◆[39m [38;2;232;232;240mFix Terminal Blank Screen[38;2;56;189;248m  50%[39m[49m  [38;2;255;107;53m│[39m [38;2;35;35;46m│[39m [38;2;138;138;154msubtasks [38;2;232;232;240m0/2 complete[39m                                 [38;2;35;35;46m│[39m [38;2;35;35;46m│[39m
[38;2;35;35;46m│[39m [38;2;255;107;53m│[39m [38;2;255;107;53m◆[38;2;138;138;154m BUILDING [38;2;74;74;88m(1)[39m                               [38;2;255;107;53m│[39m [38;2;35;35;46m│[39m [38;2;138;138;154mphase [38;2;255;62;138midle[39m                                            [38;2;35;35;46m│[39m [38;2;35;35;46m│[39m
[38;2;35;35;46m│[39m [38;2;255;107;53m│[39m [38;2;74;74;88m  [38;2;138;138;154m001-migr[39m [38;2;255;68;68m▲[39m [38;2;138;138;154mMigrate Provider Registry[38;2;255;107;53m  50%[39m  [38;2;255;107;53m│[39m [38;2;35;35;46m│[39m [38;2;138;138;154mlocation [38;2;56;189;248mmain[38;2;138;138;154m  spec [38;2;74;74;88m002-fix-terminal-blank[39m            [38;2;35;35;46m│[39m [38;2;35;35;46m│[39m
[38;2;35;35;46m│[39m [38;2;255;107;53m│[39m [38;2;61;220;132m◆[38;2;138;138;154m DONE [38;2;74;74;88m(1)[39m                                   [38;2;255;107;53m│[39m [38;2;35;35;46m└───────────────────────────────────────────────────────┘[39m [38;2;35;35;46m│[39m
[38;2;35;35;46m│[39m [38;2;255;107;53m│[39m [38;2;74;74;88m  [38;2;138;138;154m003-arch[39m [38;2;138;138;154m▽[39m [38;2;138;138;154mArchive Button Fixes[38;2;61;220;132m  50%[39m       [38;2;255;107;53m│[39m                                                           [38;2;35;35;46m│[39m
[38;2;35;35;46m│[39m [38;2;255;107;53m│[39m                                              [38;2;255;107;53m│[39m [38;2;35;35;46m┌───────────────────────────────────────────────────────┐[39m [38;2;35;35;46m│[39m
[38;2;35;35;46m│[39m [38;2;255;107;53m│[39m                                              [38;2;255;107;53m│[39m [38;2;35;35;46m│[39m [38;2;138;138;154mAGENT STREAM[39m                                          [38;2;35;35;46m│[39m [38;2;35;35;46m│[39m
[38;2;35;35;46m│[39m [38;2;255;107;53m│[39m                                              [38;2;255;107;53m│[39m [38;2;35;35;46m│[39m [38;2;138;138;154m17:29:26 start 002-fix- → vendored AgentManager…[39m      [38;2;35;35;46m│[39m [38;2;35;35;46m│[39m
[38;2;35;35;46m│[39m [38;2;255;107;53m└──────────────────────────────────────────────┘[39m [38;2;35;35;46m└───────────────────────────────────────────────────────┘[39m [38;2;35;35;46m│[39m
[38;2;35;35;46m│[1m[48;2;255;107;53m[38;2;5;5;7m BOARD [39m[49m[22m [38;2;138;138;154mj/k move · ⏎ focus · s start · x stop · H/L column · l logs · / filter[39m                 [38;2;255;107;53m:[38;2;74;74;88m cmd  [38;2;255;107;53m?[38;2;74;74;88m help[38;2;35;35;46m│[39m
[38;2;35;35;46m└────────────────────────────────────────────────────────────────────────────────────────────────────────────┘[39m
[2K[1A[2K[1A[2K[1A[2K[1A[2K[1A[2K[1A[2K[1A[2K[1A[2K[1A[2K[1A[2K[1A[2K[1A[2K[1A[2K[1A[2K[1A[2K[1A[2K[1A[2K[1A[2K[1A[2K[G[WorktreeManager] Pruning stale worktree references...
[38;2;35;35;46m┌────────────────────────────────────────────────────────────────────────────────────────────────────────────┐[39m
[38;2;35;35;46m│[1m[38;2;255;107;53mAPERANT[39m[22m [38;2;74;74;88m│[39m [38;2;138;138;154maperant-fixture[39m [38;2;74;74;88m/tmp/aperant-fixture[39m [38;2;74;74;88m│[39m [38;2;56;189;248m⑂ develop[39m             [38;2;255;107;53m◉[38;2;138;138;154m 1 running[39m  [38;2;255;176;0m◆[38;2;138;138;154m 0 review[39m  [38;2;61;220;132m●[38;2;138;138;154m no profile[38;2;35;35;46m│[39m
[38;2;35;35;46m│[39m [1m[48;2;255;107;53m[38;2;5;5;7m 1 board [39m[49m[22m  [38;2;138;138;154m 2 term [39m  [38;2;138;138;154m 3 road [39m  [38;2;138;138;154m 4 chat [39m  [38;2;138;138;154m 5 tree [39m  [38;2;138;138;154m 6 set [39m  [38;2;138;138;154m 7 agents [39m                                     [38;2;35;35;46m│[39m
[38;2;35;35;46m│[39m [38;2;255;107;53m┌──────────────────────────────────────────────┐[39m [38;2;35;35;46m┌───────────────────────────────────────────────────────┐[39m [38;2;35;35;46m│[39m
[38;2;35;35;46m│[39m [38;2;255;107;53m│[39m [1m[38;2;255;107;53mTASKS[39m[22m                                        [38;2;255;107;53m│[39m [38;2;35;35;46m│[39m [38;2;138;138;154mDETAIL[39m                                                [38;2;35;35;46m│[39m [38;2;35;35;46m│[39m
[38;2;35;35;46m│[39m [38;2;255;107;53m│[39m [38;2;74;74;88m◆[38;2;138;138;154m BACKLOG [38;2;74;74;88m(1)[39m                                [38;2;255;107;53m│[39m [38;2;35;35;46m│[39m [38;2;138;138;154m002-fix-[39m [38;2;56;189;248m[QUEUED][39m                                     [38;2;35;35;46m│[39m [38;2;35;35;46m│[39m
[38;2;35;35;46m│[39m [38;2;255;107;53m│[39m [38;2;74;74;88m  [38;2;138;138;154m004-qa-l[39m [38;2;138;138;154m▽[39m [38;2;138;138;154mQA Loop Docs[38;2;74;74;88m  50%[39m               [38;2;255;107;53m│[39m [38;2;35;35;46m│[39m [38;2;232;232;240mFix Terminal Blank Screen[39m                             [38;2;35;35;46m│[39m [38;2;35;35;46m│[39m
[38;2;35;35;46m│[39m [38;2;255;107;53m│[39m [38;2;56;189;248m◆[38;2;138;138;154m QUEUE [38;2;74;74;88m(1)[39m                                  [38;2;255;107;53m│[39m [38;2;35;35;46m│[39m [38;2;138;138;154mprogress[39m [38;2;255;107;53m███████░░░░░░░[39m [38;2;232;232;240m50%[39m                           [38;2;35;35;46m│[39m [38;2;35;35;46m│[39m
[38;2;35;35;46m│[39m [38;2;255;107;53m│[39m [48;2;16;16;24m[38;2;255;107;53m❯ [38;2;138;138;154m002-fix-[39m [38;2;255;176;0m◆[39m [38;2;232;232;240mFix Terminal Blank Screen[38;2;56;189;248m  50%[39m[49m  [38;2;255;107;53m│[39m [38;2;35;35;46m│[39m [38;2;138;138;154msubtasks [38;2;232;232;240m0/2 complete[39m                                 [38;2;35;35;46m│[39m [38;2;35;35;46m│[39m
[38;2;35;35;46m│[39m [38;2;255;107;53m│[39m [38;2;255;107;53m◆[38;2;138;138;154m BUILDING [38;2;74;74;88m(1)[39m                               [38;2;255;107;53m│[39m [38;2;35;35;46m│[39m [38;2;138;138;154mphase [38;2;255;62;138midle[39m                                            [38;2;35;35;46m│[39m [38;2;35;35;46m│[39m
[38;2;35;35;46m│[39m [38;2;255;107;53m│[39m [38;2;74;74;88m  [38;2;138;138;154m001-migr[39m [38;2;255;68;68m▲[39m [38;2;138;138;154mMigrate Provider Registry[38;2;255;107;53m  50%[39m  [38;2;255;107;53m│[39m [38;2;35;35;46m│[39m [38;2;138;138;154mlocation [38;2;56;189;248mmain[38;2;138;138;154m  spec [38;2;74;74;88m002-fix-terminal-blank[39m            [38;2;35;35;46m│[39m [38;2;35;35;46m│[39m
[38;2;35;35;46m│[39m [38;2;255;107;53m│[39m [38;2;61;220;132m◆[38;2;138;138;154m DONE [38;2;74;74;88m(1)[39m                                   [38;2;255;107;53m│[39m [38;2;35;35;46m└───────────────────────────────────────────────────────┘[39m [38;2;35;35;46m│[39m
[38;2;35;35;46m│[39m [38;2;255;107;53m│[39m [38;2;74;74;88m  [38;2;138;138;154m003-arch[39m [38;2;138;138;154m▽[39m [38;2;138;138;154mArchive Button Fixes[38;2;61;220;132m  50%[39m       [38;2;255;107;53m│[39m                                                           [38;2;35;35;46m│[39m
[38;2;35;35;46m│[39m [38;2;255;107;53m│[39m                                              [38;2;255;107;53m│[39m [38;2;35;35;46m┌───────────────────────────────────────────────────────┐[39m [38;2;35;35;46m│[39m
[38;2;35;35;46m│[39m [38;2;255;107;53m│[39m                                              [38;2;255;107;53m│[39m [38;2;35;35;46m│[39m [38;2;138;138;154mAGENT STREAM[39m                                          [38;2;35;35;46m│[39m [38;2;35;35;46m│[39m
[38;2;35;35;46m│[39m [38;2;255;107;53m│[39m                                              [38;2;255;107;53m│[39m [38;2;35;35;46m│[39m [38;2;138;138;154m17:29:26 start 002-fix- → vendored AgentManager…[39m      [38;2;35;35;46m│[39m [38;2;35;35;46m│[39m
[38;2;35;35;46m│[39m [38;2;255;107;53m└──────────────────────────────────────────────┘[39m [38;2;35;35;46m└───────────────────────────────────────────────────────┘[39m [38;2;35;35;46m│[39m
[38;2;35;35;46m│[1m[48;2;255;107;53m[38;2;5;5;7m BOARD [39m[49m[22m [38;2;138;138;154mj/k move · ⏎ focus · s start · x stop · H/L column · l logs · / filter[39m                 [38;2;255;107;53m:[38;2;74;74;88m cmd  [38;2;255;107;53m?[38;2;74;74;88m help[38;2;35;35;46m│[39m
[38;2;35;35;46m└────────────────────────────────────────────────────────────────────────────────────────────────────────────┘[39m
[2K[1A[2K[1A[2K[1A[2K[1A[2K[1A[2K[1A[2K[1A[2K[1A[2K[1A[2K[1A[2K[1A[2K[1A[2K[1A[2K[1A[2K[1A[2K[1A[2K[1A[2K[1A[2K[1A[2K[G[WorktreeManager] Fetching latest from origin/main...
[38;2;35;35;46m┌────────────────────────────────────────────────────────────────────────────────────────────────────────────┐[39m
[38;2;35;35;46m│[1m[38;2;255;107;53mAPERANT[39m[22m [38;2;74;74;88m│[39m [38;2;138;138;154maperant-fixture[39m [38;2;74;74;88m/tmp/aperant-fixture[39m [38;2;74;74;88m│[39m [38;2;56;189;248m⑂ develop[39m             [38;2;255;107;53m◉[38;2;138;138;154m 1 running[39m  [38;2;255;176;0m◆[38;2;138;138;154m 0 review[39m  [38;2;61;220;132m●[38;2;138;138;154m no profile[38;2;35;35;46m│[39m
[38;2;35;35;46m│[39m [1m[48;2;255;107;53m[38;2;5;5;7m 1 board [39m[49m[22m  [38;2;138;138;154m 2 term [39m  [38;2;138;138;154m 3 road [39m  [38;2;138;138;154m 4 chat [39m  [38;2;138;138;154m 5 tree [39m  [38;2;138;138;154m 6 set [39m  [38;2;138;138;154m 7 agents [39m                                     [38;2;35;35;46m│[39m
[38;2;35;35;46m│[39m [38;2;255;107;53m┌──────────────────────────────────────────────┐[39m [38;2;35;35;46m┌───────────────────────────────────────────────────────┐[39m [38;2;35;35;46m│[39m
[38;2;35;35;46m│[39m [38;2;255;107;53m│[39m [1m[38;2;255;107;53mTASKS[39m[22m                                        [38;2;255;107;53m│[39m [38;2;35;35;46m│[39m [38;2;138;138;154mDETAIL[39m                                                [38;2;35;35;46m│[39m [38;2;35;35;46m│[39m
[38;2;35;35;46m│[39m [38;2;255;107;53m│[39m [38;2;74;74;88m◆[38;2;138;138;154m BACKLOG [38;2;74;74;88m(1)[39m                                [38;2;255;107;53m│[39m [38;2;35;35;46m│[39m [38;2;138;138;154m002-fix-[39m [38;2;56;189;248m[QUEUED][39m                                     [38;2;35;35;46m│[39m [38;2;35;35;46m│[39m
[38;2;35;35;46m│[39m [38;2;255;107;53m│[39m [38;2;74;74;88m  [38;2;138;138;154m004-qa-l[39m [38;2;138;138;154m▽[39m [38;2;138;138;154mQA Loop Docs[38;2;74;74;88m  50%[39m               [38;2;255;107;53m│[39m [38;2;35;35;46m│[39m [38;2;232;232;240mFix Terminal Blank Screen[39m                             [38;2;35;35;46m│[39m [38;2;35;35;46m│[39m
[38;2;35;35;46m│[39m [38;2;255;107;53m│[39m [38;2;56;189;248m◆[38;2;138;138;154m QUEUE [38;2;74;74;88m(1)[39m                                  [38;2;255;107;53m│[39m [38;2;35;35;46m│[39m [38;2;138;138;154mprogress[39m [38;2;255;107;53m███████░░░░░░░[39m [38;2;232;232;240m50%[39m                           [38;2;35;35;46m│[39m [38;2;35;35;46m│[39m
[38;2;35;35;46m│[39m [38;2;255;107;53m│[39m [48;2;16;16;24m[38;2;255;107;53m❯ [38;2;138;138;154m002-fix-[39m [38;2;255;176;0m◆[39m [38;2;232;232;240mFix Terminal Blank Screen[38;2;56;189;248m  50%[39m[49m  [38;2;255;107;53m│[39m [38;2;35;35;46m│[39m [38;2;138;138;154msubtasks [38;2;232;232;240m0/2 complete[39m                                 [38;2;35;35;46m│[39m [38;2;35;35;46m│[39m
[38;2;35;35;46m│[39m [38;2;255;107;53m│[39m [38;2;255;107;53m◆[38;2;138;138;154m BUILDING [38;2;74;74;88m(1)[39m                               [38;2;255;107;53m│[39m [38;2;35;35;46m│[39m [38;2;138;138;154mphase [38;2;255;62;138midle[39m                                            [38;2;35;35;46m│[39m [38;2;35;35;46m│[39m
[38;2;35;35;46m│[39m [38;2;255;107;53m│[39m [38;2;74;74;88m  [38;2;138;138;154m001-migr[39m [38;2;255;68;68m▲[39m [38;2;138;138;154mMigrate Provider Registry[38;2;255;107;53m  50%[39m  [38;2;255;107;53m│[39m [38;2;35;35;46m│[39m [38;2;138;138;154mlocation [38;2;56;189;248mmain[38;2;138;138;154m  spec [38;2;74;74;88m002-fix-terminal-blank[39m            [38;2;35;35;46m│[39m [38;2;35;35;46m│[39m
[38;2;35;35;46m│[39m [38;2;255;107;53m│[39m [38;2;61;220;132m◆[38;2;138;138;154m DONE [38;2;74;74;88m(1)[39m                                   [38;2;255;107;53m│[39m [38;2;35;35;46m└───────────────────────────────────────────────────────┘[39m [38;2;35;35;46m│[39m
[38;2;35;35;46m│[39m [38;2;255;107;53m│[39m [38;2;74;74;88m  [38;2;138;138;154m003-arch[39m [38;2;138;138;154m▽[39m [38;2;138;138;154mArchive Button Fixes[38;2;61;220;132m  50%[39m       [38;2;255;107;53m│[39m                                                           [38;2;35;35;46m│[39m
[38;2;35;35;46m│[39m [38;2;255;107;53m│[39m                                              [38;2;255;107;53m│[39m [38;2;35;35;46m┌───────────────────────────────────────────────────────┐[39m [38;2;35;35;46m│[39m
[38;2;35;35;46m│[39m [38;2;255;107;53m│[39m                                              [38;2;255;107;53m│[39m [38;2;35;35;46m│[39m [38;2;138;138;154mAGENT STREAM[39m                                          [38;2;35;35;46m│[39m [38;2;35;35;46m│[39m
[38;2;35;35;46m│[39m [38;2;255;107;53m│[39m                                              [38;2;255;107;53m│[39m [38;2;35;35;46m│[39m [38;2;138;138;154m17:29:26 start 002-fix- → vendored AgentManager…[39m      [38;2;35;35;46m│[39m [38;2;35;35;46m│[39m
[38;2;35;35;46m│[39m [38;2;255;107;53m└──────────────────────────────────────────────┘[39m [38;2;35;35;46m└───────────────────────────────────────────────────────┘[39m [38;2;35;35;46m│[39m
[38;2;35;35;46m│[1m[48;2;255;107;53m[38;2;5;5;7m BOARD [39m[49m[22m [38;2;138;138;154mj/k move · ⏎ focus · s start · x stop · H/L column · l logs · / filter[39m                 [38;2;255;107;53m:[38;2;74;74;88m cmd  [38;2;255;107;53m?[38;2;74;74;88m help[38;2;35;35;46m│[39m
[38;2;35;35;46m└────────────────────────────────────────────────────────────────────────────────────────────────────────────┘[39m
[2K[1A[2K[1A[2K[1A[2K[1A[2K[1A[2K[1A[2K[1A[2K[1A[2K[1A[2K[1A[2K[1A[2K[1A[2K[1A[2K[1A[2K[1A[2K[1A[2K[1A[2K[1A[2K[1A[2K[G[WorktreeManager] Remote ref origin/main not found, using local branch: main
[38;2;35;35;46m┌────────────────────────────────────────────────────────────────────────────────────────────────────────────┐[39m
[38;2;35;35;46m│[1m[38;2;255;107;53mAPERANT[39m[22m [38;2;74;74;88m│[39m [38;2;138;138;154maperant-fixture[39m [38;2;74;74;88m/tmp/aperant-fixture[39m [38;2;74;74;88m│[39m [38;2;56;189;248m⑂ develop[39m             [38;2;255;107;53m◉[38;2;138;138;154m 1 running[39m  [38;2;255;176;0m◆[38;2;138;138;154m 0 review[39m  [38;2;61;220;132m●[38;2;138;138;154m no profile[38;2;35;35;46m│[39m
[38;2;35;35;46m│[39m [1m[48;2;255;107;53m[38;2;5;5;7m 1 board [39m[49m[22m  [38;2;138;138;154m 2 term [39m  [38;2;138;138;154m 3 road [39m  [38;2;138;138;154m 4 chat [39m  [38;2;138;138;154m 5 tree [39m  [38;2;138;138;154m 6 set [39m  [38;2;138;138;154m 7 agents [39m                                     [38;2;35;35;46m│[39m
[38;2;35;35;46m│[39m [38;2;255;107;53m┌──────────────────────────────────────────────┐[39m [38;2;35;35;46m┌───────────────────────────────────────────────────────┐[39m [38;2;35;35;46m│[39m
[38;2;35;35;46m│[39m [38;2;255;107;53m│[39m [1m[38;2;255;107;53mTASKS[39m[22m                                        [38;2;255;107;53m│[39m [38;2;35;35;46m│[39m [38;2;138;138;154mDETAIL[39m                                                [38;2;35;35;46m│[39m [38;2;35;35;46m│[39m
[38;2;35;35;46m│[39m [38;2;255;107;53m│[39m [38;2;74;74;88m◆[38;2;138;138;154m BACKLOG [38;2;74;74;88m(1)[39m                                [38;2;255;107;53m│[39m [38;2;35;35;46m│[39m [38;2;138;138;154m002-fix-[39m [38;2;56;189;248m[QUEUED][39m                                     [38;2;35;35;46m│[39m [38;2;35;35;46m│[39m
[38;2;35;35;46m│[39m [38;2;255;107;53m│[39m [38;2;74;74;88m  [38;2;138;138;154m004-qa-l[39m [38;2;138;138;154m▽[39m [38;2;138;138;154mQA Loop Docs[38;2;74;74;88m  50%[39m               [38;2;255;107;53m│[39m [38;2;35;35;46m│[39m [38;2;232;232;240mFix Terminal Blank Screen[39m                             [38;2;35;35;46m│[39m [38;2;35;35;46m│[39m
[38;2;35;35;46m│[39m [38;2;255;107;53m│[39m [38;2;56;189;248m◆[38;2;138;138;154m QUEUE [38;2;74;74;88m(1)[39m                                  [38;2;255;107;53m│[39m [38;2;35;35;46m│[39m [38;2;138;138;154mprogress[39m [38;2;255;107;53m███████░░░░░░░[39m [38;2;232;232;240m50%[39m                           [38;2;35;35;46m│[39m [38;2;35;35;46m│[39m
[38;2;35;35;46m│[39m [38;2;255;107;53m│[39m [48;2;16;16;24m[38;2;255;107;53m❯ [38;2;138;138;154m002-fix-[39m [38;2;255;176;0m◆[39m [38;2;232;232;240mFix Terminal Blank Screen[38;2;56;189;248m  50%[39m[49m  [38;2;255;107;53m│[39m [38;2;35;35;46m│[39m [38;2;138;138;154msubtasks [38;2;232;232;240m0/2 complete[39m                                 [38;2;35;35;46m│[39m [38;2;35;35;46m│[39m
[38;2;35;35;46m│[39m [38;2;255;107;53m│[39m [38;2;255;107;53m◆[38;2;138;138;154m BUILDING [38;2;74;74;88m(1)[39m                               [38;2;255;107;53m│[39m [38;2;35;35;46m│[39m [38;2;138;138;154mphase [38;2;255;62;138midle[39m                                            [38;2;35;35;46m│[39m [38;2;35;35;46m│[39m
[38;2;35;35;46m│[39m [38;2;255;107;53m│[39m [38;2;74;74;88m  [38;2;138;138;154m001-migr[39m [38;2;255;68;68m▲[39m [38;2;138;138;154mMigrate Provider Registry[38;2;255;107;53m  50%[39m  [38;2;255;107;53m│[39m [38;2;35;35;46m│[39m [38;2;138;138;154mlocation [38;2;56;189;248mmain[38;2;138;138;154m  spec [38;2;74;74;88m002-fix-terminal-blank[39m            [38;2;35;35;46m│[39m [38;2;35;35;46m│[39m
[38;2;35;35;46m│[39m [38;2;255;107;53m│[39m [38;2;61;220;132m◆[38;2;138;138;154m DONE [38;2;74;74;88m(1)[39m                                   [38;2;255;107;53m│[39m [38;2;35;35;46m└───────────────────────────────────────────────────────┘[39m [38;2;35;35;46m│[39m
[38;2;35;35;46m│[39m [38;2;255;107;53m│[39m [38;2;74;74;88m  [38;2;138;138;154m003-arch[39m [38;2;138;138;154m▽[39m [38;2;138;138;154mArchive Button Fixes[38;2;61;220;132m  50%[39m       [38;2;255;107;53m│[39m                                                           [38;2;35;35;46m│[39m
[38;2;35;35;46m│[39m [38;2;255;107;53m│[39m                                              [38;2;255;107;53m│[39m [38;2;35;35;46m┌───────────────────────────────────────────────────────┐[39m [38;2;35;35;46m│[39m
[38;2;35;35;46m│[39m [38;2;255;107;53m│[39m                                              [38;2;255;107;53m│[39m [38;2;35;35;46m│[39m [38;2;138;138;154mAGENT STREAM[39m                                          [38;2;35;35;46m│[39m [38;2;35;35;46m│[39m
[38;2;35;35;46m│[39m [38;2;255;107;53m│[39m                                              [38;2;255;107;53m│[39m [38;2;35;35;46m│[39m [38;2;138;138;154m17:29:26 start 002-fix- → vendored AgentManager…[39m      [38;2;35;35;46m│[39m [38;2;35;35;46m│[39m
[38;2;35;35;46m│[39m [38;2;255;107;53m└──────────────────────────────────────────────┘[39m [38;2;35;35;46m└───────────────────────────────────────────────────────┘[39m [38;2;35;35;46m│[39m
[38;2;35;35;46m│[1m[48;2;255;107;53m[38;2;5;5;7m BOARD [39m[49m[22m [38;2;138;138;154mj/k move · ⏎ focus · s start · x stop · H/L column · l logs · / filter[39m                 [38;2;255;107;53m:[38;2;74;74;88m cmd  [38;2;255;107;53m?[38;2;74;74;88m help[38;2;35;35;46m│[39m
[38;2;35;35;46m└────────────────────────────────────────────────────────────────────────────────────────────────────────────┘[39m
[2K[1A[2K[1A[2K[1A[2K[1A[2K[1A[2K[1A[2K[1A[2K[1A[2K[1A[2K[1A[2K[1A[2K[1A[2K[1A[2K[1A[2K[1A[2K[1A[2K[1A[2K[1A[2K[1A[2K[G[AgentManager] Failed to create worktree for 002-fix-terminal-blank: Error: git worktree failed: Command failed: git worktree add -b auto-claude/002-fix-terminal-blank --no-track /tmp/aperant-fixture/.auto-claude/worktrees/tasks/002-fix-terminal-blank main
Preparing worktree (new branch 'auto-claude/002-fix-terminal-blank')
fatal: not a valid object name: 'main'

    at git (/tmp/build/aperant-tui/apps/desktop/src/main/ai/worktree/worktree-manager.ts:50:11)
    at process.processTicksAndRejections (node:internal/process/task_queues:103:5)
    at async createOrGetWorktree (/tmp/build/aperant-tui/apps/desktop/src/main/ai/worktree/worktree-manager.ts:198:5)
    at async AgentManager.startTaskExecution (/tmp/build/aperant-tui/apps/desktop/src/main/agent/agent-manager.ts:480:24)
[38;2;35;35;46m┌────────────────────────────────────────────────────────────────────────────────────────────────────────────┐[39m
[38;2;35;35;46m│[1m[38;2;255;107;53mAPERANT[39m[22m [38;2;74;74;88m│[39m [38;2;138;138;154maperant-fixture[39m [38;2;74;74;88m/tmp/aperant-fixture[39m [38;2;74;74;88m│[39m [38;2;56;189;248m⑂ develop[39m             [38;2;255;107;53m◉[38;2;138;138;154m 1 running[39m  [38;2;255;176;0m◆[38;2;138;138;154m 0 review[39m  [38;2;61;220;132m●[38;2;138;138;154m no profile[38;2;35;35;46m│[39m
[38;2;35;35;46m│[39m [1m[48;2;255;107;53m[38;2;5;5;7m 1 board [39m[49m[22m  [38;2;138;138;154m 2 term [39m  [38;2;138;138;154m 3 road [39m  [38;2;138;138;154m 4 chat [39m  [38;2;138;138;154m 5 tree [39m  [38;2;138;138;154m 6 set [39m  [38;2;138;138;154m 7 agents [39m                                     [38;2;35;35;46m│[39m
[38;2;35;35;46m│[39m [38;2;255;107;53m┌──────────────────────────────────────────────┐[39m [38;2;35;35;46m┌───────────────────────────────────────────────────────┐[39m [38;2;35;35;46m│[39m
[38;2;35;35;46m│[39m [38;2;255;107;53m│[39m [1m[38;2;255;107;53mTASKS[39m[22m                                        [38;2;255;107;53m│[39m [38;2;35;35;46m│[39m [38;2;138;138;154mDETAIL[39m                                                [38;2;35;35;46m│[39m [38;2;35;35;46m│[39m
[38;2;35;35;46m│[39m [38;2;255;107;53m│[39m [38;2;74;74;88m◆[38;2;138;138;154m BACKLOG [38;2;74;74;88m(1)[39m                                [38;2;255;107;53m│[39m [38;2;35;35;46m│[39m [38;2;138;138;154m002-fix-[39m [38;2;56;189;248m[QUEUED][39m                                     [38;2;35;35;46m│[39m [38;2;35;35;46m│[39m
[38;2;35;35;46m│[39m [38;2;255;107;53m│[39m [38;2;74;74;88m  [38;2;138;138;154m004-qa-l[39m [38;2;138;138;154m▽[39m [38;2;138;138;154mQA Loop Docs[38;2;74;74;88m  50%[39m               [38;2;255;107;53m│[39m [38;2;35;35;46m│[39m [38;2;232;232;240mFix Terminal Blank Screen[39m                             [38;2;35;35;46m│[39m [38;2;35;35;46m│[39m
[38;2;35;35;46m│[39m [38;2;255;107;53m│[39m [38;2;56;189;248m◆[38;2;138;138;154m QUEUE [38;2;74;74;88m(1)[39m                                  [38;2;255;107;53m│[39m [38;2;35;35;46m│[39m [38;2;138;138;154mprogress[39m [38;2;255;107;53m███████░░░░░░░[39m [38;2;232;232;240m50%[39m                           [38;2;35;35;46m│[39m [38;2;35;35;46m│[39m
[38;2;35;35;46m│[39m [38;2;255;107;53m│[39m [48;2;16;16;24m[38;2;255;107;53m❯ [38;2;138;138;154m002-fix-[39m [38;2;255;176;0m◆[39m [38;2;232;232;240mFix Terminal Blank Screen[38;2;56;189;248m  50%[39m[49m  [38;2;255;107;53m│[39m [38;2;35;35;46m│[39m [38;2;138;138;154msubtasks [38;2;232;232;240m0/2 complete[39m                                 [38;2;35;35;46m│[39m [38;2;35;35;46m│[39m
[38;2;35;35;46m│[39m [38;2;255;107;53m│[39m [38;2;255;107;53m◆[38;2;138;138;154m BUILDING [38;2;74;74;88m(1)[39m                               [38;2;255;107;53m│[39m [38;2;35;35;46m│[39m [38;2;138;138;154mphase [38;2;255;62;138midle[39m                                            [38;2;35;35;46m│[39m [38;2;35;35;46m│[39m
[38;2;35;35;46m│[39m [38;2;255;107;53m│[39m [38;2;74;74;88m  [38;2;138;138;154m001-migr[39m [38;2;255;68;68m▲[39m [38;2;138;138;154mMigrate Provider Registry[38;2;255;107;53m  50%[39m  [38;2;255;107;53m│[39m [38;2;35;35;46m│[39m [38;2;138;138;154mlocation [38;2;56;189;248mmain[38;2;138;138;154m  spec [38;2;74;74;88m002-fix-terminal-blank[39m            [38;2;35;35;46m│[39m [38;2;35;35;46m│[39m
[38;2;35;35;46m│[39m [38;2;255;107;53m│[39m [38;2;61;220;132m◆[38;2;138;138;154m DONE [38;2;74;74;88m(1)[39m                                   [38;2;255;107;53m│[39m [38;2;35;35;46m└───────────────────────────────────────────────────────┘[39m [38;2;35;35;46m│[39m
[38;2;35;35;46m│[39m [38;2;255;107;53m│[39m [38;2;74;74;88m  [38;2;138;138;154m003-arch[39m [38;2;138;138;154m▽[39m [38;2;138;138;154mArchive Button Fixes[38;2;61;220;132m  50%[39m       [38;2;255;107;53m│[39m                                                           [38;2;35;35;46m│[39m
[38;2;35;35;46m│[39m [38;2;255;107;53m│[39m                                              [38;2;255;107;53m│[39m [38;2;35;35;46m┌───────────────────────────────────────────────────────┐[39m [38;2;35;35;46m│[39m
[38;2;35;35;46m│[39m [38;2;255;107;53m│[39m                                              [38;2;255;107;53m│[39m [38;2;35;35;46m│[39m [38;2;138;138;154mAGENT STREAM[39m                                          [38;2;35;35;46m│[39m [38;2;35;35;46m│[39m
[38;2;35;35;46m│[39m [38;2;255;107;53m│[39m                                              [38;2;255;107;53m│[39m [38;2;35;35;46m│[39m [38;2;138;138;154m17:29:26 start 002-fix- → vendored AgentManager…[39m      [38;2;35;35;46m│[39m [38;2;35;35;46m│[39m
[38;2;35;35;46m│[39m [38;2;255;107;53m└──────────────────────────────────────────────┘[39m [38;2;35;35;46m└───────────────────────────────────────────────────────┘[39m [38;2;35;35;46m│[39m
[38;2;35;35;46m│[1m[48;2;255;107;53m[38;2;5;5;7m BOARD [39m[49m[22m [38;2;138;138;154mj/k move · ⏎ focus · s start · x stop · H/L column · l logs · / filter[39m                 [38;2;255;107;53m:[38;2;74;74;88m cmd  [38;2;255;107;53m?[38;2;74;74;88m help[38;2;35;35;46m│[39m
[38;2;35;35;46m└────────────────────────────────────────────────────────────────────────────────────────────────────────────┘[39m
[2K[1A[2K[1A[2K[1A[2K[1A[2K[1A[2K[1A[2K[1A[2K[1A[2K[1A[2K[1A[2K[1A[2K[1A[2K[1A[2K[1A[2K[1A[2K[1A[2K[1A[2K[1A[2K[1A[2K[G[AgentManager] Falling back to project root for 002-fix-terminal-blank
[38;2;35;35;46m┌────────────────────────────────────────────────────────────────────────────────────────────────────────────┐[39m
[38;2;35;35;46m│[1m[38;2;255;107;53mAPERANT[39m[22m [38;2;74;74;88m│[39m [38;2;138;138;154maperant-fixture[39m [38;2;74;74;88m/tmp/aperant-fixture[39m [38;2;74;74;88m│[39m [38;2;56;189;248m⑂ develop[39m             [38;2;255;107;53m◉[38;2;138;138;154m 1 running[39m  [38;2;255;176;0m◆[38;2;138;138;154m 0 review[39m  [38;2;61;220;132m●[38;2;138;138;154m no profile[38;2;35;35;46m│[39m
[38;2;35;35;46m│[39m [1m[48;2;255;107;53m[38;2;5;5;7m 1 board [39m[49m[22m  [38;2;138;138;154m 2 term [39m  [38;2;138;138;154m 3 road [39m  [38;2;138;138;154m 4 chat [39m  [38;2;138;138;154m 5 tree [39m  [38;2;138;138;154m 6 set [39m  [38;2;138;138;154m 7 agents [39m                                     [38;2;35;35;46m│[39m
[38;2;35;35;46m│[39m [38;2;255;107;53m┌──────────────────────────────────────────────┐[39m [38;2;35;35;46m┌───────────────────────────────────────────────────────┐[39m [38;2;35;35;46m│[39m
[38;2;35;35;46m│[39m [38;2;255;107;53m│[39m [1m[38;2;255;107;53mTASKS[39m[22m                                        [38;2;255;107;53m│[39m [38;2;35;35;46m│[39m [38;2;138;138;154mDETAIL[39m                                                [38;2;35;35;46m│[39m [38;2;35;35;46m│[39m
[38;2;35;35;46m│[39m [38;2;255;107;53m│[39m [38;2;74;74;88m◆[38;2;138;138;154m BACKLOG [38;2;74;74;88m(1)[39m                                [38;2;255;107;53m│[39m [38;2;35;35;46m│[39m [38;2;138;138;154m002-fix-[39m [38;2;56;189;248m[QUEUED][39m                                     [38;2;35;35;46m│[39m [38;2;35;35;46m│[39m
[38;2;35;35;46m│[39m [38;2;255;107;53m│[39m [38;2;74;74;88m  [38;2;138;138;154m004-qa-l[39m [38;2;138;138;154m▽[39m [38;2;138;138;154mQA Loop Docs[38;2;74;74;88m  50%[39m               [38;2;255;107;53m│[39m [38;2;35;35;46m│[39m [38;2;232;232;240mFix Terminal Blank Screen[39m                             [38;2;35;35;46m│[39m [38;2;35;35;46m│[39m
[38;2;35;35;46m│[39m [38;2;255;107;53m│[39m [38;2;56;189;248m◆[38;2;138;138;154m QUEUE [38;2;74;74;88m(1)[39m                                  [38;2;255;107;53m│[39m [38;2;35;35;46m│[39m [38;2;138;138;154mprogress[39m [38;2;255;107;53m███████░░░░░░░[39m [38;2;232;232;240m50%[39m                           [38;2;35;35;46m│[39m [38;2;35;35;46m│[39m
[38;2;35;35;46m│[39m [38;2;255;107;53m│[39m [48;2;16;16;24m[38;2;255;107;53m❯ [38;2;138;138;154m002-fix-[39m [38;2;255;176;0m◆[39m [38;2;232;232;240mFix Terminal Blank Screen[38;2;56;189;248m  50%[39m[49m  [38;2;255;107;53m│[39m [38;2;35;35;46m│[39m [38;2;138;138;154msubtasks [38;2;232;232;240m0/2 complete[39m                                 [38;2;35;35;46m│[39m [38;2;35;35;46m│[39m
[38;2;35;35;46m│[39m [38;2;255;107;53m│[39m [38;2;255;107;53m◆[38;2;138;138;154m BUILDING [38;2;74;74;88m(1)[39m                               [38;2;255;107;53m│[39m [38;2;35;35;46m│[39m [38;2;138;138;154mphase [38;2;255;62;138midle[39m                                            [38;2;35;35;46m│[39m [38;2;35;35;46m│[39m
[38;2;35;35;46m│[39m [38;2;255;107;53m│[39m [38;2;74;74;88m  [38;2;138;138;154m001-migr[39m [38;2;255;68;68m▲[39m [38;2;138;138;154mMigrate Provider Registry[38;2;255;107;53m  50%[39m  [38;2;255;107;53m│[39m [38;2;35;35;46m│[39m [38;2;138;138;154mlocation [38;2;56;189;248mmain[38;2;138;138;154m  spec [38;2;74;74;88m002-fix-terminal-blank[39m            [38;2;35;35;46m│[39m [38;2;35;35;46m│[39m
[38;2;35;35;46m│[39m [38;2;255;107;53m│[39m [38;2;61;220;132m◆[38;2;138;138;154m DONE [38;2;74;74;88m(1)[39m                                   [38;2;255;107;53m│[39m [38;2;35;35;46m└───────────────────────────────────────────────────────┘[39m [38;2;35;35;46m│[39m
[38;2;35;35;46m│[39m [38;2;255;107;53m│[39m [38;2;74;74;88m  [38;2;138;138;154m003-arch[39m [38;2;138;138;154m▽[39m [38;2;138;138;154mArchive Button Fixes[38;2;61;220;132m  50%[39m       [38;2;255;107;53m│[39m                                                           [38;2;35;35;46m│[39m
[38;2;35;35;46m│[39m [38;2;255;107;53m│[39m                                              [38;2;255;107;53m│[39m [38;2;35;35;46m┌───────────────────────────────────────────────────────┐[39m [38;2;35;35;46m│[39m
[38;2;35;35;46m│[39m [38;2;255;107;53m│[39m                                              [38;2;255;107;53m│[39m [38;2;35;35;46m│[39m [38;2;138;138;154mAGENT STREAM[39m                                          [38;2;35;35;46m│[39m [38;2;35;35;46m│[39m
[38;2;35;35;46m│[39m [38;2;255;107;53m│[39m                                              [38;2;255;107;53m│[39m [38;2;35;35;46m│[39m [38;2;138;138;154m17:29:26 start 002-fix- → vendored AgentManager…[39m      [38;2;35;35;46m│[39m [38;2;35;35;46m│[39m
[38;2;35;35;46m│[39m [38;2;255;107;53m└──────────────────────────────────────────────┘[39m [38;2;35;35;46m└───────────────────────────────────────────────────────┘[39m [38;2;35;35;46m│[39m
[38;2;35;35;46m│[1m[48;2;255;107;53m[38;2;5;5;7m BOARD [39m[49m[22m [38;2;138;138;154mj/k move · ⏎ focus · s start · x stop · H/L column · l logs · / filter[39m                 [38;2;255;107;53m:[38;2;74;74;88m cmd  [38;2;255;107;53m?[38;2;74;74;88m help[38;2;35;35;46m│[39m
[38;2;35;35;46m└────────────────────────────────────────────────────────────────────────────────────────────────────────────┘[39m
[2K[1A[2K[1A[2K[1A[2K[1A[2K[1A[2K[1A[2K[1A[2K[1A[2K[1A[2K[1A[2K[1A[2K[1A[2K[1A[2K[1A[2K[1A[2K[1A[2K[1A[2K[1A[2K[1A[2K[G[AgentManager] Task registered with OperationRegistry: {
  taskId: '002-fix-terminal-blank',
  profileId: 'primary',
  profileName: 'Primary',
  type: 'task-execution'
}
[38;2;35;35;46m┌────────────────────────────────────────────────────────────────────────────────────────────────────────────┐[39m
[38;2;35;35;46m│[1m[38;2;255;107;53mAPERANT[39m[22m [38;2;74;74;88m│[39m [38;2;138;138;154maperant-fixture[39m [38;2;74;74;88m/tmp/aperant-fixture[39m [38;2;74;74;88m│[39m [38;2;56;189;248m⑂ develop[39m             [38;2;255;107;53m◉[38;2;138;138;154m 1 running[39m  [38;2;255;176;0m◆[38;2;138;138;154m 0 review[39m  [38;2;61;220;132m●[38;2;138;138;154m no profile[38;2;35;35;46m│[39m
[38;2;35;35;46m│[39m [1m[48;2;255;107;53m[38;2;5;5;7m 1 board [39m[49m[22m  [38;2;138;138;154m 2 term [39m  [38;2;138;138;154m 3 road [39m  [38;2;138;138;154m 4 chat [39m  [38;2;138;138;154m 5 tree [39m  [38;2;138;138;154m 6 set [39m  [38;2;138;138;154m 7 agents [39m                                     [38;2;35;35;46m│[39m
[38;2;35;35;46m│[39m [38;2;255;107;53m┌──────────────────────────────────────────────┐[39m [38;2;35;35;46m┌───────────────────────────────────────────────────────┐[39m [38;2;35;35;46m│[39m
[38;2;35;35;46m│[39m [38;2;255;107;53m│[39m [1m[38;2;255;107;53mTASKS[39m[22m                                        [38;2;255;107;53m│[39m [38;2;35;35;46m│[39m [38;2;138;138;154mDETAIL[39m                                                [38;2;35;35;46m│[39m [38;2;35;35;46m│[39m
[38;2;35;35;46m│[39m [38;2;255;107;53m│[39m [38;2;74;74;88m◆[38;2;138;138;154m BACKLOG [38;2;74;74;88m(1)[39m                                [38;2;255;107;53m│[39m [38;2;35;35;46m│[39m [38;2;138;138;154m002-fix-[39m [38;2;56;189;248m[QUEUED][39m                                     [38;2;35;35;46m│[39m [38;2;35;35;46m│[39m
[38;2;35;35;46m│[39m [38;2;255;107;53m│[39m [38;2;74;74;88m  [38;2;138;138;154m004-qa-l[39m [38;2;138;138;154m▽[39m [38;2;138;138;154mQA Loop Docs[38;2;74;74;88m  50%[39m               [38;2;255;107;53m│[39m [38;2;35;35;46m│[39m [38;2;232;232;240mFix Terminal Blank Screen[39m                             [38;2;35;35;46m│[39m [38;2;35;35;46m│[39m
[38;2;35;35;46m│[39m [38;2;255;107;53m│[39m [38;2;56;189;248m◆[38;2;138;138;154m QUEUE [38;2;74;74;88m(1)[39m                                  [38;2;255;107;53m│[39m [38;2;35;35;46m│[39m [38;2;138;138;154mprogress[39m [38;2;255;107;53m███████░░░░░░░[39m [38;2;232;232;240m50%[39m                           [38;2;35;35;46m│[39m [38;2;35;35;46m│[39m
[38;2;35;35;46m│[39m [38;2;255;107;53m│[39m [48;2;16;16;24m[38;2;255;107;53m❯ [38;2;138;138;154m002-fix-[39m [38;2;255;176;0m◆[39m [38;2;232;232;240mFix Terminal Blank Screen[38;2;56;189;248m  50%[39m[49m  [38;2;255;107;53m│[39m [38;2;35;35;46m│[39m [38;2;138;138;154msubtasks [38;2;232;232;240m0/2 complete[39m                                 [38;2;35;35;46m│[39m [38;2;35;35;46m│[39m
[38;2;35;35;46m│[39m [38;2;255;107;53m│[39m [38;2;255;107;53m◆[38;2;138;138;154m BUILDING [38;2;74;74;88m(1)[39m                               [38;2;255;107;53m│[39m [38;2;35;35;46m│[39m [38;2;138;138;154mphase [38;2;255;62;138midle[39m                                            [38;2;35;35;46m│[39m [38;2;35;35;46m│[39m
[38;2;35;35;46m│[39m [38;2;255;107;53m│[39m [38;2;74;74;88m  [38;2;138;138;154m001-migr[39m [38;2;255;68;68m▲[39m [38;2;138;138;154mMigrate Provider Registry[38;2;255;107;53m  50%[39m  [38;2;255;107;53m│[39m [38;2;35;35;46m│[39m [38;2;138;138;154mlocation [38;2;56;189;248mmain[38;2;138;138;154m  spec [38;2;74;74;88m002-fix-terminal-blank[39m            [38;2;35;35;46m│[39m [38;2;35;35;46m│[39m
[38;2;35;35;46m│[39m [38;2;255;107;53m│[39m [38;2;61;220;132m◆[38;2;138;138;154m DONE [38;2;74;74;88m(1)[39m                                   [38;2;255;107;53m│[39m [38;2;35;35;46m└───────────────────────────────────────────────────────┘[39m [38;2;35;35;46m│[39m
[38;2;35;35;46m│[39m [38;2;255;107;53m│[39m [38;2;74;74;88m  [38;2;138;138;154m003-arch[39m [38;2;138;138;154m▽[39m [38;2;138;138;154mArchive Button Fixes[38;2;61;220;132m  50%[39m       [38;2;255;107;53m│[39m                                                           [38;2;35;35;46m│[39m
[38;2;35;35;46m│[39m [38;2;255;107;53m│[39m                                              [38;2;255;107;53m│[39m [38;2;35;35;46m┌───────────────────────────────────────────────────────┐[39m [38;2;35;35;46m│[39m
[38;2;35;35;46m│[39m [38;2;255;107;53m│[39m                                              [38;2;255;107;53m│[39m [38;2;35;35;46m│[39m [38;2;138;138;154mAGENT STREAM[39m                                          [38;2;35;35;46m│[39m [38;2;35;35;46m│[39m
[38;2;35;35;46m│[39m [38;2;255;107;53m│[39m                                              [38;2;255;107;53m│[39m [38;2;35;35;46m│[39m [38;2;138;138;154m17:29:26 start 002-fix- → vendored AgentManager…[39m      [38;2;35;35;46m│[39m [38;2;35;35;46m│[39m
[38;2;35;35;46m│[39m [38;2;255;107;53m└──────────────────────────────────────────────┘[39m [38;2;35;35;46m└───────────────────────────────────────────────────────┘[39m [38;2;35;35;46m│[39m
[38;2;35;35;46m│[1m[48;2;255;107;53m[38;2;5;5;7m BOARD [39m[49m[22m [38;2;138;138;154mj/k move · ⏎ focus · s start · x stop · H/L column · l logs · / filter[39m                 [38;2;255;107;53m:[38;2;74;74;88m cmd  [38;2;255;107;53m?[38;2;74;74;88m help[38;2;35;35;46m│[39m
[38;2;35;35;46m└────────────────────────────────────────────────────────────────────────────────────────────────────────────┘[39m
[2K[1A[2K[1A[2K[1A[2K[1A[2K[1A[2K[1A[2K[1A[2K[1A[2K[1A[2K[1A[2K[1A[2K[1A[2K[1A[2K[1A[2K[1A[2K[1A[2K[1A[2K[1A[2K[1A[2K[G[38;2;35;35;46m┌────────────────────────────────────────────────────────────────────────────────────────────────────────────┐[39m
[38;2;35;35;46m│[1m[38;2;255;107;53mAPERANT[39m[22m [38;2;74;74;88m│[39m [38;2;138;138;154maperant-fixture[39m [38;2;74;74;88m/tmp/aperant-fixture[39m [38;2;74;74;88m│[39m [38;2;56;189;248m⑂ develop[39m             [38;2;255;107;53m◉[38;2;138;138;154m 1 running[39m  [38;2;255;176;0m◆[38;2;138;138;154m 0 review[39m  [38;2;61;220;132m●[38;2;138;138;154m no profile[38;2;35;35;46m│[39m
[38;2;35;35;46m│[39m [1m[48;2;255;107;53m[38;2;5;5;7m 1 board [39m[49m[22m  [38;2;138;138;154m 2 term [39m  [38;2;138;138;154m 3 road [39m  [38;2;138;138;154m 4 chat [39m  [38;2;138;138;154m 5 tree [39m  [38;2;138;138;154m 6 set [39m  [38;2;138;138;154m 7 agents [39m                                     [38;2;35;35;46m│[39m
[38;2;35;35;46m│[39m [38;2;255;107;53m┌──────────────────────────────────────────────┐[39m [38;2;35;35;46m┌───────────────────────────────────────────────────────┐[39m [38;2;35;35;46m│[39m
[38;2;35;35;46m│[39m [38;2;255;107;53m│[39m [1m[38;2;255;107;53mTASKS[39m[22m                                        [38;2;255;107;53m│[39m [38;2;35;35;46m│[39m [38;2;138;138;154mDETAIL[39m                                                [38;2;35;35;46m│[39m [38;2;35;35;46m│[39m
[38;2;35;35;46m│[39m [38;2;255;107;53m│[39m [38;2;74;74;88m◆[38;2;138;138;154m BACKLOG [38;2;74;74;88m(1)[39m                                [38;2;255;107;53m│[39m [38;2;35;35;46m│[39m [38;2;138;138;154m002-fix-[39m [38;2;56;189;248m[QUEUED][39m                                     [38;2;35;35;46m│[39m [38;2;35;35;46m│[39m
[38;2;35;35;46m│[39m [38;2;255;107;53m│[39m [38;2;74;74;88m  [38;2;138;138;154m004-qa-l[39m [38;2;138;138;154m▽[39m [38;2;138;138;154mQA Loop Docs[38;2;74;74;88m  50%[39m               [38;2;255;107;53m│[39m [38;2;35;35;46m│[39m [38;2;232;232;240mFix Terminal Blank Screen[39m                             [38;2;35;35;46m│[39m [38;2;35;35;46m│[39m
[38;2;35;35;46m│[39m [38;2;255;107;53m│[39m [38;2;56;189;248m◆[38;2;138;138;154m QUEUE [38;2;74;74;88m(1)[39m                                  [38;2;255;107;53m│[39m [38;2;35;35;46m│[39m [38;2;138;138;154mprogress[39m [38;2;255;107;53m███████░░░░░░░[39m [38;2;232;232;240m50%[39m                           [38;2;35;35;46m│[39m [38;2;35;35;46m│[39m
[38;2;35;35;46m│[39m [38;2;255;107;53m│[39m [48;2;16;16;24m[38;2;255;107;53m❯ [38;2;138;138;154m002-fix-[39m [38;2;255;176;0m◆[39m [38;2;232;232;240mFix Terminal Blank Screen[38;2;56;189;248m  50%[39m[49m  [38;2;255;107;53m│[39m [38;2;35;35;46m│[39m [38;2;138;138;154msubtasks [38;2;232;232;240m0/2 complete[39m                                 [38;2;35;35;46m│[39m [38;2;35;35;46m│[39m
[38;2;35;35;46m│[39m [38;2;255;107;53m│[39m [38;2;255;107;53m◆[38;2;138;138;154m BUILDING [38;2;74;74;88m(1)[39m                               [38;2;255;107;53m│[39m [38;2;35;35;46m│[39m [38;2;138;138;154mphase [38;2;255;62;138midle[39m                                            [38;2;35;35;46m│[39m [38;2;35;35;46m│[39m
[38;2;35;35;46m│[39m [38;2;255;107;53m│[39m [38;2;74;74;88m  [38;2;138;138;154m001-migr[39m [38;2;255;68;68m▲[39m [38;2;138;138;154mMigrate Provider Registry[38;2;255;107;53m  50%[39m  [38;2;255;107;53m│[39m [38;2;35;35;46m│[39m [38;2;138;138;154mlocation [38;2;56;189;248mmain[38;2;138;138;154m  spec [38;2;74;74;88m002-fix-terminal-blank[39m            [38;2;35;35;46m│[39m [38;2;35;35;46m│[39m
[38;2;35;35;46m│[39m [38;2;255;107;53m│[39m [38;2;61;220;132m◆[38;2;138;138;154m DONE [38;2;74;74;88m(1)[39m                                   [38;2;255;107;53m│[39m [38;2;35;35;46m└───────────────────────────────────────────────────────┘[39m [38;2;35;35;46m│[39m
[38;2;35;35;46m│[39m [38;2;255;107;53m│[39m [38;2;74;74;88m  [38;2;138;138;154m003-arch[39m [38;2;138;138;154m▽[39m [38;2;138;138;154mArchive Button Fixes[38;2;61;220;132m  50%[39m       [38;2;255;107;53m│[39m                                                           [38;2;35;35;46m│[39m
[38;2;35;35;46m│[39m [38;2;255;107;53m│[39m                                              [38;2;255;107;53m│[39m [38;2;35;35;46m┌───────────────────────────────────────────────────────┐[39m [38;2;35;35;46m│[39m
[38;2;35;35;46m│[39m [38;2;255;107;53m│[39m                                              [38;2;255;107;53m│[39m [38;2;35;35;46m│[39m [38;2;138;138;154mAGENT STREAM[39m                                          [38;2;35;35;46m│[39m [38;2;35;35;46m│[39m
[38;2;35;35;46m│[39m [38;2;255;107;53m│[39m                                              [38;2;255;107;53m│[39m [38;2;35;35;46m│[39m [38;2;138;138;154m17:29:26 start 002-fix- → vendored AgentManager…[39m      [38;2;35;35;46m│[39m [38;2;35;35;46m│[39m
[38;2;35;35;46m│[39m [38;2;255;107;53m│[39m                                              [38;2;255;107;53m│[39m [38;2;35;35;46m│[39m [38;2;138;138;154m17:29:28 started 002-fix-: agent started — phase pla…[39m [38;2;35;35;46m│[39m [38;2;35;35;46m│[39m
[38;2;35;35;46m│[39m [38;2;255;107;53m└──────────────────────────────────────────────┘[39m [38;2;35;35;46m└───────────────────────────────────────────────────────┘[39m [38;2;35;35;46m│[39m
[38;2;35;35;46m│[1m[48;2;255;107;53m[38;2;5;5;7m BOARD [39m[49m[22m [38;2;138;138;154mj/k move · ⏎ focus · s start · x stop · H/L column · l logs · / filter[39m                 [38;2;255;107;53m:[38;2;74;74;88m cmd  [38;2;255;107;53m?[38;2;74;74;88m help[38;2;35;35;46m│[39m
[38;2;35;35;46m└────────────────────────────────────────────────────────────────────────────────────────────────────────────┘[39m
[2K[1A[2K[1A[2K[1A[2K[1A[2K[1A[2K[1A[2K[1A[2K[1A[2K[1A[2K[1A[2K[1A[2K[1A[2K[1A[2K[1A[2K[1A[2K[1A[2K[1A[2K[1A[2K[1A[2K[1A[2K[G[38;2;35;35;46m┌─────────────────────────────────────────────────────────────────────────────────[38;2;255;107;53m│[38;2;35;35;46m─[38;2;255;107;53magent started: 002-fix-[38;2;35;35;46m─[38;2;255;107;53m│[38;2;35;35;46m┐[39m
[38;2;35;35;46m│[1m[38;2;255;107;53mAPERANT[39m[22m [38;2;74;74;88m│[39m [38;2;138;138;154maperant-fixture[39m [38;2;74;74;88m/tmp/aperant-fixture[39m [38;2;74;74;88m│[39m [38;2;56;189;248m⑂ develop[39m             [38;2;255;107;53m◉[38;2;138;138;154m 1 runnin[38;2;255;107;53m└─────────────────────────┘[38;2;35;35;46m│[39m
[38;2;35;35;46m│[39m [1m[48;2;255;107;53m[38;2;5;5;7m 1 board [39m[49m[22m  [38;2;138;138;154m 2 term [39m  [38;2;138;138;154m 3 road [39m  [38;2;138;138;154m 4 chat [39m  [38;2;138;138;154m 5 tree [39m  [38;2;138;138;154m 6 set [39m  [38;2;138;138;154m 7 agents [39m                                     [38;2;35;35;46m│[39m
[38;2;35;35;46m│[39m [38;2;255;107;53m┌──────────────────────────────────────────────┐[39m [38;2;35;35;46m┌───────────────────────────────────────────────────────┐[39m [38;2;35;35;46m│[39m
[38;2;35;35;46m│[39m [38;2;255;107;53m│[39m [1m[38;2;255;107;53mTASKS[39m[22m                                        [38;2;255;107;53m│[39m [38;2;35;35;46m│[39m [38;2;138;138;154mDETAIL[39m                                                [38;2;35;35;46m│[39m [38;2;35;35;46m│[39m
[38;2;35;35;46m│[39m [38;2;255;107;53m│[39m [38;2;74;74;88m◆[38;2;138;138;154m BACKLOG [38;2;74;74;88m(1)[39m                                [38;2;255;107;53m│[39m [38;2;35;35;46m│[39m [38;2;138;138;154m002-fix-[39m [38;2;56;189;248m[QUEUED][39m                                     [38;2;35;35;46m│[39m [38;2;35;35;46m│[39m
[38;2;35;35;46m│[39m [38;2;255;107;53m│[39m [38;2;74;74;88m  [38;2;138;138;154m004-qa-l[39m [38;2;138;138;154m▽[39m [38;2;138;138;154mQA Loop Docs[38;2;74;74;88m  50%[39m               [38;2;255;107;53m│[39m [38;2;35;35;46m│[39m [38;2;232;232;240mFix Terminal Blank Screen[39m                             [38;2;35;35;46m│[39m [38;2;35;35;46m│[39m
[38;2;35;35;46m│[39m [38;2;255;107;53m│[39m [38;2;56;189;248m◆[38;2;138;138;154m QUEUE [38;2;74;74;88m(1)[39m                                  [38;2;255;107;53m│[39m [38;2;35;35;46m│[39m [38;2;138;138;154mprogress[39m [38;2;255;107;53m███████░░░░░░░[39m [38;2;232;232;240m50%[39m                           [38;2;35;35;46m│[39m [38;2;35;35;46m│[39m
[38;2;35;35;46m│[39m [38;2;255;107;53m│[39m [48;2;16;16;24m[38;2;255;107;53m❯ [38;2;138;138;154m002-fix-[39m [38;2;255;176;0m◆[39m [38;2;232;232;240mFix Terminal Blank Screen[38;2;56;189;248m  50%[39m[49m  [38;2;255;107;53m│[39m [38;2;35;35;46m│[39m [38;2;138;138;154msubtasks [38;2;232;232;240m0/2 complete[39m                                 [38;2;35;35;46m│[39m [38;2;35;35;46m│[39m
[38;2;35;35;46m│[39m [38;2;255;107;53m│[39m [38;2;255;107;53m◆[38;2;138;138;154m BUILDING [38;2;74;74;88m(1)[39m                               [38;2;255;107;53m│[39m [38;2;35;35;46m│[39m [38;2;138;138;154mphase [38;2;255;62;138midle[39m                                            [38;2;35;35;46m│[39m [38;2;35;35;46m│[39m
[38;2;35;35;46m│[39m [38;2;255;107;53m│[39m [38;2;74;74;88m  [38;2;138;138;154m001-migr[39m [38;2;255;68;68m▲[39m [38;2;138;138;154mMigrate Provider Registry[38;2;255;107;53m  50%[39m  [38;2;255;107;53m│[39m [38;2;35;35;46m│[39m [38;2;138;138;154mlocation [38;2;56;189;248mmain[38;2;138;138;154m  spec [38;2;74;74;88m002-fix-terminal-blank[39m            [38;2;35;35;46m│[39m [38;2;35;35;46m│[39m
[38;2;35;35;46m│[39m [38;2;255;107;53m│[39m [38;2;61;220;132m◆[38;2;138;138;154m DONE [38;2;74;74;88m(1)[39m                                   [38;2;255;107;53m│[39m [38;2;35;35;46m└───────────────────────────────────────────────────────┘[39m [38;2;35;35;46m│[39m
[38;2;35;35;46m│[39m [38;2;255;107;53m│[39m [38;2;74;74;88m  [38;2;138;138;154m003-arch[39m [38;2;138;138;154m▽[39m [38;2;138;138;154mArchive Button Fixes[38;2;61;220;132m  50%[39m       [38;2;255;107;53m│[39m                                                           [38;2;35;35;46m│[39m
[38;2;35;35;46m│[39m [38;2;255;107;53m│[39m                                              [38;2;255;107;53m│[39m [38;2;35;35;46m┌───────────────────────────────────────────────────────┐[39m [38;2;35;35;46m│[39m
[38;2;35;35;46m│[39m [38;2;255;107;53m│[39m                                              [38;2;255;107;53m│[39m [38;2;35;35;46m│[39m [38;2;138;138;154mAGENT STREAM[39m                                          [38;2;35;35;46m│[39m [38;2;35;35;46m│[39m
[38;2;35;35;46m│[39m [38;2;255;107;53m│[39m                                              [38;2;255;107;53m│[39m [38;2;35;35;46m│[39m [38;2;138;138;154m17:29:26 start 002-fix- → vendored AgentManager…[39m      [38;2;35;35;46m│[39m [38;2;35;35;46m│[39m
[38;2;35;35;46m│[39m [38;2;255;107;53m│[39m                                              [38;2;255;107;53m│[39m [38;2;35;35;46m│[39m [38;2;138;138;154m17:29:28 started 002-fix-: agent started — phase pla…[39m [38;2;35;35;46m│[39m [38;2;35;35;46m│[39m
[38;2;35;35;46m│[39m [38;2;255;107;53m└──────────────────────────────────────────────┘[39m [38;2;35;35;46m└───────────────────────────────────────────────────────┘[39m [38;2;35;35;46m│[39m
[38;2;35;35;46m│[1m[48;2;255;107;53m[38;2;5;5;7m BOARD [39m[49m[22m [38;2;138;138;154mj/k move · ⏎ focus · s start · x stop · H/L column · l logs · / filter[39m                 [38;2;255;107;53m:[38;2;74;74;88m cmd  [38;2;255;107;53m?[38;2;74;74;88m help[38;2;35;35;46m│[39m
[38;2;35;35;46m└────────────────────────────────────────────────────────────────────────────────────────────────────────────┘[39m
[2K[1A[2K[1A[2K[1A[2K[1A[2K[1A[2K[1A[2K[1A[2K[1A[2K[1A[2K[1A[2K[1A[2K[1A[2K[1A[2K[1A[2K[1A[2K[1A[2K[1A[2K[1A[2K[1A[2K[1A[2K[G[38;2;35;35;46m┌────────────────────────────────────────────────────────────────────────────────────────────────────────────┐[39m
[38;2;35;35;46m│[1m[38;2;255;107;53mAPERANT[39m[22m [38;2;74;74;88m│[39m [38;2;138;138;154maperant-fixture[39m [38;2;74;74;88m/tmp/aperant-fixture[39m [38;2;74;74;88m│[39m [38;2;56;189;248m⑂ develop[39m             [38;2;255;107;53m◉[38;2;138;138;154m 1 running[39m  [38;2;255;176;0m◆[38;2;138;138;154m 0 review[39m  [38;2;61;220;132m●[38;2;138;138;154m no profile[38;2;35;35;46m│[39m
[38;2;35;35;46m│[39m [1m[48;2;255;107;53m[38;2;5;5;7m 1 board [39m[49m[22m  [38;2;138;138;154m 2 term [39m  [38;2;138;138;154m 3 road [39m  [38;2;138;138;154m 4 chat [39m  [38;2;138;138;154m 5 tree [39m  [38;2;138;138;154m 6 set [39m  [38;2;138;138;154m 7 agents [39m                                     [38;2;35;35;46m│[39m
[38;2;35;35;46m│[39m [38;2;255;107;53m┌──────────────────────────────────────────────┐[39m [38;2;35;35;46m┌───────────────────────────────────────────────────────┐[39m [38;2;35;35;46m│[39m
[38;2;35;35;46m│[39m [38;2;255;107;53m│[39m [1m[38;2;255;107;53mTASKS[39m[22m                                        [38;2;255;107;53m│[39m [38;2;35;35;46m│[39m [38;2;138;138;154mDETAIL[39m                                                [38;2;35;35;46m│[39m [38;2;35;35;46m│[39m
[38;2;35;35;46m│[39m [38;2;255;107;53m│[39m [38;2;74;74;88m◆[38;2;138;138;154m BACKLOG [38;2;74;74;88m(1)[39m                                [38;2;255;107;53m│[39m [38;2;35;35;46m│[39m [38;2;138;138;154m002-fix-[39m [38;2;56;189;248m[QUEUED][39m                                     [38;2;35;35;46m│[39m [38;2;35;35;46m│[39m
[38;2;35;35;46m│[39m [38;2;255;107;53m│[39m [38;2;74;74;88m  [38;2;138;138;154m004-qa-l[39m [38;2;138;138;154m▽[39m [38;2;138;138;154mQA Loop Docs[38;2;74;74;88m  50%[39m               [38;2;255;107;53m│[39m [38;2;35;35;46m│[39m [38;2;232;232;240mFix Terminal Blank Screen[39m                             [38;2;35;35;46m│[39m [38;2;35;35;46m│[39m
[38;2;35;35;46m│[39m [38;2;255;107;53m│[39m [38;2;56;189;248m◆[38;2;138;138;154m QUEUE [38;2;74;74;88m(1)[39m                                  [38;2;255;107;53m│[39m [38;2;35;35;46m│[39m [38;2;138;138;154mprogress[39m [38;2;255;107;53m███████░░░░░░░[39m [38;2;232;232;240m50%[39m                           [38;2;35;35;46m│[39m [38;2;35;35;46m│[39m
[38;2;35;35;46m│[39m [38;2;255;107;53m│[39m [48;2;16;16;24m[38;2;255;107;53m❯ [38;2;138;138;154m002-fix-[39m [38;2;255;176;0m◆[39m [38;2;232;232;240mFix Terminal Blank Screen[38;2;56;189;248m  50%[39m[49m  [38;2;255;107;53m│[39m [38;2;35;35;46m│[39m [38;2;138;138;154msubtasks [38;2;232;232;240m0/2 complete[39m                                 [38;2;35;35;46m│[39m [38;2;35;35;46m│[39m
[38;2;35;35;46m│[39m [38;2;255;107;53m│[39m [38;2;255;107;53m◆[38;2;138;138;154m BUILDING [38;2;74;74;88m(1)[39m                               [38;2;255;107;53m│[39m [38;2;35;35;46m│[39m [38;2;138;138;154mphase [38;2;255;62;138midle[39m                                            [38;2;35;35;46m│[39m [38;2;35;35;46m│[39m
[38;2;35;35;46m│[39m [38;2;255;107;53m│[39m [38;2;74;74;88m  [38;2;138;138;154m001-migr[39m [38;2;255;68;68m▲[39m [38;2;138;138;154mMigrate Provider Registry[38;2;255;107;53m  50%[39m  [38;2;255;107;53m│[39m [38;2;35;35;46m│[39m [38;2;138;138;154mlocation [38;2;56;189;248mmain[38;2;138;138;154m  spec [38;2;74;74;88m002-fix-terminal-blank[39m            [38;2;35;35;46m│[39m [38;2;35;35;46m│[39m
[38;2;35;35;46m│[39m [38;2;255;107;53m│[39m [38;2;61;220;132m◆[38;2;138;138;154m DONE [38;2;74;74;88m(1)[39m                                   [38;2;255;107;53m│[39m [38;2;35;35;46m└───────────────────────────────────────────────────────┘[39m [38;2;35;35;46m│[39m
[38;2;35;35;46m│[39m [38;2;255;107;53m│[39m [38;2;74;74;88m  [38;2;138;138;154m003-arch[39m [38;2;138;138;154m▽[39m [38;2;138;138;154mArchive Button Fixes[38;2;61;220;132m  50%[39m       [38;2;255;107;53m│[39m                                                           [38;2;35;35;46m│[39m
[38;2;35;35;46m│[39m [38;2;255;107;53m│[39m                                              [38;2;255;107;53m│[39m [38;2;35;35;46m┌───────────────────────────────────────────────────────┐[39m [38;2;35;35;46m│[39m
[38;2;35;35;46m│[39m [38;2;255;107;53m│[39m                                              [38;2;255;107;53m│[39m [38;2;35;35;46m│[39m [38;2;138;138;154mAGENT STREAM[39m                                          [38;2;35;35;46m│[39m [38;2;35;35;46m│[39m
[38;2;35;35;46m│[39m [38;2;255;107;53m│[39m                                              [38;2;255;107;53m│[39m [38;2;35;35;46m│[39m [38;2;138;138;154m17:29:26 start 002-fix- → vendored AgentManager…[39m      [38;2;35;35;46m│[39m [38;2;35;35;46m│[39m
[38;2;35;35;46m│[39m [38;2;255;107;53m│[39m                                              [38;2;255;107;53m│[39m [38;2;35;35;46m│[39m [38;2;138;138;154m17:29:28 started 002-fix-: agent started — phase pla…[39m [38;2;35;35;46m│[39m [38;2;35;35;46m│[39m
[38;2;35;35;46m│[39m [38;2;255;107;53m└──────────────────────────────────────────────┘[39m [38;2;35;35;46m└───────────────────────────────────────────────────────┘[39m [38;2;35;35;46m│[39m
[38;2;35;35;46m│[1m[48;2;255;107;53m[38;2;5;5;7m BOARD [39m[49m[22m [38;2;138;138;154mj/k move · ⏎ focus · s start · x stop · H/L column · l logs · / filter[39m                 [38;2;255;107;53m:[38;2;74;74;88m cmd  [38;2;255;107;53m?[38;2;74;74;88m help[38;2;35;35;46m│[39m
[38;2;35;35;46m└────────────────────────────────────────────────────────────────────────────────────────────────────────────┘[39m
[2K[1A[2K[1A[2K[1A[2K[1A[2K[1A[2K[1A[2K[1A[2K[1A[2K[1A[2K[1A[2K[1A[2K[1A[2K[1A[2K[1A[2K[1A[2K[1A[2K[1A[2K[1A[2K[1A[2K[1A[2K[G[38;2;35;35;46m┌────────────────────────────────────────────────────────────────────────────────────────────────────────────┐[39m
[38;2;35;35;46m│[1m[38;2;255;107;53mAPERANT[39m[22m [38;2;74;74;88m│[39m [38;2;138;138;154maperant-fixture[39m [38;2;74;74;88m/tmp/aperant-fixture[39m [38;2;74;74;88m│[39m [38;2;56;189;248m⑂ develop[39m             [38;2;255;107;53m◉[38;2;138;138;154m 1 running[39m  [38;2;255;176;0m◆[38;2;138;138;154m 0 review[39m  [38;2;61;220;132m●[38;2;138;138;154m no profile[38;2;35;35;46m│[39m
[38;2;35;35;46m│[39m [38;2;138;138;154m 1 board [39m  [38;2;138;138;154m 2 term [39m  [38;2;138;138;154m 3 road [39m  [38;2;138;138;154m 4 chat [39m  [38;2;138;138;154m 5 tree [39m  [38;2;138;138;154m 6 set [39m  [1m[48;2;255;107;53m[38;2;5;5;7m 7 agents [39m[49m[22m                                     [38;2;35;35;46m│[39m
[38;2;35;35;46m│[39m [1m[48;2;255;107;53m[38;2;5;5;7m 1 swarm [39m[49m[22m [38;2;138;138;154m 2 graph [39m [38;2;138;138;154m 3 inspect [39m [38;2;138;138;154m 4 trace [39m [38;2;138;138;154m 5 tokens [39m [38;2;138;138;154m 6 waits [39m [38;2;74;74;88m1 agent · esc then 1-7 to switch tabs[39m       [38;2;35;35;46m│[39m
[38;2;35;35;46m│[39m                                                                                                            [38;2;35;35;46m│[39m
[38;2;35;35;46m│[39m [38;2;255;107;53m┌──────────────────────────────────────────────────────────────────────────┐[39m [38;2;35;35;46m┌───────────────────────────┐[39m [38;2;35;35;46m│[39m
[38;2;35;35;46m│[39m [38;2;255;107;53m│[39m [1m[38;2;255;107;53mAGENT SWARM · 1 live[39m[22m                                                     [38;2;255;107;53m│[39m [38;2;35;35;46m│[39m [38;2;138;138;154mSWARM VITALS[39m              [38;2;35;35;46m│[39m [38;2;35;35;46m│[39m
[38;2;35;35;46m│[39m [38;2;255;107;53m│[39m  [38;2;74;74;88m  AGENT              TYPE               STEPS      CTX      WAITING [39m    [38;2;255;107;53m│[39m [38;2;35;35;46m│[39m [38;2;138;138;154mrunning   [38;2;255;107;53m1[39m               [38;2;35;35;46m│[39m [38;2;35;35;46m│[39m
[38;2;35;35;46m│[39m [38;2;255;107;53m│[39m  [38;2;74;74;88mON[39m                                                                      [38;2;255;107;53m│[39m [38;2;35;35;46m│[39m [38;2;138;138;154mblocked   0[39m               [38;2;35;35;46m│[39m [38;2;35;35;46m│[39m
[38;2;35;35;46m│[39m [38;2;255;107;53m│[39m  [38;2;255;107;53m❯●[39m  [38;2;232;232;240m002-fix-terminal[39m  [38;2;138;138;154mplanner[39m           [38;2;138;138;154m0[38;2;74;74;88m/1000[39m     [38;2;61;220;132m░░░░░ [39m  [38;2;74;74;88m— executing[39m  [38;2;255;107;53m│[39m [38;2;35;35;46m│[39m [38;2;138;138;154mpaused    [38;2;255;68;68m0[39m               [38;2;35;35;46m│[39m [38;2;35;35;46m│[39m
[38;2;35;35;46m│[39m [38;2;255;107;53m│[39m                                                     [38;2;61;220;132m0%[39m                   [38;2;255;107;53m│[39m [38;2;35;35;46m│[39m [38;2;138;138;154mΣ tokens  [38;2;232;232;240m0[39m               [38;2;35;35;46m│[39m [38;2;35;35;46m│[39m
[38;2;35;35;46m│[39m [38;2;255;107;53m│[39m                                                                          [38;2;255;107;53m│[39m [38;2;35;35;46m└───────────────────────────┘[39m [38;2;35;35;46m│[39m
[38;2;35;35;46m│[39m [38;2;255;107;53m│[39m [38;2;138;138;154m  phase: [38;2;255;107;53m▪ structured[38;2;138;138;154m vs [38;2;255;176;0m~ inferred[38;2;138;138;154m provenance shown in INSPECT[39m          [38;2;255;107;53m│[39m                               [38;2;35;35;46m│[39m
[38;2;35;35;46m│[39m [38;2;255;107;53m│[39m                                                                          [38;2;255;107;53m│[39m [38;2;35;35;46m┌───────────────────────────┐[39m [38;2;35;35;46m│[39m
[38;2;35;35;46m│[39m [38;2;255;107;53m│[39m                                                                          [38;2;255;107;53m│[39m [38;2;35;35;46m│[39m [38;2;138;138;154mLIVE TOOL TRACE[39m           [38;2;35;35;46m│[39m [38;2;35;35;46m│[39m
[38;2;35;35;46m│[39m [38;2;255;107;53m│[39m                                                                          [38;2;255;107;53m│[39m [38;2;35;35;46m│[39m [38;2;74;74;88mno events yet[39m             [38;2;35;35;46m│[39m [38;2;35;35;46m│[39m
[38;2;35;35;46m│[39m [38;2;255;107;53m└──────────────────────────────────────────────────────────────────────────┘[39m [38;2;35;35;46m└───────────────────────────┘[39m [38;2;35;35;46m│[39m
[38;2;35;35;46m│[1m[48;2;255;107;53m[38;2;5;5;7m AGENTS [39m[49m[22m [38;2;138;138;154m1-6 sub-view · j/k select · ⏎ inspect · f filter · r resume[39m                           [38;2;255;107;53m:[38;2;74;74;88m cmd  [38;2;255;107;53m?[38;2;74;74;88m help[38;2;35;35;46m│[39m
[38;2;35;35;46m└────────────────────────────────────────────────────────────────────────────────────────────────────────────┘[39m
node:internal/modules/cjs/loader:1424
  throw err;
  ^

Error: Cannot find module '/tmp/build/aperant-tui/apps/tui/auto-claude-mcp-server.js'
[90m    at Module._resolveFilename (node:internal/modules/cjs/loader:1421:15)[39m
[90m    at defaultResolveImpl (node:internal/modules/cjs/loader:1059:19)[39m
[90m    at resolveForCJSWithHooks (node:internal/modules/cjs/loader:1064:22)[39m
[90m    at Module._load (node:internal/modules/cjs/loader:1227:37)[39m
[90m    at TracingChannel.traceSync (node:diagnostics_channel:328:14)[39m
[90m    at wrapModuleLoad (node:internal/modules/cjs/loader:245:24)[39m
[90m    at Module.executeUserEntryPoint [as runMain] (node:internal/modules/run_main:154:5)[39m
[90m    at node:internal/main/run_main_module:33:47[39m {
  code: [32m'MODULE_NOT_FOUND'[39m,
  requireStack: []
}

Node.js v24.12.0
Context7 Documentation MCP Server v4.0.2 running on stdio
[2K[1A[2K[1A[2K[1A[2K[1A[2K[1A[2K[1A[2K[1A[2K[1A[2K[1A[2K[1A[2K[1A[2K[1A[2K[1A[2K[1A[2K[1A[2K[1A[2K[1A[2K[1A[2K[1A[2K[G[38;2;35;35;46m┌────────────────────────────────────────────────────────────────────────────────────────────────────────────┐[39m
[38;2;35;35;46m│[1m[38;2;255;107;53mAPERANT[39m[22m [38;2;74;74;88m│[39m [38;2;138;138;154maperant-fixture[39m [38;2;74;74;88m/tmp/aperant-fixture[39m [38;2;74;74;88m│[39m [38;2;56;189;248m⑂ develop[39m             [38;2;255;107;53m◉[38;2;138;138;154m 1 running[39m  [38;2;255;176;0m◆[38;2;138;138;154m 0 review[39m  [38;2;61;220;132m●[38;2;138;138;154m no profile[38;2;35;35;46m│[39m
[38;2;35;35;46m│[39m [38;2;138;138;154m 1 board [39m  [38;2;138;138;154m 2 term [39m  [38;2;138;138;154m 3 road [39m  [38;2;138;138;154m 4 chat [39m  [38;2;138;138;154m 5 tree [39m  [38;2;138;138;154m 6 set [39m  [1m[48;2;255;107;53m[38;2;5;5;7m 7 agents [39m[49m[22m                                     [38;2;35;35;46m│[39m
[38;2;35;35;46m│[39m [1m[48;2;255;107;53m[38;2;5;5;7m 1 swarm [39m[49m[22m [38;2;138;138;154m 2 graph [39m [38;2;138;138;154m 3 inspect [39m [38;2;138;138;154m 4 trace [39m [38;2;138;138;154m 5 tokens [39m [38;2;138;138;154m 6 waits [39m [38;2;74;74;88m1 agent · esc then 1-7 to switch tabs[39m       [38;2;35;35;46m│[39m
[38;2;35;35;46m│[39m                                                                                                            [38;2;35;35;46m│[39m
[38;2;35;35;46m│[39m [38;2;255;107;53m┌──────────────────────────────────────┐[39m [38;2;35;35;46m┌───────────────────────────────────────────────────────────────┐[39m [38;2;35;35;46m│[39m
[38;2;35;35;46m│[39m [38;2;255;107;53m│[39m [1m[38;2;255;107;53mAGENT SWARM · 1 live[39m[22m                 [38;2;255;107;53m│[39m [38;2;35;35;46m│[39m [38;2;138;138;154mSWARM VITALS[39m                                                  [38;2;35;35;46m│[39m [38;2;35;35;46m│[39m
[38;2;35;35;46m│[39m [38;2;255;107;53m│[39m  [38;2;74;74;88m  AGENT              TYPE          [39m [38;2;255;107;53m│[39m [38;2;35;35;46m│[39m [38;2;138;138;154mrunning   [38;2;255;107;53m1[39m                                                   [38;2;35;35;46m│[39m [38;2;35;35;46m│[39m
[38;2;35;35;46m│[39m [38;2;255;107;53m│[39m  [38;2;74;74;88m     STEPS      CTX      WAITING ON[39m [38;2;255;107;53m│[39m [38;2;35;35;46m│[39m [38;2;138;138;154mblocked   0[39m                                                   [38;2;35;35;46m│[39m [38;2;35;35;46m│[39m
[38;2;35;35;46m│[39m [38;2;255;107;53m│[39m                                      [38;2;255;107;53m│[39m [38;2;35;35;46m│[39m [38;2;138;138;154mpaused    [38;2;255;68;68m0[39m                                                   [38;2;35;35;46m│[39m [38;2;35;35;46m│[39m
[38;2;35;35;46m│[39m [38;2;255;107;53m│[39m  [38;2;255;107;53m❯●[39m [38;2;232;232;240m002-fi…[39m [38;2;138;138;154mcoder[39m    [38;2;138;138;154m0[38;2;74;74;88m/10[39m [38;2;61;220;132m░░░[39m [38;2;74;74;88m— exe…[39m [38;2;255;107;53m│[39m [38;2;35;35;46m│[39m [38;2;138;138;154mΣ tokens  [38;2;232;232;240m0[39m                                                   [38;2;35;35;46m│[39m [38;2;35;35;46m│[39m
[38;2;35;35;46m│[39m [38;2;255;107;53m│[39m                      [38;2;138;138;154m00[39m   [38;2;61;220;132m░░ [39m        [38;2;255;107;53m│[39m [38;2;35;35;46m└───────────────────────────────────────────────────────────────┘[39m [38;2;35;35;46m│[39m
[38;2;35;35;46m│[39m [38;2;255;107;53m│[39m                           [38;2;61;220;132m0%[39m         [38;2;255;107;53m│[39m                                                                   [38;2;35;35;46m│[39m
[38;2;35;35;46m│[39m [38;2;255;107;53m│[39m                                      [38;2;255;107;53m│[39m [38;2;35;35;46m┌───────────────────────────────────────────────────────────────┐[39m [38;2;35;35;46m│[39m
[38;2;35;35;46m│[39m [38;2;255;107;53m│[39m [38;2;138;138;154m  phase: [38;2;255;107;53m▪ structured[38;2;138;138;154m vs [38;2;255;176;0m~ inferred[38;2;138;138;154m [39m [38;2;255;107;53m│[39m [38;2;35;35;46m│[39m [38;2;138;138;154mLIVE TOOL TRACE[39m                                               [38;2;35;35;46m│[39m [38;2;35;35;46m│[39m
[38;2;35;35;46m│[39m [38;2;255;107;53m│[39m [38;2;138;138;154mprovenance shown in INSPECT[39m          [38;2;255;107;53m│[39m [38;2;35;35;46m│[39m [38;2;74;74;88m17:29:39 [38;2;138;138;154m002-fix-term [38;2;74;74;88mtask:CODING_STARTED {"type":"CODING_ST[39m… [38;2;35;35;46m│[39m [38;2;35;35;46m│[39m
[38;2;35;35;46m│[39m [38;2;255;107;53m└──────────────────────────────────────┘[39m [38;2;35;35;46m└───────────────────────────────────────────────────────────────┘[39m [38;2;35;35;46m│[39m
[38;2;35;35;46m│[1m[48;2;255;107;53m[38;2;5;5;7m AGENTS [39m[49m[22m [38;2;138;138;154m1-6 sub-view · j/k select · ⏎ inspect · f filter · r resume[39m                           [38;2;255;107;53m:[38;2;74;74;88m cmd  [38;2;255;107;53m?[38;2;74;74;88m help[38;2;35;35;46m│[39m
[38;2;35;35;46m└────────────────────────────────────────────────────────────────────────────────────────────────────────────┘[39m
[2J[3J[H[38;2;35;35;46m┌────────────────────────────────────────────────────────────────────────────────────────────────────────────┐[39m
[38;2;35;35;46m│[1m[38;2;255;107;53mAPERANT[39m[22m [38;2;74;74;88m│[39m [38;2;138;138;154maperant-fixture[39m [38;2;74;74;88m/tmp/aperant-fixture[39m [38;2;74;74;88m│[39m [38;2;56;189;248m⑂ develop[39m             [38;2;255;107;53m◉[38;2;138;138;154m 1 running[39m  [38;2;255;176;0m◆[38;2;138;138;154m 0 review[39m  [38;2;61;220;132m●[38;2;138;138;154m no profile[38;2;35;35;46m│[39m
[38;2;35;35;46m│[39m [38;2;138;138;154m 1 board [39m  [38;2;138;138;154m 2 term [39m  [38;2;138;138;154m 3 road [39m  [38;2;138;138;154m 4 chat [39m  [38;2;138;138;154m 5 tree [39m  [38;2;138;138;154m 6 set [39m  [1m[48;2;255;107;53m[38;2;5;5;7m 7 agents [39m[49m[22m                                     [38;2;35;35;46m│[39m
[38;2;35;35;46m│[39m [38;2;138;138;154m 1 swarm [39m [38;2;138;138;154m 2 graph [39m [1m[48;2;255;107;53m[38;2;5;5;7m 3 inspect [39m[49m[22m [38;2;138;138;154m 4 trace [39m [38;2;138;138;154m 5 tokens [39m [38;2;138;138;154m 6 waits [39m [38;2;74;74;88m1 agent · esc then 1-7 to switch tabs[39m       [38;2;35;35;46m│[39m
[38;2;35;35;46m│[39m                                                                                                            [38;2;35;35;46m│[39m
[38;2;35;35;46m│[39m [38;2;255;107;53m┌──────────────────────────────────────┐[39m [38;2;35;35;46m┌───────────────────────────────────────────────────────────────┐[39m [38;2;35;35;46m│[39m
[38;2;35;35;46m│[39m [38;2;255;107;53m│[39m [1m[38;2;255;107;53mAGENT · 002-fix-terminal-bla[39m[22m         [38;2;255;107;53m│[39m [38;2;35;35;46m│[39m [38;2;138;138;154mTOOL GRANTS (from AGENT_CONFIGS)[39m                              [38;2;35;35;46m│[39m [38;2;35;35;46m│[39m
[38;2;35;35;46m│[39m [38;2;255;107;53m│[39m [38;2;138;138;154mtype[39m         [38;2;255;107;53mcoder[39m                   [38;2;255;107;53m│[39m [38;2;35;35;46m│[39m [38;2;74;74;88mBUILTIN[39m                                                       [38;2;35;35;46m│[39m [38;2;35;35;46m│[39m
[38;2;35;35;46m│[39m [38;2;255;107;53m│[39m [38;2;138;138;154mstate[39m        [38;2;255;107;53mRUNNING[39m                 [38;2;255;107;53m│[39m [38;2;35;35;46m│[39m [38;2;56;189;248mRead  Glob  Grep  Write  Edit  Bash  WebFetch  WebSearch[39m      [38;2;35;35;46m│[39m [38;2;35;35;46m│[39m
[38;2;35;35;46m│[39m [38;2;255;107;53m│[39m [38;2;138;138;154mphase[39m        [38;2;232;232;240mcoding [38;2;255;107;53m▪ structured[39m     [38;2;255;107;53m│[39m [38;2;35;35;46m│[39m [38;2;74;74;88mMCP SERVERS[39m                                                   [38;2;35;35;46m│[39m [38;2;35;35;46m│[39m
[38;2;35;35;46m│[39m [38;2;255;107;53m│[39m [38;2;138;138;154mmodel[39m     [38;2;232;232;240mkimi/kimi-for-coding · [39m    [38;2;255;107;53m│[39m [38;2;35;35;46m│[39m [38;2;255;62;138mcontext7  memory  auto-claude[39m                                 [38;2;35;35;46m│[39m [38;2;35;35;46m│[39m
[38;2;35;35;46m│[39m [38;2;255;107;53m│[39m           [38;2;232;232;240mthinking:low[39m               [38;2;255;107;53m│[39m [38;2;35;35;46m│[39m [38;2;74;74;88mAUTO-CLAUDE MCP[39m                                               [38;2;35;35;46m│[39m [38;2;35;35;46m│[39m
[38;2;35;35;46m│[39m [38;2;255;107;53m│[39m [38;2;138;138;154msteps[39m        [38;2;232;232;240m0/1000[39m                  [38;2;255;107;53m│[39m [38;2;35;35;46m│[39m [38;2;255;107;53mmcp__auto-claude__update_subtask_status  [39m                     [38;2;35;35;46m│[39m [38;2;35;35;46m│[39m
[38;2;35;35;46m│[39m [38;2;255;107;53m│[39m [38;2;138;138;154msession[39m      [38;2;232;232;240m#1 · continuations 0/5[39m  [38;2;255;107;53m│[39m [38;2;35;35;46m│[39m [38;2;255;107;53mmcp__auto-claude__get_build_progress  [39m                        [38;2;35;35;46m│[39m [38;2;35;35;46m│[39m
[38;2;35;35;46m│[39m [38;2;255;107;53m│[39m [38;2;138;138;154melapsed[39m      [38;2;138;138;154m11s[39m                     [38;2;255;107;53m│[39m [38;2;35;35;46m│[39m [38;2;255;107;53mmcp__auto-claude__record_discovery  [39m                          [38;2;35;35;46m│[39m [38;2;35;35;46m│[39m
[38;2;35;35;46m│[39m [38;2;255;107;53m│[39m [38;2;138;138;154mlast[39m         [38;2;74;74;88mIteration 1 (coding)[39m    [38;2;255;107;53m│[39m [38;2;35;35;46m│[39m [38;2;255;107;53mmcp__auto-claude__record_gotcha  [39m                             [38;2;35;35;46m│[39m [38;2;35;35;46m│[39m
[38;2;35;35;46m│[39m [38;2;255;107;53m└──────────────────────────────────────┘[39m [38;2;35;35;46m│[39m [38;2;255;107;53mmcp__auto-claude__get_session_context[39m                         [38;2;35;35;46m│[39m [38;2;35;35;46m│[39m
[38;2;35;35;46m│[39m                                          [38;2;35;35;46m│[39m                                                               [38;2;35;35;46m│[39m [38;2;35;35;46m│[39m
[38;2;35;35;46m│[39m [38;2;35;35;46m┌──────────────────────────────────────┐[39m [38;2;35;35;46m│[39m [38;2;74;74;88mgrants resolved from AGENT_CONFIGS[coder][39m                     [38;2;35;35;46m│[39m [38;2;35;35;46m│[39m
[38;2;35;35;46m│[39m [38;2;35;35;46m│[39m [38;2;138;138;154mWAIT STATE[39m                           [38;2;35;35;46m│[39m [38;2;35;35;46m│[39m [38;2;74;74;88mwrites contained to allowedWritePaths[39m                         [38;2;35;35;46m│[39m [38;2;35;35;46m│[39m
[38;2;35;35;46m│[39m [38;2;35;35;46m│[39m [38;2;61;220;132m● executing — not blocked[39m            [38;2;35;35;46m│[39m [38;2;35;35;46m│[39m                                                               [38;2;35;35;46m│[39m [38;2;35;35;46m│[39m
[38;2;35;35;46m│[39m [38;2;35;35;46m└──────────────────────────────────────┘[39m [38;2;35;35;46m│[39m                                                               [38;2;35;35;46m│[39m [38;2;35;35;46m│[39m
[38;2;35;35;46m│[39m                                          [38;2;35;35;46m│[39m                                                               [38;2;35;35;46m│[39m [38;2;35;35;46m│[39m
[38;2;35;35;46m│[39m [38;2;35;35;46m┌──────────────────────────────────────┐[39m [38;2;35;35;46m│[39m                                                               [38;2;35;35;46m│[39m [38;2;35;35;46m│[39m
[38;2;35;35;46m│[39m [38;2;35;35;46m│[39m [38;2;138;138;154mTOKEN / CONTEXT[39m                      [38;2;35;35;46m│[39m [38;2;35;35;46m│[39m                                                               [38;2;35;35;46m│[39m [38;2;35;35;46m│[39m
[38;2;35;35;46m│[39m [38;2;35;35;46m│[39m [38;2;61;220;132m░░░░░░░░░░░░░░░░░░░░░░░░░░░░░░[39m       [38;2;35;35;46m│[39m [38;2;35;35;46m│[39m                                                               [38;2;35;35;46m│[39m [38;2;35;35;46m│[39m
[38;2;35;35;46m│[39m [38;2;35;35;46m│[39m [38;2;138;138;154m0 / 200.0k · 0%[39m                      [38;2;35;35;46m│[39m [38;2;35;35;46m│[39m                                                               [38;2;35;35;46m│[39m [38;2;35;35;46m│[39m
[38;2;35;35;46m│[39m [38;2;35;35;46m│[39m [38;2;74;74;88mwarn @70% · continuation @90% · hard [38;2;35;35;46m│[39m [38;2;35;35;46m│[39m                                                               [38;2;35;35;46m│[39m [38;2;35;35;46m│[39m
[38;2;35;35;46m│[39m [38;2;35;35;46m│[39m [38;2;74;74;88mabort @95%[39m                           [38;2;35;35;46m│[39m [38;2;35;35;46m│[39m                                                               [38;2;35;35;46m│[39m [38;2;35;35;46m│[39m
[38;2;35;35;46m│[39m [38;2;35;35;46m│[39m [38;2;138;138;154mprompt[39m       [38;2;232;232;240m0[39m                       [38;2;35;35;46m│[39m [38;2;35;35;46m│[39m                                                               [38;2;35;35;46m│[39m [38;2;35;35;46m│[39m
[38;2;35;35;46m│[39m [38;2;35;35;46m│[39m [38;2;138;138;154mcompletion[39m   [38;2;232;232;240m0[39m                       [38;2;35;35;46m│[39m [38;2;35;35;46m│[39m                                                               [38;2;35;35;46m│[39m [38;2;35;35;46m│[39m
[38;2;35;35;46m│[39m [38;2;35;35;46m│[39m [38;2;138;138;154mthinking[39m     [38;2;56;189;248m0[39m                       [38;2;35;35;46m│[39m [38;2;35;35;46m│[39m                                                               [38;2;35;35;46m│[39m [38;2;35;35;46m│[39m
[38;2;35;35;46m│[39m [38;2;35;35;46m│[39m [38;2;138;138;154mcache hit[39m    [38;2;61;220;132m░░░░░░░░░░ 0%[39m           [38;2;35;35;46m│[39m [38;2;35;35;46m│[39m                                                               [38;2;35;35;46m│[39m [38;2;35;35;46m│[39m
[38;2;35;35;46m│[39m [38;2;35;35;46m│[39m [38;2;138;138;154mtotal[39m        [38;2;255;107;53m0[39m                       [38;2;35;35;46m│[39m [38;2;35;35;46m│[39m                                                               [38;2;35;35;46m│[39m [38;2;35;35;46m│[39m
[38;2;35;35;46m│[39m [38;2;35;35;46m└──────────────────────────────────────┘[39m [38;2;35;35;46m└───────────────────────────────────────────────────────────────┘[39m [38;2;35;35;46m│[39m
[38;2;35;35;46m│[1m[48;2;255;107;53m[38;2;5;5;7m AGENTS [39m[49m[22m [38;2;138;138;154m1-6 sub-view · j/k select · ⏎ inspect · f filter · r resume[39m                           [38;2;255;107;53m:[38;2;74;74;88m cmd  [38;2;255;107;53m?[38;2;74;74;88m help[38;2;35;35;46m│[39m
[38;2;35;35;46m└────────────────────────────────────────────────────────────────────────────────────────────────────────────┘[39m[2J[3J[H[38;2;35;35;46m┌────────────────────────────────────────────────────────────────────────────────────────────────────────────┐[39m
[38;2;35;35;46m│[1m[38;2;255;107;53mAPERANT[39m[22m [38;2;74;74;88m│[39m [38;2;138;138;154maperant-fixture[39m [38;2;74;74;88m/tmp/aperant-fixture[39m [38;2;74;74;88m│[39m [38;2;56;189;248m⑂ develop[39m             [38;2;255;107;53m◉[38;2;138;138;154m 1 running[39m  [38;2;255;176;0m◆[38;2;138;138;154m 0 review[39m  [38;2;61;220;132m●[38;2;138;138;154m no profile[38;2;35;35;46m│[39m
[38;2;35;35;46m│[39m [38;2;138;138;154m 1 board [39m  [38;2;138;138;154m 2 term [39m  [38;2;138;138;154m 3 road [39m  [38;2;138;138;154m 4 chat [39m  [38;2;138;138;154m 5 tree [39m  [38;2;138;138;154m 6 set [39m  [1m[48;2;255;107;53m[38;2;5;5;7m 7 agents [39m[49m[22m                                     [38;2;35;35;46m│[39m
[38;2;35;35;46m│[39m [38;2;138;138;154m 1 swarm [39m [38;2;138;138;154m 2 graph [39m [1m[48;2;255;107;53m[38;2;5;5;7m 3 inspect [39m[49m[22m [38;2;138;138;154m 4 trace [39m [38;2;138;138;154m 5 tokens [39m [38;2;138;138;154m 6 waits [39m [38;2;74;74;88m1 agent · esc then 1-7 to switch tabs[39m       [38;2;35;35;46m│[39m
[38;2;35;35;46m│[39m                                                                                                            [38;2;35;35;46m│[39m
[38;2;35;35;46m│[39m [38;2;255;107;53m┌──────────────────────────────────────┐[39m [38;2;35;35;46m┌───────────────────────────────────────────────────────────────┐[39m [38;2;35;35;46m│[39m
[38;2;35;35;46m│[39m [38;2;255;107;53m│[39m [1m[38;2;255;107;53mAGENT · 002-fix-terminal-bla[39m[22m         [38;2;255;107;53m│[39m [38;2;35;35;46m│[39m [38;2;138;138;154mTOOL GRANTS (from AGENT_CONFIGS)[39m                              [38;2;35;35;46m│[39m [38;2;35;35;46m│[39m
[38;2;35;35;46m│[39m [38;2;255;107;53m│[39m [38;2;138;138;154mtype[39m         [38;2;255;107;53mcoder[39m                   [38;2;255;107;53m│[39m [38;2;35;35;46m│[39m [38;2;74;74;88mBUILTIN[39m                                                       [38;2;35;35;46m│[39m [38;2;35;35;46m│[39m
[38;2;35;35;46m│[39m [38;2;255;107;53m│[39m [38;2;138;138;154mstate[39m        [38;2;255;107;53mRUNNING[39m                 [38;2;255;107;53m│[39m [38;2;35;35;46m│[39m [38;2;56;189;248mRead  Glob  Grep  Write  Edit  Bash  WebFetch  WebSearch[39m      [38;2;35;35;46m│[39m [38;2;35;35;46m│[39m
[38;2;35;35;46m│[39m [38;2;255;107;53m│[39m [38;2;138;138;154mphase[39m        [38;2;232;232;240mcoding [38;2;255;107;53m▪ structured[39m     [38;2;255;107;53m│[39m [38;2;35;35;46m│[39m [38;2;74;74;88mMCP SERVERS[39m                                                   [38;2;35;35;46m│[39m [38;2;35;35;46m│[39m
[38;2;35;35;46m│[39m [38;2;255;107;53m│[39m [38;2;138;138;154mmodel[39m     [38;2;232;232;240mkimi/kimi-for-coding · [39m    [38;2;255;107;53m│[39m [38;2;35;35;46m│[39m [38;2;255;62;138mcontext7  memory  auto-claude[39m                                 [38;2;35;35;46m│[39m [38;2;35;35;46m│[39m
[38;2;35;35;46m│[39m [38;2;255;107;53m│[39m           [38;2;232;232;240mthinking:low[39m               [38;2;255;107;53m│[39m [38;2;35;35;46m│[39m [38;2;74;74;88mAUTO-CLAUDE MCP[39m                                               [38;2;35;35;46m│[39m [38;2;35;35;46m│[39m
[38;2;35;35;46m│[39m [38;2;255;107;53m│[39m [38;2;138;138;154msteps[39m        [38;2;232;232;240m0/1000[39m                  [38;2;255;107;53m│[39m [38;2;35;35;46m│[39m [38;2;255;107;53mmcp__auto-claude__update_subtask_status  [39m                     [38;2;35;35;46m│[39m [38;2;35;35;46m│[39m
[38;2;35;35;46m│[39m [38;2;255;107;53m│[39m [38;2;138;138;154msession[39m      [38;2;232;232;240m#1 · continuations 0/5[39m  [38;2;255;107;53m│[39m [38;2;35;35;46m│[39m [38;2;255;107;53mmcp__auto-claude__get_build_progress  [39m                        [38;2;35;35;46m│[39m [38;2;35;35;46m│[39m
[38;2;35;35;46m│[39m [38;2;255;107;53m│[39m [38;2;138;138;154melapsed[39m      [38;2;138;138;154m12s[39m                     [38;2;255;107;53m│[39m [38;2;35;35;46m│[39m [38;2;255;107;53mmcp__auto-claude__record_discovery  [39m                          [38;2;35;35;46m│[39m [38;2;35;35;46m│[39m
[38;2;35;35;46m│[39m [38;2;255;107;53m│[39m [38;2;138;138;154mlast[39m         [38;2;74;74;88mIteration 1 (coding)[39m    [38;2;255;107;53m│[39m [38;2;35;35;46m│[39m [38;2;255;107;53mmcp__auto-claude__record_gotcha  [39m                             [38;2;35;35;46m│[39m [38;2;35;35;46m│[39m
[38;2;35;35;46m│[39m [38;2;255;107;53m└──────────────────────────────────────┘[39m [38;2;35;35;46m│[39m [38;2;255;107;53mmcp__auto-claude__get_session_context[39m                         [38;2;35;35;46m│[39m [38;2;35;35;46m│[39m
[38;2;35;35;46m│[39m                                          [38;2;35;35;46m│[39m                                                               [38;2;35;35;46m│[39m [38;2;35;35;46m│[39m
[38;2;35;35;46m│[39m [38;2;35;35;46m┌──────────────────────────────────────┐[39m [38;2;35;35;46m│[39m [38;2;74;74;88mgrants resolved from AGENT_CONFIGS[coder][39m                     [38;2;35;35;46m│[39m [38;2;35;35;46m│[39m
[38;2;35;35;46m│[39m [38;2;35;35;46m│[39m [38;2;138;138;154mWAIT STATE[39m                           [38;2;35;35;46m│[39m [38;2;35;35;46m│[39m [38;2;74;74;88mwrites contained to allowedWritePaths[39m                         [38;2;35;35;46m│[39m [38;2;35;35;46m│[39m
[38;2;35;35;46m│[39m [38;2;35;35;46m│[39m [38;2;61;220;132m● executing — not blocked[39m            [38;2;35;35;46m│[39m [38;2;35;35;46m│[39m                                                               [38;2;35;35;46m│[39m [38;2;35;35;46m│[39m
[38;2;35;35;46m│[39m [38;2;35;35;46m└──────────────────────────────────────┘[39m [38;2;35;35;46m│[39m                                                               [38;2;35;35;46m│[39m [38;2;35;35;46m│[39m
[38;2;35;35;46m│[39m                                          [38;2;35;35;46m│[39m                                                               [38;2;35;35;46m│[39m [38;2;35;35;46m│[39m
[38;2;35;35;46m│[39m [38;2;35;35;46m┌──────────────────────────────────────┐[39m [38;2;35;35;46m│[39m                                                               [38;2;35;35;46m│[39m [38;2;35;35;46m│[39m
[38;2;35;35;46m│[39m [38;2;35;35;46m│[39m [38;2;138;138;154mTOKEN / CONTEXT[39m                      [38;2;35;35;46m│[39m [38;2;35;35;46m│[39m                                                               [38;2;35;35;46m│[39m [38;2;35;35;46m│[39m
[38;2;35;35;46m│[39m [38;2;35;35;46m│[39m [38;2;61;220;132m░░░░░░░░░░░░░░░░░░░░░░░░░░░░░░[39m       [38;2;35;35;46m│[39m [38;2;35;35;46m│[39m                                                               [38;2;35;35;46m│[39m [38;2;35;35;46m│[39m
[38;2;35;35;46m│[39m [38;2;35;35;46m│[39m [38;2;138;138;154m0 / 200.0k · 0%[39m                      [38;2;35;35;46m│[39m [38;2;35;35;46m│[39m                                                               [38;2;35;35;46m│[39m [38;2;35;35;46m│[39m
[38;2;35;35;46m│[39m [38;2;35;35;46m│[39m [38;2;74;74;88mwarn @70% · continuation @90% · hard [38;2;35;35;46m│[39m [38;2;35;35;46m│[39m                                                               [38;2;35;35;46m│[39m [38;2;35;35;46m│[39m
[38;2;35;35;46m│[39m [38;2;35;35;46m│[39m [38;2;74;74;88mabort @95%[39m                           [38;2;35;35;46m│[39m [38;2;35;35;46m│[39m                                                               [38;2;35;35;46m│[39m [38;2;35;35;46m│[39m
[38;2;35;35;46m│[39m [38;2;35;35;46m│[39m [38;2;138;138;154mprompt[39m       [38;2;232;232;240m0[39m                       [38;2;35;35;46m│[39m [38;2;35;35;46m│[39m                                                               [38;2;35;35;46m│[39m [38;2;35;35;46m│[39m
[38;2;35;35;46m│[39m [38;2;35;35;46m│[39m [38;2;138;138;154mcompletion[39m   [38;2;232;232;240m0[39m                       [38;2;35;35;46m│[39m [38;2;35;35;46m│[39m                                                               [38;2;35;35;46m│[39m [38;2;35;35;46m│[39m
[38;2;35;35;46m│[39m [38;2;35;35;46m│[39m [38;2;138;138;154mthinking[39m     [38;2;56;189;248m0[39m                       [38;2;35;35;46m│[39m [38;2;35;35;46m│[39m                                                               [38;2;35;35;46m│[39m [38;2;35;35;46m│[39m
[38;2;35;35;46m│[39m [38;2;35;35;46m│[39m [38;2;138;138;154mcache hit[39m    [38;2;61;220;132m░░░░░░░░░░ 0%[39m           [38;2;35;35;46m│[39m [38;2;35;35;46m│[39m                                                               [38;2;35;35;46m│[39m [38;2;35;35;46m│[39m
[38;2;35;35;46m│[39m [38;2;35;35;46m│[39m [38;2;138;138;154mtotal[39m        [38;2;255;107;53m0[39m                       [38;2;35;35;46m│[39m [38;2;35;35;46m│[39m                                                               [38;2;35;35;46m│[39m [38;2;35;35;46m│[39m
[38;2;35;35;46m│[39m [38;2;35;35;46m└──────────────────────────────────────┘[39m [38;2;35;35;46m└───────────────────────────────────────────────────────────────┘[39m [38;2;35;35;46m│[39m
[38;2;35;35;46m│[1m[48;2;255;107;53m[38;2;5;5;7m AGENTS [39m[49m[22m [38;2;138;138;154m1-6 sub-view · j/k select · ⏎ inspect · f filter · r resume[39m                           [38;2;255;107;53m:[38;2;74;74;88m cmd  [38;2;255;107;53m?[38;2;74;74;88m help[38;2;35;35;46m│[39m
[38;2;35;35;46m└────────────────────────────────────────────────────────────────────────────────────────────────────────────┘[39m[2J[3J[H[38;2;35;35;46m┌────────────────────────────────────────────────────────────────────────────────────────────────────────────┐[39m
[38;2;35;35;46m│[1m[38;2;255;107;53mAPERANT[39m[22m [38;2;74;74;88m│[39m [38;2;138;138;154maperant-fixture[39m [38;2;74;74;88m/tmp/aperant-fixture[39m [38;2;74;74;88m│[39m [38;2;56;189;248m⑂ develop[39m             [38;2;255;107;53m◉[38;2;138;138;154m 1 running[39m  [38;2;255;176;0m◆[38;2;138;138;154m 0 review[39m  [38;2;61;220;132m●[38;2;138;138;154m no profile[38;2;35;35;46m│[39m
[38;2;35;35;46m│[39m [38;2;138;138;154m 1 board [39m  [38;2;138;138;154m 2 term [39m  [38;2;138;138;154m 3 road [39m  [38;2;138;138;154m 4 chat [39m  [38;2;138;138;154m 5 tree [39m  [38;2;138;138;154m 6 set [39m  [1m[48;2;255;107;53m[38;2;5;5;7m 7 agents [39m[49m[22m                                     [38;2;35;35;46m│[39m
[38;2;35;35;46m│[39m [38;2;138;138;154m 1 swarm [39m [38;2;138;138;154m 2 graph [39m [1m[48;2;255;107;53m[38;2;5;5;7m 3 inspect [39m[49m[22m [38;2;138;138;154m 4 trace [39m [38;2;138;138;154m 5 tokens [39m [38;2;138;138;154m 6 waits [39m [38;2;74;74;88m1 agent · esc then 1-7 to switch tabs[39m       [38;2;35;35;46m│[39m
[38;2;35;35;46m│[39m                                                                                                            [38;2;35;35;46m│[39m
[38;2;35;35;46m│[39m [38;2;255;107;53m┌──────────────────────────────────────┐[39m [38;2;35;35;46m┌───────────────────────────────────────────────────────────────┐[39m [38;2;35;35;46m│[39m
[38;2;35;35;46m│[39m [38;2;255;107;53m│[39m [1m[38;2;255;107;53mAGENT · 002-fix-terminal-bla[39m[22m         [38;2;255;107;53m│[39m [38;2;35;35;46m│[39m [38;2;138;138;154mTOOL GRANTS (from AGENT_CONFIGS)[39m                              [38;2;35;35;46m│[39m [38;2;35;35;46m│[39m
[38;2;35;35;46m│[39m [38;2;255;107;53m│[39m [38;2;138;138;154mtype[39m         [38;2;255;107;53mcoder[39m                   [38;2;255;107;53m│[39m [38;2;35;35;46m│[39m [38;2;74;74;88mBUILTIN[39m                                                       [38;2;35;35;46m│[39m [38;2;35;35;46m│[39m
[38;2;35;35;46m│[39m [38;2;255;107;53m│[39m [38;2;138;138;154mstate[39m        [38;2;255;107;53mRUNNING[39m                 [38;2;255;107;53m│[39m [38;2;35;35;46m│[39m [38;2;56;189;248mRead  Glob  Grep  Write  Edit  Bash  WebFetch  WebSearch[39m      [38;2;35;35;46m│[39m [38;2;35;35;46m│[39m
[38;2;35;35;46m│[39m [38;2;255;107;53m│[39m [38;2;138;138;154mphase[39m        [38;2;232;232;240mcoding [38;2;255;107;53m▪ structured[39m     [38;2;255;107;53m│[39m [38;2;35;35;46m│[39m [38;2;74;74;88mMCP SERVERS[39m                                                   [38;2;35;35;46m│[39m [38;2;35;35;46m│[39m
[38;2;35;35;46m│[39m [38;2;255;107;53m│[39m [38;2;138;138;154mmodel[39m     [38;2;232;232;240mkimi/kimi-for-coding · [39m    [38;2;255;107;53m│[39m [38;2;35;35;46m│[39m [38;2;255;62;138mcontext7  memory  auto-claude[39m                                 [38;2;35;35;46m│[39m [38;2;35;35;46m│[39m
[38;2;35;35;46m│[39m [38;2;255;107;53m│[39m           [38;2;232;232;240mthinking:low[39m               [38;2;255;107;53m│[39m [38;2;35;35;46m│[39m [38;2;74;74;88mAUTO-CLAUDE MCP[39m                                               [38;2;35;35;46m│[39m [38;2;35;35;46m│[39m
[38;2;35;35;46m│[39m [38;2;255;107;53m│[39m [38;2;138;138;154msteps[39m        [38;2;232;232;240m0/1000[39m                  [38;2;255;107;53m│[39m [38;2;35;35;46m│[39m [38;2;255;107;53mmcp__auto-claude__update_subtask_status  [39m                     [38;2;35;35;46m│[39m [38;2;35;35;46m│[39m
[38;2;35;35;46m│[39m [38;2;255;107;53m│[39m [38;2;138;138;154msession[39m      [38;2;232;232;240m#1 · continuations 0/5[39m  [38;2;255;107;53m│[39m [38;2;35;35;46m│[39m [38;2;255;107;53mmcp__auto-claude__get_build_progress  [39m                        [38;2;35;35;46m│[39m [38;2;35;35;46m│[39m
[38;2;35;35;46m│[39m [38;2;255;107;53m│[39m [38;2;138;138;154melapsed[39m      [38;2;138;138;154m12s[39m                     [38;2;255;107;53m│[39m [38;2;35;35;46m│[39m [38;2;255;107;53mmcp__auto-claude__record_discovery  [39m                          [38;2;35;35;46m│[39m [38;2;35;35;46m│[39m
[38;2;35;35;46m│[39m [38;2;255;107;53m│[39m [38;2;138;138;154mlast[39m         [38;2;74;74;88mIteration 1 (coding)[39m    [38;2;255;107;53m│[39m [38;2;35;35;46m│[39m [38;2;255;107;53mmcp__auto-claude__record_gotcha  [39m                             [38;2;35;35;46m│[39m [38;2;35;35;46m│[39m
[38;2;35;35;46m│[39m [38;2;255;107;53m└──────────────────────────────────────┘[39m [38;2;35;35;46m│[39m [38;2;255;107;53mmcp__auto-claude__get_session_context[39m                         [38;2;35;35;46m│[39m [38;2;35;35;46m│[39m
[38;2;35;35;46m│[39m                                          [38;2;35;35;46m│[39m                                                               [38;2;35;35;46m│[39m [38;2;35;35;46m│[39m
[38;2;35;35;46m│[39m [38;2;35;35;46m┌──────────────────────────────────────┐[39m [38;2;35;35;46m│[39m [38;2;74;74;88mgrants resolved from AGENT_CONFIGS[coder][39m                     [38;2;35;35;46m│[39m [38;2;35;35;46m│[39m
[38;2;35;35;46m│[39m [38;2;35;35;46m│[39m [38;2;138;138;154mWAIT STATE[39m                           [38;2;35;35;46m│[39m [38;2;35;35;46m│[39m [38;2;74;74;88mwrites contained to allowedWritePaths[39m                         [38;2;35;35;46m│[39m [38;2;35;35;46m│[39m
[38;2;35;35;46m│[39m [38;2;35;35;46m│[39m [38;2;61;220;132m● executing — not blocked[39m            [38;2;35;35;46m│[39m [38;2;35;35;46m│[39m                                                               [38;2;35;35;46m│[39m [38;2;35;35;46m│[39m
[38;2;35;35;46m│[39m [38;2;35;35;46m└──────────────────────────────────────┘[39m [38;2;35;35;46m│[39m                                                               [38;2;35;35;46m│[39m [38;2;35;35;46m│[39m
[38;2;35;35;46m│[39m                                          [38;2;35;35;46m│[39m                                                               [38;2;35;35;46m│[39m [38;2;35;35;46m│[39m
[38;2;35;35;46m│[39m [38;2;35;35;46m┌──────────────────────────────────────┐[39m [38;2;35;35;46m│[39m                                                               [38;2;35;35;46m│[39m [38;2;35;35;46m│[39m
[38;2;35;35;46m│[39m [38;2;35;35;46m│[39m [38;2;138;138;154mTOKEN / CONTEXT[39m                      [38;2;35;35;46m│[39m [38;2;35;35;46m│[39m                                                               [38;2;35;35;46m│[39m [38;2;35;35;46m│[39m
[38;2;35;35;46m│[39m [38;2;35;35;46m│[39m [38;2;61;220;132m░░░░░░░░░░░░░░░░░░░░░░░░░░░░░░[39m       [38;2;35;35;46m│[39m [38;2;35;35;46m│[39m                                                               [38;2;35;35;46m│[39m [38;2;35;35;46m│[39m
[38;2;35;35;46m│[39m [38;2;35;35;46m│[39m [38;2;138;138;154m0 / 200.0k · 0%[39m                      [38;2;35;35;46m│[39m [38;2;35;35;46m│[39m                                                               [38;2;35;35;46m│[39m [38;2;35;35;46m│[39m
[38;2;35;35;46m│[39m [38;2;35;35;46m│[39m [38;2;74;74;88mwarn @70% · continuation @90% · hard [38;2;35;35;46m│[39m [38;2;35;35;46m│[39m                                                               [38;2;35;35;46m│[39m [38;2;35;35;46m│[39m
[38;2;35;35;46m│[39m [38;2;35;35;46m│[39m [38;2;74;74;88mabort @95%[39m                           [38;2;35;35;46m│[39m [38;2;35;35;46m│[39m                                                               [38;2;35;35;46m│[39m [38;2;35;35;46m│[39m
[38;2;35;35;46m│[39m [38;2;35;35;46m│[39m [38;2;138;138;154mprompt[39m       [38;2;232;232;240m0[39m                       [38;2;35;35;46m│[39m [38;2;35;35;46m│[39m                                                               [38;2;35;35;46m│[39m [38;2;35;35;46m│[39m
[38;2;35;35;46m│[39m [38;2;35;35;46m│[39m [38;2;138;138;154mcompletion[39m   [38;2;232;232;240m0[39m                       [38;2;35;35;46m│[39m [38;2;35;35;46m│[39m                                                               [38;2;35;35;46m│[39m [38;2;35;35;46m│[39m
[38;2;35;35;46m│[39m [38;2;35;35;46m│[39m [38;2;138;138;154mthinking[39m     [38;2;56;189;248m0[39m                       [38;2;35;35;46m│[39m [38;2;35;35;46m│[39m                                                               [38;2;35;35;46m│[39m [38;2;35;35;46m│[39m
[38;2;35;35;46m│[39m [38;2;35;35;46m│[39m [38;2;138;138;154mcache hit[39m    [38;2;61;220;132m░░░░░░░░░░ 0%[39m           [38;2;35;35;46m│[39m [38;2;35;35;46m│[39m                                                               [38;2;35;35;46m│[39m [38;2;35;35;46m│[39m
[38;2;35;35;46m│[39m [38;2;35;35;46m│[39m [38;2;138;138;154mtotal[39m        [38;2;255;107;53m0[39m                       [38;2;35;35;46m│[39m [38;2;35;35;46m│[39m                                                               [38;2;35;35;46m│[39m [38;2;35;35;46m│[39m
[38;2;35;35;46m│[39m [38;2;35;35;46m└──────────────────────────────────────┘[39m [38;2;35;35;46m└───────────────────────────────────────────────────────────────┘[39m [38;2;35;35;46m│[39m
[38;2;35;35;46m│[1m[48;2;255;107;53m[38;2;5;5;7m AGENTS [39m[49m[22m [38;2;138;138;154m1-6 sub-view · j/k select · ⏎ inspect · f filter · r resume[39m                           [38;2;255;107;53m:[38;2;74;74;88m cmd  [38;2;255;107;53m?[38;2;74;74;88m help[38;2;35;35;46m│[39m
[38;2;35;35;46m└────────────────────────────────────────────────────────────────────────────────────────────────────────────┘[39m[2J[3J[H[38;2;35;35;46m┌────────────────────────────────────────────────────────────────────────────────────────────────────────────┐[39m
[38;2;35;35;46m│[1m[38;2;255;107;53mAPERANT[39m[22m [38;2;74;74;88m│[39m [38;2;138;138;154maperant-fixture[39m [38;2;74;74;88m/tmp/aperant-fixture[39m [38;2;74;74;88m│[39m [38;2;56;189;248m⑂ develop[39m             [38;2;255;107;53m◉[38;2;138;138;154m 1 running[39m  [38;2;255;176;0m◆[38;2;138;138;154m 0 review[39m  [38;2;61;220;132m●[38;2;138;138;154m no profile[38;2;35;35;46m│[39m
[38;2;35;35;46m│[39m [38;2;138;138;154m 1 board [39m  [38;2;138;138;154m 2 term [39m  [38;2;138;138;154m 3 road [39m  [38;2;138;138;154m 4 chat [39m  [38;2;138;138;154m 5 tree [39m  [38;2;138;138;154m 6 set [39m  [1m[48;2;255;107;53m[38;2;5;5;7m 7 agents [39m[49m[22m                                     [38;2;35;35;46m│[39m
[38;2;35;35;46m│[39m [38;2;138;138;154m 1 swarm [39m [38;2;138;138;154m 2 graph [39m [1m[48;2;255;107;53m[38;2;5;5;7m 3 inspect [39m[49m[22m [38;2;138;138;154m 4 trace [39m [38;2;138;138;154m 5 tokens [39m [38;2;138;138;154m 6 waits [39m [38;2;74;74;88m1 agent · esc then 1-7 to switch tabs[39m       [38;2;35;35;46m│[39m
[38;2;35;35;46m│[39m                                                                                                            [38;2;35;35;46m│[39m
[38;2;35;35;46m│[39m [38;2;255;107;53m┌──────────────────────────────────────┐[39m [38;2;35;35;46m┌───────────────────────────────────────────────────────────────┐[39m [38;2;35;35;46m│[39m
[38;2;35;35;46m│[39m [38;2;255;107;53m│[39m [1m[38;2;255;107;53mAGENT · 002-fix-terminal-bla[39m[22m         [38;2;255;107;53m│[39m [38;2;35;35;46m│[39m [38;2;138;138;154mTOOL GRANTS (from AGENT_CONFIGS)[39m                              [38;2;35;35;46m│[39m [38;2;35;35;46m│[39m
[38;2;35;35;46m│[39m [38;2;255;107;53m│[39m [38;2;138;138;154mtype[39m         [38;2;255;107;53mcoder[39m                   [38;2;255;107;53m│[39m [38;2;35;35;46m│[39m [38;2;74;74;88mBUILTIN[39m                                                       [38;2;35;35;46m│[39m [38;2;35;35;46m│[39m
[38;2;35;35;46m│[39m [38;2;255;107;53m│[39m [38;2;138;138;154mstate[39m        [38;2;255;107;53mRUNNING[39m                 [38;2;255;107;53m│[39m [38;2;35;35;46m│[39m [38;2;56;189;248mRead  Glob  Grep  Write  Edit  Bash  WebFetch  WebSearch[39m      [38;2;35;35;46m│[39m [38;2;35;35;46m│[39m
[38;2;35;35;46m│[39m [38;2;255;107;53m│[39m [38;2;138;138;154mphase[39m        [38;2;232;232;240mcoding [38;2;255;107;53m▪ structured[39m     [38;2;255;107;53m│[39m [38;2;35;35;46m│[39m [38;2;74;74;88mMCP SERVERS[39m                                                   [38;2;35;35;46m│[39m [38;2;35;35;46m│[39m
[38;2;35;35;46m│[39m [38;2;255;107;53m│[39m [38;2;138;138;154mmodel[39m     [38;2;232;232;240mkimi/kimi-for-coding · [39m    [38;2;255;107;53m│[39m [38;2;35;35;46m│[39m [38;2;255;62;138mcontext7  memory  auto-claude[39m                                 [38;2;35;35;46m│[39m [38;2;35;35;46m│[39m
[38;2;35;35;46m│[39m [38;2;255;107;53m│[39m           [38;2;232;232;240mthinking:low[39m               [38;2;255;107;53m│[39m [38;2;35;35;46m│[39m [38;2;74;74;88mAUTO-CLAUDE MCP[39m                                               [38;2;35;35;46m│[39m [38;2;35;35;46m│[39m
[38;2;35;35;46m│[39m [38;2;255;107;53m│[39m [38;2;138;138;154msteps[39m        [38;2;232;232;240m0/1000[39m                  [38;2;255;107;53m│[39m [38;2;35;35;46m│[39m [38;2;255;107;53mmcp__auto-claude__update_subtask_status  [39m                     [38;2;35;35;46m│[39m [38;2;35;35;46m│[39m
[38;2;35;35;46m│[39m [38;2;255;107;53m│[39m [38;2;138;138;154msession[39m      [38;2;232;232;240m#1 · continuations 0/5[39m  [38;2;255;107;53m│[39m [38;2;35;35;46m│[39m [38;2;255;107;53mmcp__auto-claude__get_build_progress  [39m                        [38;2;35;35;46m│[39m [38;2;35;35;46m│[39m
[38;2;35;35;46m│[39m [38;2;255;107;53m│[39m [38;2;138;138;154melapsed[39m      [38;2;138;138;154m13s[39m                     [38;2;255;107;53m│[39m [38;2;35;35;46m│[39m [38;2;255;107;53mmcp__auto-claude__record_discovery  [39m                          [38;2;35;35;46m│[39m [38;2;35;35;46m│[39m
[38;2;35;35;46m│[39m [38;2;255;107;53m│[39m [38;2;138;138;154mlast[39m         [38;2;74;74;88mIteration 1 (coding)[39m    [38;2;255;107;53m│[39m [38;2;35;35;46m│[39m [38;2;255;107;53mmcp__auto-claude__record_gotcha  [39m                             [38;2;35;35;46m│[39m [38;2;35;35;46m│[39m
[38;2;35;35;46m│[39m [38;2;255;107;53m└──────────────────────────────────────┘[39m [38;2;35;35;46m│[39m [38;2;255;107;53mmcp__auto-claude__get_session_context[39m                         [38;2;35;35;46m│[39m [38;2;35;35;46m│[39m
[38;2;35;35;46m│[39m                                          [38;2;35;35;46m│[39m                                                               [38;2;35;35;46m│[39m [38;2;35;35;46m│[39m
[38;2;35;35;46m│[39m [38;2;35;35;46m┌──────────────────────────────────────┐[39m [38;2;35;35;46m│[39m [38;2;74;74;88mgrants resolved from AGENT_CONFIGS[coder][39m                     [38;2;35;35;46m│[39m [38;2;35;35;46m│[39m
[38;2;35;35;46m│[39m [38;2;35;35;46m│[39m [38;2;138;138;154mWAIT STATE[39m                           [38;2;35;35;46m│[39m [38;2;35;35;46m│[39m [38;2;74;74;88mwrites contained to allowedWritePaths[39m                         [38;2;35;35;46m│[39m [38;2;35;35;46m│[39m
[38;2;35;35;46m│[39m [38;2;35;35;46m│[39m [38;2;61;220;132m● executing — not blocked[39m            [38;2;35;35;46m│[39m [38;2;35;35;46m│[39m                                                               [38;2;35;35;46m│[39m [38;2;35;35;46m│[39m
[38;2;35;35;46m│[39m [38;2;35;35;46m└──────────────────────────────────────┘[39m [38;2;35;35;46m│[39m                                                               [38;2;35;35;46m│[39m [38;2;35;35;46m│[39m
[38;2;35;35;46m│[39m                                          [38;2;35;35;46m│[39m                                                               [38;2;35;35;46m│[39m [38;2;35;35;46m│[39m
[38;2;35;35;46m│[39m [38;2;35;35;46m┌──────────────────────────────────────┐[39m [38;2;35;35;46m│[39m                                                               [38;2;35;35;46m│[39m [38;2;35;35;46m│[39m
[38;2;35;35;46m│[39m [38;2;35;35;46m│[39m [38;2;138;138;154mTOKEN / CONTEXT[39m                      [38;2;35;35;46m│[39m [38;2;35;35;46m│[39m                                                               [38;2;35;35;46m│[39m [38;2;35;35;46m│[39m
[38;2;35;35;46m│[39m [38;2;35;35;46m│[39m [38;2;61;220;132m░░░░░░░░░░░░░░░░░░░░░░░░░░░░░░[39m       [38;2;35;35;46m│[39m [38;2;35;35;46m│[39m                                                               [38;2;35;35;46m│[39m [38;2;35;35;46m│[39m
[38;2;35;35;46m│[39m [38;2;35;35;46m│[39m [38;2;138;138;154m0 / 200.0k · 0%[39m                      [38;2;35;35;46m│[39m [38;2;35;35;46m│[39m                                                               [38;2;35;35;46m│[39m [38;2;35;35;46m│[39m
[38;2;35;35;46m│[39m [38;2;35;35;46m│[39m [38;2;74;74;88mwarn @70% · continuation @90% · hard [38;2;35;35;46m│[39m [38;2;35;35;46m│[39m                                                               [38;2;35;35;46m│[39m [38;2;35;35;46m│[39m
[38;2;35;35;46m│[39m [38;2;35;35;46m│[39m [38;2;74;74;88mabort @95%[39m                           [38;2;35;35;46m│[39m [38;2;35;35;46m│[39m                                                               [38;2;35;35;46m│[39m [38;2;35;35;46m│[39m
[38;2;35;35;46m│[39m [38;2;35;35;46m│[39m [38;2;138;138;154mprompt[39m       [38;2;232;232;240m0[39m                       [38;2;35;35;46m│[39m [38;2;35;35;46m│[39m                                                               [38;2;35;35;46m│[39m [38;2;35;35;46m│[39m
[38;2;35;35;46m│[39m [38;2;35;35;46m│[39m [38;2;138;138;154mcompletion[39m   [38;2;232;232;240m0[39m                       [38;2;35;35;46m│[39m [38;2;35;35;46m│[39m                                                               [38;2;35;35;46m│[39m [38;2;35;35;46m│[39m
[38;2;35;35;46m│[39m [38;2;35;35;46m│[39m [38;2;138;138;154mthinking[39m     [38;2;56;189;248m0[39m                       [38;2;35;35;46m│[39m [38;2;35;35;46m│[39m                                                               [38;2;35;35;46m│[39m [38;2;35;35;46m│[39m
[38;2;35;35;46m│[39m [38;2;35;35;46m│[39m [38;2;138;138;154mcache hit[39m    [38;2;61;220;132m░░░░░░░░░░ 0%[39m           [38;2;35;35;46m│[39m [38;2;35;35;46m│[39m                                                               [38;2;35;35;46m│[39m [38;2;35;35;46m│[39m
[38;2;35;35;46m│[39m [38;2;35;35;46m│[39m [38;2;138;138;154mtotal[39m        [38;2;255;107;53m0[39m                       [38;2;35;35;46m│[39m [38;2;35;35;46m│[39m                                                               [38;2;35;35;46m│[39m [38;2;35;35;46m│[39m
[38;2;35;35;46m│[39m [38;2;35;35;46m└──────────────────────────────────────┘[39m [38;2;35;35;46m└───────────────────────────────────────────────────────────────┘[39m [38;2;35;35;46m│[39m
[38;2;35;35;46m│[1m[48;2;255;107;53m[38;2;5;5;7m AGENTS [39m[49m[22m [38;2;138;138;154m1-6 sub-view · j/k select · ⏎ inspect · f filter · r resume[39m                           [38;2;255;107;53m:[38;2;74;74;88m cmd  [38;2;255;107;53m?[38;2;74;74;88m help[38;2;35;35;46m│[39m
[38;2;35;35;46m└────────────────────────────────────────────────────────────────────────────────────────────────────────────┘[39m[2J[3J[H[38;2;35;35;46m┌────────────────────────────────────────────────────────────────────────────────────────────────────────────┐[39m
[38;2;35;35;46m│[1m[38;2;255;107;53mAPERANT[39m[22m [38;2;74;74;88m│[39m [38;2;138;138;154maperant-fixture[39m [38;2;74;74;88m/tmp/aperant-fixture[39m [38;2;74;74;88m│[39m [38;2;56;189;248m⑂ develop[39m             [38;2;255;107;53m◉[38;2;138;138;154m 1 running[39m  [38;2;255;176;0m◆[38;2;138;138;154m 0 review[39m  [38;2;61;220;132m●[38;2;138;138;154m no profile[38;2;35;35;46m│[39m
[38;2;35;35;46m│[39m [38;2;138;138;154m 1 board [39m  [38;2;138;138;154m 2 term [39m  [38;2;138;138;154m 3 road [39m  [38;2;138;138;154m 4 chat [39m  [38;2;138;138;154m 5 tree [39m  [38;2;138;138;154m 6 set [39m  [1m[48;2;255;107;53m[38;2;5;5;7m 7 agents [39m[49m[22m                                     [38;2;35;35;46m│[39m
[38;2;35;35;46m│[39m [38;2;138;138;154m 1 swarm [39m [38;2;138;138;154m 2 graph [39m [1m[48;2;255;107;53m[38;2;5;5;7m 3 inspect [39m[49m[22m [38;2;138;138;154m 4 trace [39m [38;2;138;138;154m 5 tokens [39m [38;2;138;138;154m 6 waits [39m [38;2;74;74;88m1 agent · esc then 1-7 to switch tabs[39m       [38;2;35;35;46m│[39m
[38;2;35;35;46m│[39m                                                                                                            [38;2;35;35;46m│[39m
[38;2;35;35;46m│[39m [38;2;255;107;53m┌──────────────────────────────────────┐[39m [38;2;35;35;46m┌───────────────────────────────────────────────────────────────┐[39m [38;2;35;35;46m│[39m
[38;2;35;35;46m│[39m [38;2;255;107;53m│[39m [1m[38;2;255;107;53mAGENT · 002-fix-terminal-bla[39m[22m         [38;2;255;107;53m│[39m [38;2;35;35;46m│[39m [38;2;138;138;154mTOOL GRANTS (from AGENT_CONFIGS)[39m                              [38;2;35;35;46m│[39m [38;2;35;35;46m│[39m
[38;2;35;35;46m│[39m [38;2;255;107;53m│[39m [38;2;138;138;154mtype[39m         [38;2;255;107;53mcoder[39m                   [38;2;255;107;53m│[39m [38;2;35;35;46m│[39m [38;2;74;74;88mBUILTIN[39m                                                       [38;2;35;35;46m│[39m [38;2;35;35;46m│[39m
[38;2;35;35;46m│[39m [38;2;255;107;53m│[39m [38;2;138;138;154mstate[39m        [38;2;255;107;53mRUNNING[39m                 [38;2;255;107;53m│[39m [38;2;35;35;46m│[39m [38;2;56;189;248mRead  Glob  Grep  Write  Edit  Bash  WebFetch  WebSearch[39m      [38;2;35;35;46m│[39m [38;2;35;35;46m│[39m
[38;2;35;35;46m│[39m [38;2;255;107;53m│[39m [38;2;138;138;154mphase[39m        [38;2;232;232;240mcoding [38;2;255;107;53m▪ structured[39m     [38;2;255;107;53m│[39m [38;2;35;35;46m│[39m [38;2;74;74;88mMCP SERVERS[39m                                                   [38;2;35;35;46m│[39m [38;2;35;35;46m│[39m
[38;2;35;35;46m│[39m [38;2;255;107;53m│[39m [38;2;138;138;154mmodel[39m     [38;2;232;232;240mkimi/kimi-for-coding · [39m    [38;2;255;107;53m│[39m [38;2;35;35;46m│[39m [38;2;255;62;138mcontext7  memory  auto-claude[39m                                 [38;2;35;35;46m│[39m [38;2;35;35;46m│[39m
[38;2;35;35;46m│[39m [38;2;255;107;53m│[39m           [38;2;232;232;240mthinking:low[39m               [38;2;255;107;53m│[39m [38;2;35;35;46m│[39m [38;2;74;74;88mAUTO-CLAUDE MCP[39m                                               [38;2;35;35;46m│[39m [38;2;35;35;46m│[39m
[38;2;35;35;46m│[39m [38;2;255;107;53m│[39m [38;2;138;138;154msteps[39m        [38;2;232;232;240m0/1000[39m                  [38;2;255;107;53m│[39m [38;2;35;35;46m│[39m [38;2;255;107;53mmcp__auto-claude__update_subtask_status  [39m                     [38;2;35;35;46m│[39m [38;2;35;35;46m│[39m
[38;2;35;35;46m│[39m [38;2;255;107;53m│[39m [38;2;138;138;154msession[39m      [38;2;232;232;240m#1 · continuations 0/5[39m  [38;2;255;107;53m│[39m [38;2;35;35;46m│[39m [38;2;255;107;53mmcp__auto-claude__get_build_progress  [39m                        [38;2;35;35;46m│[39m [38;2;35;35;46m│[39m
[38;2;35;35;46m│[39m [38;2;255;107;53m│[39m [38;2;138;138;154melapsed[39m      [38;2;138;138;154m14s[39m                     [38;2;255;107;53m│[39m [38;2;35;35;46m│[39m [38;2;255;107;53mmcp__auto-claude__record_discovery  [39m                          [38;2;35;35;46m│[39m [38;2;35;35;46m│[39m
[38;2;35;35;46m│[39m [38;2;255;107;53m│[39m [38;2;138;138;154mlast[39m         [38;2;74;74;88mIteration 1 (coding)[39m    [38;2;255;107;53m│[39m [38;2;35;35;46m│[39m [38;2;255;107;53mmcp__auto-claude__record_gotcha  [39m                             [38;2;35;35;46m│[39m [38;2;35;35;46m│[39m
[38;2;35;35;46m│[39m [38;2;255;107;53m└──────────────────────────────────────┘[39m [38;2;35;35;46m│[39m [38;2;255;107;53mmcp__auto-claude__get_session_context[39m                         [38;2;35;35;46m│[39m [38;2;35;35;46m│[39m
[38;2;35;35;46m│[39m                                          [38;2;35;35;46m│[39m                                                               [38;2;35;35;46m│[39m [38;2;35;35;46m│[39m
[38;2;35;35;46m│[39m [38;2;35;35;46m┌──────────────────────────────────────┐[39m [38;2;35;35;46m│[39m [38;2;74;74;88mgrants resolved from AGENT_CONFIGS[coder][39m                     [38;2;35;35;46m│[39m [38;2;35;35;46m│[39m
[38;2;35;35;46m│[39m [38;2;35;35;46m│[39m [38;2;138;138;154mWAIT STATE[39m                           [38;2;35;35;46m│[39m [38;2;35;35;46m│[39m [38;2;74;74;88mwrites contained to allowedWritePaths[39m                         [38;2;35;35;46m│[39m [38;2;35;35;46m│[39m
[38;2;35;35;46m│[39m [38;2;35;35;46m│[39m [38;2;61;220;132m● executing — not blocked[39m            [38;2;35;35;46m│[39m [38;2;35;35;46m│[39m                                                               [38;2;35;35;46m│[39m [38;2;35;35;46m│[39m
[38;2;35;35;46m│[39m [38;2;35;35;46m└──────────────────────────────────────┘[39m [38;2;35;35;46m│[39m                                                               [38;2;35;35;46m│[39m [38;2;35;35;46m│[39m
[38;2;35;35;46m│[39m                                          [38;2;35;35;46m│[39m                                                               [38;2;35;35;46m│[39m [38;2;35;35;46m│[39m
[38;2;35;35;46m│[39m [38;2;35;35;46m┌──────────────────────────────────────┐[39m [38;2;35;35;46m│[39m                                                               [38;2;35;35;46m│[39m [38;2;35;35;46m│[39m
[38;2;35;35;46m│[39m [38;2;35;35;46m│[39m [38;2;138;138;154mTOKEN / CONTEXT[39m                      [38;2;35;35;46m│[39m [38;2;35;35;46m│[39m                                                               [38;2;35;35;46m│[39m [38;2;35;35;46m│[39m
[38;2;35;35;46m│[39m [38;2;35;35;46m│[39m [38;2;61;220;132m░░░░░░░░░░░░░░░░░░░░░░░░░░░░░░[39m       [38;2;35;35;46m│[39m [38;2;35;35;46m│[39m                                                               [38;2;35;35;46m│[39m [38;2;35;35;46m│[39m
[38;2;35;35;46m│[39m [38;2;35;35;46m│[39m [38;2;138;138;154m0 / 200.0k · 0%[39m                      [38;2;35;35;46m│[39m [38;2;35;35;46m│[39m                                                               [38;2;35;35;46m│[39m [38;2;35;35;46m│[39m
[38;2;35;35;46m│[39m [38;2;35;35;46m│[39m [38;2;74;74;88mwarn @70% · continuation @90% · hard [38;2;35;35;46m│[39m [38;2;35;35;46m│[39m                                                               [38;2;35;35;46m│[39m [38;2;35;35;46m│[39m
[38;2;35;35;46m│[39m [38;2;35;35;46m│[39m [38;2;74;74;88mabort @95%[39m                           [38;2;35;35;46m│[39m [38;2;35;35;46m│[39m                                                               [38;2;35;35;46m│[39m [38;2;35;35;46m│[39m
[38;2;35;35;46m│[39m [38;2;35;35;46m│[39m [38;2;138;138;154mprompt[39m       [38;2;232;232;240m0[39m                       [38;2;35;35;46m│[39m [38;2;35;35;46m│[39m                                                               [38;2;35;35;46m│[39m [38;2;35;35;46m│[39m
[38;2;35;35;46m│[39m [38;2;35;35;46m│[39m [38;2;138;138;154mcompletion[39m   [38;2;232;232;240m0[39m                       [38;2;35;35;46m│[39m [38;2;35;35;46m│[39m                                                               [38;2;35;35;46m│[39m [38;2;35;35;46m│[39m
[38;2;35;35;46m│[39m [38;2;35;35;46m│[39m [38;2;138;138;154mthinking[39m     [38;2;56;189;248m0[39m                       [38;2;35;35;46m│[39m [38;2;35;35;46m│[39m                                                               [38;2;35;35;46m│[39m [38;2;35;35;46m│[39m
[38;2;35;35;46m│[39m [38;2;35;35;46m│[39m [38;2;138;138;154mcache hit[39m    [38;2;61;220;132m░░░░░░░░░░ 0%[39m           [38;2;35;35;46m│[39m [38;2;35;35;46m│[39m                                                               [38;2;35;35;46m│[39m [38;2;35;35;46m│[39m
[38;2;35;35;46m│[39m [38;2;35;35;46m│[39m [38;2;138;138;154mtotal[39m        [38;2;255;107;53m0[39m                       [38;2;35;35;46m│[39m [38;2;35;35;46m│[39m                                                               [38;2;35;35;46m│[39m [38;2;35;35;46m│[39m
[38;2;35;35;46m│[39m [38;2;35;35;46m└──────────────────────────────────────┘[39m [38;2;35;35;46m└───────────────────────────────────────────────────────────────┘[39m [38;2;35;35;46m│[39m
[38;2;35;35;46m│[1m[48;2;255;107;53m[38;2;5;5;7m AGENTS [39m[49m[22m [38;2;138;138;154m1-6 sub-view · j/k select · ⏎ inspect · f filter · r resume[39m                           [38;2;255;107;53m:[38;2;74;74;88m cmd  [38;2;255;107;53m?[38;2;74;74;88m help[38;2;35;35;46m│[39m
[38;2;35;35;46m└────────────────────────────────────────────────────────────────────────────────────────────────────────────┘[39m[2J[3J[H[38;2;35;35;46m┌────────────────────────────────────────────────────────────────────────────────────────────────────────────┐[39m
[38;2;35;35;46m│[1m[38;2;255;107;53mAPERANT[39m[22m [38;2;74;74;88m│[39m [38;2;138;138;154maperant-fixture[39m [38;2;74;74;88m/tmp/aperant-fixture[39m [38;2;74;74;88m│[39m [38;2;56;189;248m⑂ develop[39m             [38;2;255;107;53m◉[38;2;138;138;154m 1 running[39m  [38;2;255;176;0m◆[38;2;138;138;154m 0 review[39m  [38;2;61;220;132m●[38;2;138;138;154m no profile[38;2;35;35;46m│[39m
[38;2;35;35;46m│[39m [38;2;138;138;154m 1 board [39m  [38;2;138;138;154m 2 term [39m  [38;2;138;138;154m 3 road [39m  [38;2;138;138;154m 4 chat [39m  [38;2;138;138;154m 5 tree [39m  [38;2;138;138;154m 6 set [39m  [1m[48;2;255;107;53m[38;2;5;5;7m 7 agents [39m[49m[22m                                     [38;2;35;35;46m│[39m
[38;2;35;35;46m│[39m [38;2;138;138;154m 1 swarm [39m [38;2;138;138;154m 2 graph [39m [1m[48;2;255;107;53m[38;2;5;5;7m 3 inspect [39m[49m[22m [38;2;138;138;154m 4 trace [39m [38;2;138;138;154m 5 tokens [39m [38;2;138;138;154m 6 waits [39m [38;2;74;74;88m1 agent · esc then 1-7 to switch tabs[39m       [38;2;35;35;46m│[39m
[38;2;35;35;46m│[39m                                                                                                            [38;2;35;35;46m│[39m
[38;2;35;35;46m│[39m [38;2;255;107;53m┌──────────────────────────────────────┐[39m [38;2;35;35;46m┌───────────────────────────────────────────────────────────────┐[39m [38;2;35;35;46m│[39m
[38;2;35;35;46m│[39m [38;2;255;107;53m│[39m [1m[38;2;255;107;53mAGENT · 002-fix-terminal-bla[39m[22m         [38;2;255;107;53m│[39m [38;2;35;35;46m│[39m [38;2;138;138;154mTOOL GRANTS (from AGENT_CONFIGS)[39m                              [38;2;35;35;46m│[39m [38;2;35;35;46m│[39m
[38;2;35;35;46m│[39m [38;2;255;107;53m│[39m [38;2;138;138;154mtype[39m         [38;2;255;107;53mcoder[39m                   [38;2;255;107;53m│[39m [38;2;35;35;46m│[39m [38;2;74;74;88mBUILTIN[39m                                                       [38;2;35;35;46m│[39m [38;2;35;35;46m│[39m
[38;2;35;35;46m│[39m [38;2;255;107;53m│[39m [38;2;138;138;154mstate[39m        [38;2;255;107;53mRUNNING[39m                 [38;2;255;107;53m│[39m [38;2;35;35;46m│[39m [38;2;56;189;248mRead  Glob  Grep  Write  Edit  Bash  WebFetch  WebSearch[39m      [38;2;35;35;46m│[39m [38;2;35;35;46m│[39m
[38;2;35;35;46m│[39m [38;2;255;107;53m│[39m [38;2;138;138;154mphase[39m        [38;2;232;232;240mcoding [38;2;255;107;53m▪ structured[39m     [38;2;255;107;53m│[39m [38;2;35;35;46m│[39m [38;2;74;74;88mMCP SERVERS[39m                                                   [38;2;35;35;46m│[39m [38;2;35;35;46m│[39m
[38;2;35;35;46m│[39m [38;2;255;107;53m│[39m [38;2;138;138;154mmodel[39m     [38;2;232;232;240mkimi/kimi-for-coding · [39m    [38;2;255;107;53m│[39m [38;2;35;35;46m│[39m [38;2;255;62;138mcontext7  memory  auto-claude[39m                                 [38;2;35;35;46m│[39m [38;2;35;35;46m│[39m
[38;2;35;35;46m│[39m [38;2;255;107;53m│[39m           [38;2;232;232;240mthinking:low[39m               [38;2;255;107;53m│[39m [38;2;35;35;46m│[39m [38;2;74;74;88mAUTO-CLAUDE MCP[39m                                               [38;2;35;35;46m│[39m [38;2;35;35;46m│[39m
[38;2;35;35;46m│[39m [38;2;255;107;53m│[39m [38;2;138;138;154msteps[39m        [38;2;232;232;240m0/1000[39m                  [38;2;255;107;53m│[39m [38;2;35;35;46m│[39m [38;2;255;107;53mmcp__auto-claude__update_subtask_status  [39m                     [38;2;35;35;46m│[39m [38;2;35;35;46m│[39m
[38;2;35;35;46m│[39m [38;2;255;107;53m│[39m [38;2;138;138;154msession[39m      [38;2;232;232;240m#1 · continuations 0/5[39m  [38;2;255;107;53m│[39m [38;2;35;35;46m│[39m [38;2;255;107;53mmcp__auto-claude__get_build_progress  [39m                        [38;2;35;35;46m│[39m [38;2;35;35;46m│[39m
[38;2;35;35;46m│[39m [38;2;255;107;53m│[39m [38;2;138;138;154melapsed[39m      [38;2;138;138;154m14s[39m                     [38;2;255;107;53m│[39m [38;2;35;35;46m│[39m [38;2;255;107;53mmcp__auto-claude__record_discovery  [39m                          [38;2;35;35;46m│[39m [38;2;35;35;46m│[39m
[38;2;35;35;46m│[39m [38;2;255;107;53m│[39m [38;2;138;138;154mlast[39m         [38;2;74;74;88mIteration 1 (coding)[39m    [38;2;255;107;53m│[39m [38;2;35;35;46m│[39m [38;2;255;107;53mmcp__auto-claude__record_gotcha  [39m                             [38;2;35;35;46m│[39m [38;2;35;35;46m│[39m
[38;2;35;35;46m│[39m [38;2;255;107;53m└──────────────────────────────────────┘[39m [38;2;35;35;46m│[39m [38;2;255;107;53mmcp__auto-claude__get_session_context[39m                         [38;2;35;35;46m│[39m [38;2;35;35;46m│[39m
[38;2;35;35;46m│[39m                                          [38;2;35;35;46m│[39m                                                               [38;2;35;35;46m│[39m [38;2;35;35;46m│[39m
[38;2;35;35;46m│[39m [38;2;35;35;46m┌──────────────────────────────────────┐[39m [38;2;35;35;46m│[39m [38;2;74;74;88mgrants resolved from AGENT_CONFIGS[coder][39m                     [38;2;35;35;46m│[39m [38;2;35;35;46m│[39m
[38;2;35;35;46m│[39m [38;2;35;35;46m│[39m [38;2;138;138;154mWAIT STATE[39m                           [38;2;35;35;46m│[39m [38;2;35;35;46m│[39m [38;2;74;74;88mwrites contained to allowedWritePaths[39m                         [38;2;35;35;46m│[39m [38;2;35;35;46m│[39m
[38;2;35;35;46m│[39m [38;2;35;35;46m│[39m [38;2;61;220;132m● executing — not blocked[39m            [38;2;35;35;46m│[39m [38;2;35;35;46m│[39m                                                               [38;2;35;35;46m│[39m [38;2;35;35;46m│[39m
[38;2;35;35;46m│[39m [38;2;35;35;46m└──────────────────────────────────────┘[39m [38;2;35;35;46m│[39m                                                               [38;2;35;35;46m│[39m [38;2;35;35;46m│[39m
[38;2;35;35;46m│[39m                                          [38;2;35;35;46m│[39m                                                               [38;2;35;35;46m│[39m [38;2;35;35;46m│[39m
[38;2;35;35;46m│[39m [38;2;35;35;46m┌──────────────────────────────────────┐[39m [38;2;35;35;46m│[39m                                                               [38;2;35;35;46m│[39m [38;2;35;35;46m│[39m
[38;2;35;35;46m│[39m [38;2;35;35;46m│[39m [38;2;138;138;154mTOKEN / CONTEXT[39m                      [38;2;35;35;46m│[39m [38;2;35;35;46m│[39m                                                               [38;2;35;35;46m│[39m [38;2;35;35;46m│[39m
[38;2;35;35;46m│[39m [38;2;35;35;46m│[39m [38;2;61;220;132m░░░░░░░░░░░░░░░░░░░░░░░░░░░░░░[39m       [38;2;35;35;46m│[39m [38;2;35;35;46m│[39m                                                               [38;2;35;35;46m│[39m [38;2;35;35;46m│[39m
[38;2;35;35;46m│[39m [38;2;35;35;46m│[39m [38;2;138;138;154m0 / 200.0k · 0%[39m                      [38;2;35;35;46m│[39m [38;2;35;35;46m│[39m                                                               [38;2;35;35;46m│[39m [38;2;35;35;46m│[39m
[38;2;35;35;46m│[39m [38;2;35;35;46m│[39m [38;2;74;74;88mwarn @70% · continuation @90% · hard [38;2;35;35;46m│[39m [38;2;35;35;46m│[39m                                                               [38;2;35;35;46m│[39m [38;2;35;35;46m│[39m
[38;2;35;35;46m│[39m [38;2;35;35;46m│[39m [38;2;74;74;88mabort @95%[39m                           [38;2;35;35;46m│[39m [38;2;35;35;46m│[39m                                                               [38;2;35;35;46m│[39m [38;2;35;35;46m│[39m
[38;2;35;35;46m│[39m [38;2;35;35;46m│[39m [38;2;138;138;154mprompt[39m       [38;2;232;232;240m0[39m                       [38;2;35;35;46m│[39m [38;2;35;35;46m│[39m                                                               [38;2;35;35;46m│[39m [38;2;35;35;46m│[39m
[38;2;35;35;46m│[39m [38;2;35;35;46m│[39m [38;2;138;138;154mcompletion[39m   [38;2;232;232;240m0[39m                       [38;2;35;35;46m│[39m [38;2;35;35;46m│[39m                                                               [38;2;35;35;46m│[39m [38;2;35;35;46m│[39m
[38;2;35;35;46m│[39m [38;2;35;35;46m│[39m [38;2;138;138;154mthinking[39m     [38;2;56;189;248m0[39m                       [38;2;35;35;46m│[39m [38;2;35;35;46m│[39m                                                               [38;2;35;35;46m│[39m [38;2;35;35;46m│[39m
[38;2;35;35;46m│[39m [38;2;35;35;46m│[39m [38;2;138;138;154mcache hit[39m    [38;2;61;220;132m░░░░░░░░░░ 0%[39m           [38;2;35;35;46m│[39m [38;2;35;35;46m│[39m                                                               [38;2;35;35;46m│[39m [38;2;35;35;46m│[39m
[38;2;35;35;46m│[39m [38;2;35;35;46m│[39m [38;2;138;138;154mtotal[39m        [38;2;255;107;53m0[39m                       [38;2;35;35;46m│[39m [38;2;35;35;46m│[39m                                                               [38;2;35;35;46m│[39m [38;2;35;35;46m│[39m
[38;2;35;35;46m│[39m [38;2;35;35;46m└──────────────────────────────────────┘[39m [38;2;35;35;46m└───────────────────────────────────────────────────────────────┘[39m [38;2;35;35;46m│[39m
[38;2;35;35;46m│[1m[48;2;255;107;53m[38;2;5;5;7m AGENTS [39m[49m[22m [38;2;138;138;154m1-6 sub-view · j/k select · ⏎ inspect · f filter · r resume[39m                           [38;2;255;107;53m:[38;2;74;74;88m cmd  [38;2;255;107;53m?[38;2;74;74;88m help[38;2;35;35;46m│[39m
[38;2;35;35;46m└────────────────────────────────────────────────────────────────────────────────────────────────────────────┘[39m[2J[3J[H[38;2;35;35;46m┌────────────────────────────────────────────────────────────────────────────────────────────────────────────┐[39m
[38;2;35;35;46m│[1m[38;2;255;107;53mAPERANT[39m[22m [38;2;74;74;88m│[39m [38;2;138;138;154maperant-fixture[39m [38;2;74;74;88m/tmp/aperant-fixture[39m [38;2;74;74;88m│[39m [38;2;56;189;248m⑂ develop[39m             [38;2;255;107;53m◉[38;2;138;138;154m 1 running[39m  [38;2;255;176;0m◆[38;2;138;138;154m 0 review[39m  [38;2;61;220;132m●[38;2;138;138;154m no profile[38;2;35;35;46m│[39m
[38;2;35;35;46m│[39m [38;2;138;138;154m 1 board [39m  [38;2;138;138;154m 2 term [39m  [38;2;138;138;154m 3 road [39m  [38;2;138;138;154m 4 chat [39m  [38;2;138;138;154m 5 tree [39m  [38;2;138;138;154m 6 set [39m  [1m[48;2;255;107;53m[38;2;5;5;7m 7 agents [39m[49m[22m                                     [38;2;35;35;46m│[39m
[38;2;35;35;46m│[39m [38;2;138;138;154m 1 swarm [39m [38;2;138;138;154m 2 graph [39m [1m[48;2;255;107;53m[38;2;5;5;7m 3 inspect [39m[49m[22m [38;2;138;138;154m 4 trace [39m [38;2;138;138;154m 5 tokens [39m [38;2;138;138;154m 6 waits [39m [38;2;74;74;88m1 agent · esc then 1-7 to switch tabs[39m       [38;2;35;35;46m│[39m
[38;2;35;35;46m│[39m                                                                                                            [38;2;35;35;46m│[39m
[38;2;35;35;46m│[39m [38;2;255;107;53m┌──────────────────────────────────────┐[39m [38;2;35;35;46m┌───────────────────────────────────────────────────────────────┐[39m [38;2;35;35;46m│[39m
[38;2;35;35;46m│[39m [38;2;255;107;53m│[39m [1m[38;2;255;107;53mAGENT · 002-fix-terminal-bla[39m[22m         [38;2;255;107;53m│[39m [38;2;35;35;46m│[39m [38;2;138;138;154mTOOL GRANTS (from AGENT_CONFIGS)[39m                              [38;2;35;35;46m│[39m [38;2;35;35;46m│[39m
[38;2;35;35;46m│[39m [38;2;255;107;53m│[39m [38;2;138;138;154mtype[39m         [38;2;255;107;53mcoder[39m                   [38;2;255;107;53m│[39m [38;2;35;35;46m│[39m [38;2;74;74;88mBUILTIN[39m                                                       [38;2;35;35;46m│[39m [38;2;35;35;46m│[39m
[38;2;35;35;46m│[39m [38;2;255;107;53m│[39m [38;2;138;138;154mstate[39m        [38;2;255;107;53mRUNNING[39m                 [38;2;255;107;53m│[39m [38;2;35;35;46m│[39m [38;2;56;189;248mRead  Glob  Grep  Write  Edit  Bash  WebFetch  WebSearch[39m      [38;2;35;35;46m│[39m [38;2;35;35;46m│[39m
[38;2;35;35;46m│[39m [38;2;255;107;53m│[39m [38;2;138;138;154mphase[39m        [38;2;232;232;240mcoding [38;2;255;107;53m▪ structured[39m     [38;2;255;107;53m│[39m [38;2;35;35;46m│[39m [38;2;74;74;88mMCP SERVERS[39m                                                   [38;2;35;35;46m│[39m [38;2;35;35;46m│[39m
[38;2;35;35;46m│[39m [38;2;255;107;53m│[39m [38;2;138;138;154mmodel[39m     [38;2;232;232;240mkimi/kimi-for-coding · [39m    [38;2;255;107;53m│[39m [38;2;35;35;46m│[39m [38;2;255;62;138mcontext7  memory  auto-claude[39m                                 [38;2;35;35;46m│[39m [38;2;35;35;46m│[39m
[38;2;35;35;46m│[39m [38;2;255;107;53m│[39m           [38;2;232;232;240mthinking:low[39m               [38;2;255;107;53m│[39m [38;2;35;35;46m│[39m [38;2;74;74;88mAUTO-CLAUDE MCP[39m                                               [38;2;35;35;46m│[39m [38;2;35;35;46m│[39m
[38;2;35;35;46m│[39m [38;2;255;107;53m│[39m [38;2;138;138;154msteps[39m        [38;2;232;232;240m0/1000[39m                  [38;2;255;107;53m│[39m [38;2;35;35;46m│[39m [38;2;255;107;53mmcp__auto-claude__update_subtask_status  [39m                     [38;2;35;35;46m│[39m [38;2;35;35;46m│[39m
[38;2;35;35;46m│[39m [38;2;255;107;53m│[39m [38;2;138;138;154msession[39m      [38;2;232;232;240m#1 · continuations 0/5[39m  [38;2;255;107;53m│[39m [38;2;35;35;46m│[39m [38;2;255;107;53mmcp__auto-claude__get_build_progress  [39m                        [38;2;35;35;46m│[39m [38;2;35;35;46m│[39m
[38;2;35;35;46m│[39m [38;2;255;107;53m│[39m [38;2;138;138;154melapsed[39m      [38;2;138;138;154m15s[39m                     [38;2;255;107;53m│[39m [38;2;35;35;46m│[39m [38;2;255;107;53mmcp__auto-claude__record_discovery  [39m                          [38;2;35;35;46m│[39m [38;2;35;35;46m│[39m
[38;2;35;35;46m│[39m [38;2;255;107;53m│[39m [38;2;138;138;154mlast[39m         [38;2;74;74;88mIteration 1 (coding)[39m    [38;2;255;107;53m│[39m [38;2;35;35;46m│[39m [38;2;255;107;53mmcp__auto-claude__record_gotcha  [39m                             [38;2;35;35;46m│[39m [38;2;35;35;46m│[39m
[38;2;35;35;46m│[39m [38;2;255;107;53m└──────────────────────────────────────┘[39m [38;2;35;35;46m│[39m [38;2;255;107;53mmcp__auto-claude__get_session_context[39m                         [38;2;35;35;46m│[39m [38;2;35;35;46m│[39m
[38;2;35;35;46m│[39m                                          [38;2;35;35;46m│[39m                                                               [38;2;35;35;46m│[39m [38;2;35;35;46m│[39m
[38;2;35;35;46m│[39m [38;2;35;35;46m┌──────────────────────────────────────┐[39m [38;2;35;35;46m│[39m [38;2;74;74;88mgrants resolved from AGENT_CONFIGS[coder][39m                     [38;2;35;35;46m│[39m [38;2;35;35;46m│[39m
[38;2;35;35;46m│[39m [38;2;35;35;46m│[39m [38;2;138;138;154mWAIT STATE[39m                           [38;2;35;35;46m│[39m [38;2;35;35;46m│[39m [38;2;74;74;88mwrites contained to allowedWritePaths[39m                         [38;2;35;35;46m│[39m [38;2;35;35;46m│[39m
[38;2;35;35;46m│[39m [38;2;35;35;46m│[39m [38;2;61;220;132m● executing — not blocked[39m            [38;2;35;35;46m│[39m [38;2;35;35;46m│[39m                                                               [38;2;35;35;46m│[39m [38;2;35;35;46m│[39m
[38;2;35;35;46m│[39m [38;2;35;35;46m└──────────────────────────────────────┘[39m [38;2;35;35;46m│[39m                                                               [38;2;35;35;46m│[39m [38;2;35;35;46m│[39m
[38;2;35;35;46m│[39m                                          [38;2;35;35;46m│[39m                                                               [38;2;35;35;46m│[39m [38;2;35;35;46m│[39m
[38;2;35;35;46m│[39m [38;2;35;35;46m┌──────────────────────────────────────┐[39m [38;2;35;35;46m│[39m                                                               [38;2;35;35;46m│[39m [38;2;35;35;46m│[39m
[38;2;35;35;46m│[39m [38;2;35;35;46m│[39m [38;2;138;138;154mTOKEN / CONTEXT[39m                      [38;2;35;35;46m│[39m [38;2;35;35;46m│[39m                                                               [38;2;35;35;46m│[39m [38;2;35;35;46m│[39m
[38;2;35;35;46m│[39m [38;2;35;35;46m│[39m [38;2;61;220;132m░░░░░░░░░░░░░░░░░░░░░░░░░░░░░░[39m       [38;2;35;35;46m│[39m [38;2;35;35;46m│[39m                                                               [38;2;35;35;46m│[39m [38;2;35;35;46m│[39m
[38;2;35;35;46m│[39m [38;2;35;35;46m│[39m [38;2;138;138;154m0 / 200.0k · 0%[39m                      [38;2;35;35;46m│[39m [38;2;35;35;46m│[39m                                                               [38;2;35;35;46m│[39m [38;2;35;35;46m│[39m
[38;2;35;35;46m│[39m [38;2;35;35;46m│[39m [38;2;74;74;88mwarn @70% · continuation @90% · hard [38;2;35;35;46m│[39m [38;2;35;35;46m│[39m                                                               [38;2;35;35;46m│[39m [38;2;35;35;46m│[39m
[38;2;35;35;46m│[39m [38;2;35;35;46m│[39m [38;2;74;74;88mabort @95%[39m                           [38;2;35;35;46m│[39m [38;2;35;35;46m│[39m                                                               [38;2;35;35;46m│[39m [38;2;35;35;46m│[39m
[38;2;35;35;46m│[39m [38;2;35;35;46m│[39m [38;2;138;138;154mprompt[39m       [38;2;232;232;240m0[39m                       [38;2;35;35;46m│[39m [38;2;35;35;46m│[39m                                                               [38;2;35;35;46m│[39m [38;2;35;35;46m│[39m
[38;2;35;35;46m│[39m [38;2;35;35;46m│[39m [38;2;138;138;154mcompletion[39m   [38;2;232;232;240m0[39m                       [38;2;35;35;46m│[39m [38;2;35;35;46m│[39m                                                               [38;2;35;35;46m│[39m [38;2;35;35;46m│[39m
[38;2;35;35;46m│[39m [38;2;35;35;46m│[39m [38;2;138;138;154mthinking[39m     [38;2;56;189;248m0[39m                       [38;2;35;35;46m│[39m [38;2;35;35;46m│[39m                                                               [38;2;35;35;46m│[39m [38;2;35;35;46m│[39m
[38;2;35;35;46m│[39m [38;2;35;35;46m│[39m [38;2;138;138;154mcache hit[39m    [38;2;61;220;132m░░░░░░░░░░ 0%[39m           [38;2;35;35;46m│[39m [38;2;35;35;46m│[39m                                                               [38;2;35;35;46m│[39m [38;2;35;35;46m│[39m
[38;2;35;35;46m│[39m [38;2;35;35;46m│[39m [38;2;138;138;154mtotal[39m        [38;2;255;107;53m0[39m                       [38;2;35;35;46m│[39m [38;2;35;35;46m│[39m                                                               [38;2;35;35;46m│[39m [38;2;35;35;46m│[39m
[38;2;35;35;46m│[39m [38;2;35;35;46m└──────────────────────────────────────┘[39m [38;2;35;35;46m└───────────────────────────────────────────────────────────────┘[39m [38;2;35;35;46m│[39m
[38;2;35;35;46m│[1m[48;2;255;107;53m[38;2;5;5;7m AGENTS [39m[49m[22m [38;2;138;138;154m1-6 sub-view · j/k select · ⏎ inspect · f filter · r resume[39m                           [38;2;255;107;53m:[38;2;74;74;88m cmd  [38;2;255;107;53m?[38;2;74;74;88m help[38;2;35;35;46m│[39m
[38;2;35;35;46m└────────────────────────────────────────────────────────────────────────────────────────────────────────────┘[39m[2J[3J[H[38;2;35;35;46m┌────────────────────────────────────────────────────────────────────────────────────────────────────────────┐[39m
[38;2;35;35;46m│[1m[38;2;255;107;53mAPERANT[39m[22m [38;2;74;74;88m│[39m [38;2;138;138;154maperant-fixture[39m [38;2;74;74;88m/tmp/aperant-fixture[39m [38;2;74;74;88m│[39m [38;2;56;189;248m⑂ develop[39m             [38;2;255;107;53m◉[38;2;138;138;154m 1 running[39m  [38;2;255;176;0m◆[38;2;138;138;154m 0 review[39m  [38;2;61;220;132m●[38;2;138;138;154m no profile[38;2;35;35;46m│[39m
[38;2;35;35;46m│[39m [38;2;138;138;154m 1 board [39m  [38;2;138;138;154m 2 term [39m  [38;2;138;138;154m 3 road [39m  [38;2;138;138;154m 4 chat [39m  [38;2;138;138;154m 5 tree [39m  [38;2;138;138;154m 6 set [39m  [1m[48;2;255;107;53m[38;2;5;5;7m 7 agents [39m[49m[22m                                     [38;2;35;35;46m│[39m
[38;2;35;35;46m│[39m [38;2;138;138;154m 1 swarm [39m [38;2;138;138;154m 2 graph [39m [1m[48;2;255;107;53m[38;2;5;5;7m 3 inspect [39m[49m[22m [38;2;138;138;154m 4 trace [39m [38;2;138;138;154m 5 tokens [39m [38;2;138;138;154m 6 waits [39m [38;2;74;74;88m1 agent · esc then 1-7 to switch tabs[39m       [38;2;35;35;46m│[39m
[38;2;35;35;46m│[39m                                                                                                            [38;2;35;35;46m│[39m
[38;2;35;35;46m│[39m [38;2;255;107;53m┌──────────────────────────────────────┐[39m [38;2;35;35;46m┌───────────────────────────────────────────────────────────────┐[39m [38;2;35;35;46m│[39m
[38;2;35;35;46m│[39m [38;2;255;107;53m│[39m [1m[38;2;255;107;53mAGENT · 002-fix-terminal-bla[39m[22m         [38;2;255;107;53m│[39m [38;2;35;35;46m│[39m [38;2;138;138;154mTOOL GRANTS (from AGENT_CONFIGS)[39m                              [38;2;35;35;46m│[39m [38;2;35;35;46m│[39m
[38;2;35;35;46m│[39m [38;2;255;107;53m│[39m [38;2;138;138;154mtype[39m         [38;2;255;107;53mcoder[39m                   [38;2;255;107;53m│[39m [38;2;35;35;46m│[39m [38;2;74;74;88mBUILTIN[39m                                                       [38;2;35;35;46m│[39m [38;2;35;35;46m│[39m
[38;2;35;35;46m│[39m [38;2;255;107;53m│[39m [38;2;138;138;154mstate[39m        [38;2;255;107;53mRUNNING[39m                 [38;2;255;107;53m│[39m [38;2;35;35;46m│[39m [38;2;56;189;248mRead  Glob  Grep  Write  Edit  Bash  WebFetch  WebSearch[39m      [38;2;35;35;46m│[39m [38;2;35;35;46m│[39m
[38;2;35;35;46m│[39m [38;2;255;107;53m│[39m [38;2;138;138;154mphase[39m        [38;2;232;232;240mcoding [38;2;255;107;53m▪ structured[39m     [38;2;255;107;53m│[39m [38;2;35;35;46m│[39m [38;2;74;74;88mMCP SERVERS[39m                                                   [38;2;35;35;46m│[39m [38;2;35;35;46m│[39m
[38;2;35;35;46m│[39m [38;2;255;107;53m│[39m [38;2;138;138;154mmodel[39m     [38;2;232;232;240mkimi/kimi-for-coding · [39m    [38;2;255;107;53m│[39m [38;2;35;35;46m│[39m [38;2;255;62;138mcontext7  memory  auto-claude[39m                                 [38;2;35;35;46m│[39m [38;2;35;35;46m│[39m
[38;2;35;35;46m│[39m [38;2;255;107;53m│[39m           [38;2;232;232;240mthinking:low[39m               [38;2;255;107;53m│[39m [38;2;35;35;46m│[39m [38;2;74;74;88mAUTO-CLAUDE MCP[39m                                               [38;2;35;35;46m│[39m [38;2;35;35;46m│[39m
[38;2;35;35;46m│[39m [38;2;255;107;53m│[39m [38;2;138;138;154msteps[39m        [38;2;232;232;240m0/1000[39m                  [38;2;255;107;53m│[39m [38;2;35;35;46m│[39m [38;2;255;107;53mmcp__auto-claude__update_subtask_status  [39m                     [38;2;35;35;46m│[39m [38;2;35;35;46m│[39m
[38;2;35;35;46m│[39m [38;2;255;107;53m│[39m [38;2;138;138;154msession[39m      [38;2;232;232;240m#1 · continuations 0/5[39m  [38;2;255;107;53m│[39m [38;2;35;35;46m│[39m [38;2;255;107;53mmcp__auto-claude__get_build_progress  [39m                        [38;2;35;35;46m│[39m [38;2;35;35;46m│[39m
[38;2;35;35;46m│[39m [38;2;255;107;53m│[39m [38;2;138;138;154melapsed[39m      [38;2;138;138;154m16s[39m                     [38;2;255;107;53m│[39m [38;2;35;35;46m│[39m [38;2;255;107;53mmcp__auto-claude__record_discovery  [39m                          [38;2;35;35;46m│[39m [38;2;35;35;46m│[39m
[38;2;35;35;46m│[39m [38;2;255;107;53m│[39m [38;2;138;138;154mlast[39m         [38;2;74;74;88mIteration 1 (coding)[39m    [38;2;255;107;53m│[39m [38;2;35;35;46m│[39m [38;2;255;107;53mmcp__auto-claude__record_gotcha  [39m                             [38;2;35;35;46m│[39m [38;2;35;35;46m│[39m
[38;2;35;35;46m│[39m [38;2;255;107;53m└──────────────────────────────────────┘[39m [38;2;35;35;46m│[39m [38;2;255;107;53mmcp__auto-claude__get_session_context[39m                         [38;2;35;35;46m│[39m [38;2;35;35;46m│[39m
[38;2;35;35;46m│[39m                                          [38;2;35;35;46m│[39m                                                               [38;2;35;35;46m│[39m [38;2;35;35;46m│[39m
[38;2;35;35;46m│[39m [38;2;35;35;46m┌──────────────────────────────────────┐[39m [38;2;35;35;46m│[39m [38;2;74;74;88mgrants resolved from AGENT_CONFIGS[coder][39m                     [38;2;35;35;46m│[39m [38;2;35;35;46m│[39m
[38;2;35;35;46m│[39m [38;2;35;35;46m│[39m [38;2;138;138;154mWAIT STATE[39m                           [38;2;35;35;46m│[39m [38;2;35;35;46m│[39m [38;2;74;74;88mwrites contained to allowedWritePaths[39m                         [38;2;35;35;46m│[39m [38;2;35;35;46m│[39m
[38;2;35;35;46m│[39m [38;2;35;35;46m│[39m [38;2;61;220;132m● executing — not blocked[39m            [38;2;35;35;46m│[39m [38;2;35;35;46m│[39m                                                               [38;2;35;35;46m│[39m [38;2;35;35;46m│[39m
[38;2;35;35;46m│[39m [38;2;35;35;46m└──────────────────────────────────────┘[39m [38;2;35;35;46m│[39m                                                               [38;2;35;35;46m│[39m [38;2;35;35;46m│[39m
[38;2;35;35;46m│[39m                                          [38;2;35;35;46m│[39m                                                               [38;2;35;35;46m│[39m [38;2;35;35;46m│[39m
[38;2;35;35;46m│[39m [38;2;35;35;46m┌──────────────────────────────────────┐[39m [38;2;35;35;46m│[39m                                                               [38;2;35;35;46m│[39m [38;2;35;35;46m│[39m
[38;2;35;35;46m│[39m [38;2;35;35;46m│[39m [38;2;138;138;154mTOKEN / CONTEXT[39m                      [38;2;35;35;46m│[39m [38;2;35;35;46m│[39m                                                               [38;2;35;35;46m│[39m [38;2;35;35;46m│[39m
[38;2;35;35;46m│[39m [38;2;35;35;46m│[39m [38;2;61;220;132m░░░░░░░░░░░░░░░░░░░░░░░░░░░░░░[39m       [38;2;35;35;46m│[39m [38;2;35;35;46m│[39m                                                               [38;2;35;35;46m│[39m [38;2;35;35;46m│[39m
[38;2;35;35;46m│[39m [38;2;35;35;46m│[39m [38;2;138;138;154m0 / 200.0k · 0%[39m                      [38;2;35;35;46m│[39m [38;2;35;35;46m│[39m                                                               [38;2;35;35;46m│[39m [38;2;35;35;46m│[39m
[38;2;35;35;46m│[39m [38;2;35;35;46m│[39m [38;2;74;74;88mwarn @70% · continuation @90% · hard [38;2;35;35;46m│[39m [38;2;35;35;46m│[39m                                                               [38;2;35;35;46m│[39m [38;2;35;35;46m│[39m
[38;2;35;35;46m│[39m [38;2;35;35;46m│[39m [38;2;74;74;88mabort @95%[39m                           [38;2;35;35;46m│[39m [38;2;35;35;46m│[39m                                                               [38;2;35;35;46m│[39m [38;2;35;35;46m│[39m
[38;2;35;35;46m│[39m [38;2;35;35;46m│[39m [38;2;138;138;154mprompt[39m       [38;2;232;232;240m0[39m                       [38;2;35;35;46m│[39m [38;2;35;35;46m│[39m                                                               [38;2;35;35;46m│[39m [38;2;35;35;46m│[39m
[38;2;35;35;46m│[39m [38;2;35;35;46m│[39m [38;2;138;138;154mcompletion[39m   [38;2;232;232;240m0[39m                       [38;2;35;35;46m│[39m [38;2;35;35;46m│[39m                                                               [38;2;35;35;46m│[39m [38;2;35;35;46m│[39m
[38;2;35;35;46m│[39m [38;2;35;35;46m│[39m [38;2;138;138;154mthinking[39m     [38;2;56;189;248m0[39m                       [38;2;35;35;46m│[39m [38;2;35;35;46m│[39m                                                               [38;2;35;35;46m│[39m [38;2;35;35;46m│[39m
[38;2;35;35;46m│[39m [38;2;35;35;46m│[39m [38;2;138;138;154mcache hit[39m    [38;2;61;220;132m░░░░░░░░░░ 0%[39m           [38;2;35;35;46m│[39m [38;2;35;35;46m│[39m                                                               [38;2;35;35;46m│[39m [38;2;35;35;46m│[39m
[38;2;35;35;46m│[39m [38;2;35;35;46m│[39m [38;2;138;138;154mtotal[39m        [38;2;255;107;53m0[39m                       [38;2;35;35;46m│[39m [38;2;35;35;46m│[39m                                                               [38;2;35;35;46m│[39m [38;2;35;35;46m│[39m
[38;2;35;35;46m│[39m [38;2;35;35;46m└──────────────────────────────────────┘[39m [38;2;35;35;46m└───────────────────────────────────────────────────────────────┘[39m [38;2;35;35;46m│[39m
[38;2;35;35;46m│[1m[48;2;255;107;53m[38;2;5;5;7m AGENTS [39m[49m[22m [38;2;138;138;154m1-6 sub-view · j/k select · ⏎ inspect · f filter · r resume[39m                           [38;2;255;107;53m:[38;2;74;74;88m cmd  [38;2;255;107;53m?[38;2;74;74;88m help[38;2;35;35;46m│[39m
[38;2;35;35;46m└────────────────────────────────────────────────────────────────────────────────────────────────────────────┘[39m[2J[3J[H[38;2;35;35;46m┌────────────────────────────────────────────────────────────────────────────────────────────────────────────┐[39m
[38;2;35;35;46m│[1m[38;2;255;107;53mAPERANT[39m[22m [38;2;74;74;88m│[39m [38;2;138;138;154maperant-fixture[39m [38;2;74;74;88m/tmp/aperant-fixture[39m [38;2;74;74;88m│[39m [38;2;56;189;248m⑂ develop[39m             [38;2;255;107;53m◉[38;2;138;138;154m 1 running[39m  [38;2;255;176;0m◆[38;2;138;138;154m 0 review[39m  [38;2;61;220;132m●[38;2;138;138;154m no profile[38;2;35;35;46m│[39m
[38;2;35;35;46m│[39m [38;2;138;138;154m 1 board [39m  [38;2;138;138;154m 2 term [39m  [38;2;138;138;154m 3 road [39m  [38;2;138;138;154m 4 chat [39m  [38;2;138;138;154m 5 tree [39m  [38;2;138;138;154m 6 set [39m  [1m[48;2;255;107;53m[38;2;5;5;7m 7 agents [39m[49m[22m                                     [38;2;35;35;46m│[39m
[38;2;35;35;46m│[39m [38;2;138;138;154m 1 swarm [39m [38;2;138;138;154m 2 graph [39m [1m[48;2;255;107;53m[38;2;5;5;7m 3 inspect [39m[49m[22m [38;2;138;138;154m 4 trace [39m [38;2;138;138;154m 5 tokens [39m [38;2;138;138;154m 6 waits [39m [38;2;74;74;88m1 agent · esc then 1-7 to switch tabs[39m       [38;2;35;35;46m│[39m
[38;2;35;35;46m│[39m                                                                                                            [38;2;35;35;46m│[39m
[38;2;35;35;46m│[39m [38;2;255;107;53m┌──────────────────────────────────────┐[39m [38;2;35;35;46m┌───────────────────────────────────────────────────────────────┐[39m [38;2;35;35;46m│[39m
[38;2;35;35;46m│[39m [38;2;255;107;53m│[39m [1m[38;2;255;107;53mAGENT · 002-fix-terminal-bla[39m[22m         [38;2;255;107;53m│[39m [38;2;35;35;46m│[39m [38;2;138;138;154mTOOL GRANTS (from AGENT_CONFIGS)[39m                              [38;2;35;35;46m│[39m [38;2;35;35;46m│[39m
[38;2;35;35;46m│[39m [38;2;255;107;53m│[39m [38;2;138;138;154mtype[39m         [38;2;255;107;53mcoder[39m                   [38;2;255;107;53m│[39m [38;2;35;35;46m│[39m [38;2;74;74;88mBUILTIN[39m                                                       [38;2;35;35;46m│[39m [38;2;35;35;46m│[39m
[38;2;35;35;46m│[39m [38;2;255;107;53m│[39m [38;2;138;138;154mstate[39m        [38;2;255;107;53mRUNNING[39m                 [38;2;255;107;53m│[39m [38;2;35;35;46m│[39m [38;2;56;189;248mRead  Glob  Grep  Write  Edit  Bash  WebFetch  WebSearch[39m      [38;2;35;35;46m│[39m [38;2;35;35;46m│[39m
[38;2;35;35;46m│[39m [38;2;255;107;53m│[39m [38;2;138;138;154mphase[39m        [38;2;232;232;240mcoding [38;2;255;107;53m▪ structured[39m     [38;2;255;107;53m│[39m [38;2;35;35;46m│[39m [38;2;74;74;88mMCP SERVERS[39m                                                   [38;2;35;35;46m│[39m [38;2;35;35;46m│[39m
[38;2;35;35;46m│[39m [38;2;255;107;53m│[39m [38;2;138;138;154mmodel[39m     [38;2;232;232;240mkimi/kimi-for-coding · [39m    [38;2;255;107;53m│[39m [38;2;35;35;46m│[39m [38;2;255;62;138mcontext7  memory  auto-claude[39m                                 [38;2;35;35;46m│[39m [38;2;35;35;46m│[39m
[38;2;35;35;46m│[39m [38;2;255;107;53m│[39m           [38;2;232;232;240mthinking:low[39m               [38;2;255;107;53m│[39m [38;2;35;35;46m│[39m [38;2;74;74;88mAUTO-CLAUDE MCP[39m                                               [38;2;35;35;46m│[39m [38;2;35;35;46m│[39m
[38;2;35;35;46m│[39m [38;2;255;107;53m│[39m [38;2;138;138;154msteps[39m        [38;2;232;232;240m0/1000[39m                  [38;2;255;107;53m│[39m [38;2;35;35;46m│[39m [38;2;255;107;53mmcp__auto-claude__update_subtask_status  [39m                     [38;2;35;35;46m│[39m [38;2;35;35;46m│[39m
[38;2;35;35;46m│[39m [38;2;255;107;53m│[39m [38;2;138;138;154msession[39m      [38;2;232;232;240m#1 · continuations 0/5[39m  [38;2;255;107;53m│[39m [38;2;35;35;46m│[39m [38;2;255;107;53mmcp__auto-claude__get_build_progress  [39m                        [38;2;35;35;46m│[39m [38;2;35;35;46m│[39m
[38;2;35;35;46m│[39m [38;2;255;107;53m│[39m [38;2;138;138;154melapsed[39m      [38;2;138;138;154m16s[39m                     [38;2;255;107;53m│[39m [38;2;35;35;46m│[39m [38;2;255;107;53mmcp__auto-claude__record_discovery  [39m                          [38;2;35;35;46m│[39m [38;2;35;35;46m│[39m
[38;2;35;35;46m│[39m [38;2;255;107;53m│[39m [38;2;138;138;154mlast[39m         [38;2;74;74;88mIteration 1 (coding)[39m    [38;2;255;107;53m│[39m [38;2;35;35;46m│[39m [38;2;255;107;53mmcp__auto-claude__record_gotcha  [39m                             [38;2;35;35;46m│[39m [38;2;35;35;46m│[39m
[38;2;35;35;46m│[39m [38;2;255;107;53m└──────────────────────────────────────┘[39m [38;2;35;35;46m│[39m [38;2;255;107;53mmcp__auto-claude__get_session_context[39m                         [38;2;35;35;46m│[39m [38;2;35;35;46m│[39m
[38;2;35;35;46m│[39m                                          [38;2;35;35;46m│[39m                                                               [38;2;35;35;46m│[39m [38;2;35;35;46m│[39m
[38;2;35;35;46m│[39m [38;2;35;35;46m┌──────────────────────────────────────┐[39m [38;2;35;35;46m│[39m [38;2;74;74;88mgrants resolved from AGENT_CONFIGS[coder][39m                     [38;2;35;35;46m│[39m [38;2;35;35;46m│[39m
[38;2;35;35;46m│[39m [38;2;35;35;46m│[39m [38;2;138;138;154mWAIT STATE[39m                           [38;2;35;35;46m│[39m [38;2;35;35;46m│[39m [38;2;74;74;88mwrites contained to allowedWritePaths[39m                         [38;2;35;35;46m│[39m [38;2;35;35;46m│[39m
[38;2;35;35;46m│[39m [38;2;35;35;46m│[39m [38;2;61;220;132m● executing — not blocked[39m            [38;2;35;35;46m│[39m [38;2;35;35;46m│[39m                                                               [38;2;35;35;46m│[39m [38;2;35;35;46m│[39m
[38;2;35;35;46m│[39m [38;2;35;35;46m└──────────────────────────────────────┘[39m [38;2;35;35;46m│[39m                                                               [38;2;35;35;46m│[39m [38;2;35;35;46m│[39m
[38;2;35;35;46m│[39m                                          [38;2;35;35;46m│[39m                                                               [38;2;35;35;46m│[39m [38;2;35;35;46m│[39m
[38;2;35;35;46m│[39m [38;2;35;35;46m┌──────────────────────────────────────┐[39m [38;2;35;35;46m│[39m                                                               [38;2;35;35;46m│[39m [38;2;35;35;46m│[39m
[38;2;35;35;46m│[39m [38;2;35;35;46m│[39m [38;2;138;138;154mTOKEN / CONTEXT[39m                      [38;2;35;35;46m│[39m [38;2;35;35;46m│[39m                                                               [38;2;35;35;46m│[39m [38;2;35;35;46m│[39m
[38;2;35;35;46m│[39m [38;2;35;35;46m│[39m [38;2;61;220;132m░░░░░░░░░░░░░░░░░░░░░░░░░░░░░░[39m       [38;2;35;35;46m│[39m [38;2;35;35;46m│[39m                                                               [38;2;35;35;46m│[39m [38;2;35;35;46m│[39m
[38;2;35;35;46m│[39m [38;2;35;35;46m│[39m [38;2;138;138;154m0 / 200.0k · 0%[39m                      [38;2;35;35;46m│[39m [38;2;35;35;46m│[39m                                                               [38;2;35;35;46m│[39m [38;2;35;35;46m│[39m
[38;2;35;35;46m│[39m [38;2;35;35;46m│[39m [38;2;74;74;88mwarn @70% · continuation @90% · hard [38;2;35;35;46m│[39m [38;2;35;35;46m│[39m                                                               [38;2;35;35;46m│[39m [38;2;35;35;46m│[39m
[38;2;35;35;46m│[39m [38;2;35;35;46m│[39m [38;2;74;74;88mabort @95%[39m                           [38;2;35;35;46m│[39m [38;2;35;35;46m│[39m                                                               [38;2;35;35;46m│[39m [38;2;35;35;46m│[39m
[38;2;35;35;46m│[39m [38;2;35;35;46m│[39m [38;2;138;138;154mprompt[39m       [38;2;232;232;240m0[39m                       [38;2;35;35;46m│[39m [38;2;35;35;46m│[39m                                                               [38;2;35;35;46m│[39m [38;2;35;35;46m│[39m
[38;2;35;35;46m│[39m [38;2;35;35;46m│[39m [38;2;138;138;154mcompletion[39m   [38;2;232;232;240m0[39m                       [38;2;35;35;46m│[39m [38;2;35;35;46m│[39m                                                               [38;2;35;35;46m│[39m [38;2;35;35;46m│[39m
[38;2;35;35;46m│[39m [38;2;35;35;46m│[39m [38;2;138;138;154mthinking[39m     [38;2;56;189;248m0[39m                       [38;2;35;35;46m│[39m [38;2;35;35;46m│[39m                                                               [38;2;35;35;46m│[39m [38;2;35;35;46m│[39m
[38;2;35;35;46m│[39m [38;2;35;35;46m│[39m [38;2;138;138;154mcache hit[39m    [38;2;61;220;132m░░░░░░░░░░ 0%[39m           [38;2;35;35;46m│[39m [38;2;35;35;46m│[39m                                                               [38;2;35;35;46m│[39m [38;2;35;35;46m│[39m
[38;2;35;35;46m│[39m [38;2;35;35;46m│[39m [38;2;138;138;154mtotal[39m        [38;2;255;107;53m0[39m                       [38;2;35;35;46m│[39m [38;2;35;35;46m│[39m                                                               [38;2;35;35;46m│[39m [38;2;35;35;46m│[39m
[38;2;35;35;46m│[39m [38;2;35;35;46m└──────────────────────────────────────┘[39m [38;2;35;35;46m└───────────────────────────────────────────────────────────────┘[39m [38;2;35;35;46m│[39m
[38;2;35;35;46m│[1m[48;2;255;107;53m[38;2;5;5;7m AGENTS [39m[49m[22m [38;2;138;138;154m1-6 sub-view · j/k select · ⏎ inspect · f filter · r resume[39m                           [38;2;255;107;53m:[38;2;74;74;88m cmd  [38;2;255;107;53m?[38;2;74;74;88m help[38;2;35;35;46m│[39m
[38;2;35;35;46m└────────────────────────────────────────────────────────────────────────────────────────────────────────────┘[39m[2J[3J[H[38;2;35;35;46m┌────────────────────────────────────────────────────────────────────────────────────────────────────────────┐[39m
[38;2;35;35;46m│[1m[38;2;255;107;53mAPERANT[39m[22m [38;2;74;74;88m│[39m [38;2;138;138;154maperant-fixture[39m [38;2;74;74;88m/tmp/aperant-fixture[39m [38;2;74;74;88m│[39m [38;2;56;189;248m⑂ develop[39m             [38;2;255;107;53m◉[38;2;138;138;154m 1 running[39m  [38;2;255;176;0m◆[38;2;138;138;154m 0 review[39m  [38;2;61;220;132m●[38;2;138;138;154m no profile[38;2;35;35;46m│[39m
[38;2;35;35;46m│[39m [38;2;138;138;154m 1 board [39m  [38;2;138;138;154m 2 term [39m  [38;2;138;138;154m 3 road [39m  [38;2;138;138;154m 4 chat [39m  [38;2;138;138;154m 5 tree [39m  [38;2;138;138;154m 6 set [39m  [1m[48;2;255;107;53m[38;2;5;5;7m 7 agents [39m[49m[22m                                     [38;2;35;35;46m│[39m
[38;2;35;35;46m│[39m [38;2;138;138;154m 1 swarm [39m [38;2;138;138;154m 2 graph [39m [1m[48;2;255;107;53m[38;2;5;5;7m 3 inspect [39m[49m[22m [38;2;138;138;154m 4 trace [39m [38;2;138;138;154m 5 tokens [39m [38;2;138;138;154m 6 waits [39m [38;2;74;74;88m1 agent · esc then 1-7 to switch tabs[39m       [38;2;35;35;46m│[39m
[38;2;35;35;46m│[39m                                                                                                            [38;2;35;35;46m│[39m
[38;2;35;35;46m│[39m [38;2;255;107;53m┌──────────────────────────────────────┐[39m [38;2;35;35;46m┌───────────────────────────────────────────────────────────────┐[39m [38;2;35;35;46m│[39m
[38;2;35;35;46m│[39m [38;2;255;107;53m│[39m [1m[38;2;255;107;53mAGENT · 002-fix-terminal-bla[39m[22m         [38;2;255;107;53m│[39m [38;2;35;35;46m│[39m [38;2;138;138;154mTOOL GRANTS (from AGENT_CONFIGS)[39m                              [38;2;35;35;46m│[39m [38;2;35;35;46m│[39m
[38;2;35;35;46m│[39m [38;2;255;107;53m│[39m [38;2;138;138;154mtype[39m         [38;2;255;107;53mcoder[39m                   [38;2;255;107;53m│[39m [38;2;35;35;46m│[39m [38;2;74;74;88mBUILTIN[39m                                                       [38;2;35;35;46m│[39m [38;2;35;35;46m│[39m
[38;2;35;35;46m│[39m [38;2;255;107;53m│[39m [38;2;138;138;154mstate[39m        [38;2;255;107;53mRUNNING[39m                 [38;2;255;107;53m│[39m [38;2;35;35;46m│[39m [38;2;56;189;248mRead  Glob  Grep  Write  Edit  Bash  WebFetch  WebSearch[39m      [38;2;35;35;46m│[39m [38;2;35;35;46m│[39m
[38;2;35;35;46m│[39m [38;2;255;107;53m│[39m [38;2;138;138;154mphase[39m        [38;2;232;232;240mcoding [38;2;255;107;53m▪ structured[39m     [38;2;255;107;53m│[39m [38;2;35;35;46m│[39m [38;2;74;74;88mMCP SERVERS[39m                                                   [38;2;35;35;46m│[39m [38;2;35;35;46m│[39m
[38;2;35;35;46m│[39m [38;2;255;107;53m│[39m [38;2;138;138;154mmodel[39m     [38;2;232;232;240mkimi/kimi-for-coding · [39m    [38;2;255;107;53m│[39m [38;2;35;35;46m│[39m [38;2;255;62;138mcontext7  memory  auto-claude[39m                                 [38;2;35;35;46m│[39m [38;2;35;35;46m│[39m
[38;2;35;35;46m│[39m [38;2;255;107;53m│[39m           [38;2;232;232;240mthinking:low[39m               [38;2;255;107;53m│[39m [38;2;35;35;46m│[39m [38;2;74;74;88mAUTO-CLAUDE MCP[39m                                               [38;2;35;35;46m│[39m [38;2;35;35;46m│[39m
[38;2;35;35;46m│[39m [38;2;255;107;53m│[39m [38;2;138;138;154msteps[39m        [38;2;232;232;240m0/1000[39m                  [38;2;255;107;53m│[39m [38;2;35;35;46m│[39m [38;2;255;107;53mmcp__auto-claude__update_subtask_status  [39m                     [38;2;35;35;46m│[39m [38;2;35;35;46m│[39m
[38;2;35;35;46m│[39m [38;2;255;107;53m│[39m [38;2;138;138;154msession[39m      [38;2;232;232;240m#1 · continuations 0/5[39m  [38;2;255;107;53m│[39m [38;2;35;35;46m│[39m [38;2;255;107;53mmcp__auto-claude__get_build_progress  [39m                        [38;2;35;35;46m│[39m [38;2;35;35;46m│[39m
[38;2;35;35;46m│[39m [38;2;255;107;53m│[39m [38;2;138;138;154melapsed[39m      [38;2;138;138;154m17s[39m                     [38;2;255;107;53m│[39m [38;2;35;35;46m│[39m [38;2;255;107;53mmcp__auto-claude__record_discovery  [39m                          [38;2;35;35;46m│[39m [38;2;35;35;46m│[39m
[38;2;35;35;46m│[39m [38;2;255;107;53m│[39m [38;2;138;138;154mlast[39m         [38;2;74;74;88mIteration 1 (coding)[39m    [38;2;255;107;53m│[39m [38;2;35;35;46m│[39m [38;2;255;107;53mmcp__auto-claude__record_gotcha  [39m                             [38;2;35;35;46m│[39m [38;2;35;35;46m│[39m
[38;2;35;35;46m│[39m [38;2;255;107;53m└──────────────────────────────────────┘[39m [38;2;35;35;46m│[39m [38;2;255;107;53mmcp__auto-claude__get_session_context[39m                         [38;2;35;35;46m│[39m [38;2;35;35;46m│[39m
[38;2;35;35;46m│[39m                                          [38;2;35;35;46m│[39m                                                               [38;2;35;35;46m│[39m [38;2;35;35;46m│[39m
[38;2;35;35;46m│[39m [38;2;35;35;46m┌──────────────────────────────────────┐[39m [38;2;35;35;46m│[39m [38;2;74;74;88mgrants resolved from AGENT_CONFIGS[coder][39m                     [38;2;35;35;46m│[39m [38;2;35;35;46m│[39m
[38;2;35;35;46m│[39m [38;2;35;35;46m│[39m [38;2;138;138;154mWAIT STATE[39m                           [38;2;35;35;46m│[39m [38;2;35;35;46m│[39m [38;2;74;74;88mwrites contained to allowedWritePaths[39m                         [38;2;35;35;46m│[39m [38;2;35;35;46m│[39m
[38;2;35;35;46m│[39m [38;2;35;35;46m│[39m [38;2;61;220;132m● executing — not blocked[39m            [38;2;35;35;46m│[39m [38;2;35;35;46m│[39m                                                               [38;2;35;35;46m│[39m [38;2;35;35;46m│[39m
[38;2;35;35;46m│[39m [38;2;35;35;46m└──────────────────────────────────────┘[39m [38;2;35;35;46m│[39m                                                               [38;2;35;35;46m│[39m [38;2;35;35;46m│[39m
[38;2;35;35;46m│[39m                                          [38;2;35;35;46m│[39m                                                               [38;2;35;35;46m│[39m [38;2;35;35;46m│[39m
[38;2;35;35;46m│[39m [38;2;35;35;46m┌──────────────────────────────────────┐[39m [38;2;35;35;46m│[39m                                                               [38;2;35;35;46m│[39m [38;2;35;35;46m│[39m
[38;2;35;35;46m│[39m [38;2;35;35;46m│[39m [38;2;138;138;154mTOKEN / CONTEXT[39m                      [38;2;35;35;46m│[39m [38;2;35;35;46m│[39m                                                               [38;2;35;35;46m│[39m [38;2;35;35;46m│[39m
[38;2;35;35;46m│[39m [38;2;35;35;46m│[39m [38;2;61;220;132m░░░░░░░░░░░░░░░░░░░░░░░░░░░░░░[39m       [38;2;35;35;46m│[39m [38;2;35;35;46m│[39m                                                               [38;2;35;35;46m│[39m [38;2;35;35;46m│[39m
[38;2;35;35;46m│[39m [38;2;35;35;46m│[39m [38;2;138;138;154m0 / 200.0k · 0%[39m                      [38;2;35;35;46m│[39m [38;2;35;35;46m│[39m                                                               [38;2;35;35;46m│[39m [38;2;35;35;46m│[39m
[38;2;35;35;46m│[39m [38;2;35;35;46m│[39m [38;2;74;74;88mwarn @70% · continuation @90% · hard [38;2;35;35;46m│[39m [38;2;35;35;46m│[39m                                                               [38;2;35;35;46m│[39m [38;2;35;35;46m│[39m
[38;2;35;35;46m│[39m [38;2;35;35;46m│[39m [38;2;74;74;88mabort @95%[39m                           [38;2;35;35;46m│[39m [38;2;35;35;46m│[39m                                                               [38;2;35;35;46m│[39m [38;2;35;35;46m│[39m
[38;2;35;35;46m│[39m [38;2;35;35;46m│[39m [38;2;138;138;154mprompt[39m       [38;2;232;232;240m0[39m                       [38;2;35;35;46m│[39m [38;2;35;35;46m│[39m                                                               [38;2;35;35;46m│[39m [38;2;35;35;46m│[39m
[38;2;35;35;46m│[39m [38;2;35;35;46m│[39m [38;2;138;138;154mcompletion[39m   [38;2;232;232;240m0[39m                       [38;2;35;35;46m│[39m [38;2;35;35;46m│[39m                                                               [38;2;35;35;46m│[39m [38;2;35;35;46m│[39m
[38;2;35;35;46m│[39m [38;2;35;35;46m│[39m [38;2;138;138;154mthinking[39m     [38;2;56;189;248m0[39m                       [38;2;35;35;46m│[39m [38;2;35;35;46m│[39m                                                               [38;2;35;35;46m│[39m [38;2;35;35;46m│[39m
[38;2;35;35;46m│[39m [38;2;35;35;46m│[39m [38;2;138;138;154mcache hit[39m    [38;2;61;220;132m░░░░░░░░░░ 0%[39m           [38;2;35;35;46m│[39m [38;2;35;35;46m│[39m                                                               [38;2;35;35;46m│[39m [38;2;35;35;46m│[39m
[38;2;35;35;46m│[39m [38;2;35;35;46m│[39m [38;2;138;138;154mtotal[39m        [38;2;255;107;53m0[39m                       [38;2;35;35;46m│[39m [38;2;35;35;46m│[39m                                                               [38;2;35;35;46m│[39m [38;2;35;35;46m│[39m
[38;2;35;35;46m│[39m [38;2;35;35;46m└──────────────────────────────────────┘[39m [38;2;35;35;46m└───────────────────────────────────────────────────────────────┘[39m [38;2;35;35;46m│[39m
[38;2;35;35;46m│[1m[48;2;255;107;53m[38;2;5;5;7m AGENTS [39m[49m[22m [38;2;138;138;154m1-6 sub-view · j/k select · ⏎ inspect · f filter · r resume[39m                           [38;2;255;107;53m:[38;2;74;74;88m cmd  [38;2;255;107;53m?[38;2;74;74;88m help[38;2;35;35;46m│[39m
[38;2;35;35;46m└────────────────────────────────────────────────────────────────────────────────────────────────────────────┘[39m[2J[3J[H[38;2;35;35;46m┌────────────────────────────────────────────────────────────────────────────────────────────────────────────┐[39m
[38;2;35;35;46m│[1m[38;2;255;107;53mAPERANT[39m[22m [38;2;74;74;88m│[39m [38;2;138;138;154maperant-fixture[39m [38;2;74;74;88m/tmp/aperant-fixture[39m [38;2;74;74;88m│[39m [38;2;56;189;248m⑂ develop[39m             [38;2;255;107;53m◉[38;2;138;138;154m 1 running[39m  [38;2;255;176;0m◆[38;2;138;138;154m 0 review[39m  [38;2;61;220;132m●[38;2;138;138;154m no profile[38;2;35;35;46m│[39m
[38;2;35;35;46m│[39m [38;2;138;138;154m 1 board [39m  [38;2;138;138;154m 2 term [39m  [38;2;138;138;154m 3 road [39m  [38;2;138;138;154m 4 chat [39m  [38;2;138;138;154m 5 tree [39m  [38;2;138;138;154m 6 set [39m  [1m[48;2;255;107;53m[38;2;5;5;7m 7 agents [39m[49m[22m                                     [38;2;35;35;46m│[39m
[38;2;35;35;46m│[39m [38;2;138;138;154m 1 swarm [39m [38;2;138;138;154m 2 graph [39m [1m[48;2;255;107;53m[38;2;5;5;7m 3 inspect [39m[49m[22m [38;2;138;138;154m 4 trace [39m [38;2;138;138;154m 5 tokens [39m [38;2;138;138;154m 6 waits [39m [38;2;74;74;88m1 agent · esc then 1-7 to switch tabs[39m       [38;2;35;35;46m│[39m
[38;2;35;35;46m│[39m                                                                                                            [38;2;35;35;46m│[39m
[38;2;35;35;46m│[39m [38;2;255;107;53m┌──────────────────────────────────────┐[39m [38;2;35;35;46m┌───────────────────────────────────────────────────────────────┐[39m [38;2;35;35;46m│[39m
[38;2;35;35;46m│[39m [38;2;255;107;53m│[39m [1m[38;2;255;107;53mAGENT · 002-fix-terminal-bla[39m[22m         [38;2;255;107;53m│[39m [38;2;35;35;46m│[39m [38;2;138;138;154mTOOL GRANTS (from AGENT_CONFIGS)[39m                              [38;2;35;35;46m│[39m [38;2;35;35;46m│[39m
[38;2;35;35;46m│[39m [38;2;255;107;53m│[39m [38;2;138;138;154mtype[39m         [38;2;255;107;53mcoder[39m                   [38;2;255;107;53m│[39m [38;2;35;35;46m│[39m [38;2;74;74;88mBUILTIN[39m                                                       [38;2;35;35;46m│[39m [38;2;35;35;46m│[39m
[38;2;35;35;46m│[39m [38;2;255;107;53m│[39m [38;2;138;138;154mstate[39m        [38;2;255;107;53mRUNNING[39m                 [38;2;255;107;53m│[39m [38;2;35;35;46m│[39m [38;2;56;189;248mRead  Glob  Grep  Write  Edit  Bash  WebFetch  WebSearch[39m      [38;2;35;35;46m│[39m [38;2;35;35;46m│[39m
[38;2;35;35;46m│[39m [38;2;255;107;53m│[39m [38;2;138;138;154mphase[39m        [38;2;232;232;240mcoding [38;2;255;107;53m▪ structured[39m     [38;2;255;107;53m│[39m [38;2;35;35;46m│[39m [38;2;74;74;88mMCP SERVERS[39m                                                   [38;2;35;35;46m│[39m [38;2;35;35;46m│[39m
[38;2;35;35;46m│[39m [38;2;255;107;53m│[39m [38;2;138;138;154mmodel[39m     [38;2;232;232;240mkimi/kimi-for-coding · [39m    [38;2;255;107;53m│[39m [38;2;35;35;46m│[39m [38;2;255;62;138mcontext7  memory  auto-claude[39m                                 [38;2;35;35;46m│[39m [38;2;35;35;46m│[39m
[38;2;35;35;46m│[39m [38;2;255;107;53m│[39m           [38;2;232;232;240mthinking:low[39m               [38;2;255;107;53m│[39m [38;2;35;35;46m│[39m [38;2;74;74;88mAUTO-CLAUDE MCP[39m                                               [38;2;35;35;46m│[39m [38;2;35;35;46m│[39m
[38;2;35;35;46m│[39m [38;2;255;107;53m│[39m [38;2;138;138;154msteps[39m        [38;2;232;232;240m0/1000[39m                  [38;2;255;107;53m│[39m [38;2;35;35;46m│[39m [38;2;255;107;53mmcp__auto-claude__update_subtask_status  [39m                     [38;2;35;35;46m│[39m [38;2;35;35;46m│[39m
[38;2;35;35;46m│[39m [38;2;255;107;53m│[39m [38;2;138;138;154msession[39m      [38;2;232;232;240m#1 · continuations 0/5[39m  [38;2;255;107;53m│[39m [38;2;35;35;46m│[39m [38;2;255;107;53mmcp__auto-claude__get_build_progress  [39m                        [38;2;35;35;46m│[39m [38;2;35;35;46m│[39m
[38;2;35;35;46m│[39m [38;2;255;107;53m│[39m [38;2;138;138;154melapsed[39m      [38;2;138;138;154m18s[39m                     [38;2;255;107;53m│[39m [38;2;35;35;46m│[39m [38;2;255;107;53mmcp__auto-claude__record_discovery  [39m                          [38;2;35;35;46m│[39m [38;2;35;35;46m│[39m
[38;2;35;35;46m│[39m [38;2;255;107;53m│[39m [38;2;138;138;154mlast[39m         [38;2;74;74;88mIteration 1 (coding)[39m    [38;2;255;107;53m│[39m [38;2;35;35;46m│[39m [38;2;255;107;53mmcp__auto-claude__record_gotcha  [39m                             [38;2;35;35;46m│[39m [38;2;35;35;46m│[39m
[38;2;35;35;46m│[39m [38;2;255;107;53m└──────────────────────────────────────┘[39m [38;2;35;35;46m│[39m [38;2;255;107;53mmcp__auto-claude__get_session_context[39m                         [38;2;35;35;46m│[39m [38;2;35;35;46m│[39m
[38;2;35;35;46m│[39m                                          [38;2;35;35;46m│[39m                                                               [38;2;35;35;46m│[39m [38;2;35;35;46m│[39m
[38;2;35;35;46m│[39m [38;2;35;35;46m┌──────────────────────────────────────┐[39m [38;2;35;35;46m│[39m [38;2;74;74;88mgrants resolved from AGENT_CONFIGS[coder][39m                     [38;2;35;35;46m│[39m [38;2;35;35;46m│[39m
[38;2;35;35;46m│[39m [38;2;35;35;46m│[39m [38;2;138;138;154mWAIT STATE[39m                           [38;2;35;35;46m│[39m [38;2;35;35;46m│[39m [38;2;74;74;88mwrites contained to allowedWritePaths[39m                         [38;2;35;35;46m│[39m [38;2;35;35;46m│[39m
[38;2;35;35;46m│[39m [38;2;35;35;46m│[39m [38;2;61;220;132m● executing — not blocked[39m            [38;2;35;35;46m│[39m [38;2;35;35;46m│[39m                                                               [38;2;35;35;46m│[39m [38;2;35;35;46m│[39m
[38;2;35;35;46m│[39m [38;2;35;35;46m└──────────────────────────────────────┘[39m [38;2;35;35;46m│[39m                                                               [38;2;35;35;46m│[39m [38;2;35;35;46m│[39m
[38;2;35;35;46m│[39m                                          [38;2;35;35;46m│[39m                                                               [38;2;35;35;46m│[39m [38;2;35;35;46m│[39m
[38;2;35;35;46m│[39m [38;2;35;35;46m┌──────────────────────────────────────┐[39m [38;2;35;35;46m│[39m                                                               [38;2;35;35;46m│[39m [38;2;35;35;46m│[39m
[38;2;35;35;46m│[39m [38;2;35;35;46m│[39m [38;2;138;138;154mTOKEN / CONTEXT[39m                      [38;2;35;35;46m│[39m [38;2;35;35;46m│[39m                                                               [38;2;35;35;46m│[39m [38;2;35;35;46m│[39m
[38;2;35;35;46m│[39m [38;2;35;35;46m│[39m [38;2;61;220;132m░░░░░░░░░░░░░░░░░░░░░░░░░░░░░░[39m       [38;2;35;35;46m│[39m [38;2;35;35;46m│[39m                                                               [38;2;35;35;46m│[39m [38;2;35;35;46m│[39m
[38;2;35;35;46m│[39m [38;2;35;35;46m│[39m [38;2;138;138;154m0 / 200.0k · 0%[39m                      [38;2;35;35;46m│[39m [38;2;35;35;46m│[39m                                                               [38;2;35;35;46m│[39m [38;2;35;35;46m│[39m
[38;2;35;35;46m│[39m [38;2;35;35;46m│[39m [38;2;74;74;88mwarn @70% · continuation @90% · hard [38;2;35;35;46m│[39m [38;2;35;35;46m│[39m                                                               [38;2;35;35;46m│[39m [38;2;35;35;46m│[39m
[38;2;35;35;46m│[39m [38;2;35;35;46m│[39m [38;2;74;74;88mabort @95%[39m                           [38;2;35;35;46m│[39m [38;2;35;35;46m│[39m                                                               [38;2;35;35;46m│[39m [38;2;35;35;46m│[39m
[38;2;35;35;46m│[39m [38;2;35;35;46m│[39m [38;2;138;138;154mprompt[39m       [38;2;232;232;240m0[39m                       [38;2;35;35;46m│[39m [38;2;35;35;46m│[39m                                                               [38;2;35;35;46m│[39m [38;2;35;35;46m│[39m
[38;2;35;35;46m│[39m [38;2;35;35;46m│[39m [38;2;138;138;154mcompletion[39m   [38;2;232;232;240m0[39m                       [38;2;35;35;46m│[39m [38;2;35;35;46m│[39m                                                               [38;2;35;35;46m│[39m [38;2;35;35;46m│[39m
[38;2;35;35;46m│[39m [38;2;35;35;46m│[39m [38;2;138;138;154mthinking[39m     [38;2;56;189;248m0[39m                       [38;2;35;35;46m│[39m [38;2;35;35;46m│[39m                                                               [38;2;35;35;46m│[39m [38;2;35;35;46m│[39m
[38;2;35;35;46m│[39m [38;2;35;35;46m│[39m [38;2;138;138;154mcache hit[39m    [38;2;61;220;132m░░░░░░░░░░ 0%[39m           [38;2;35;35;46m│[39m [38;2;35;35;46m│[39m                                                               [38;2;35;35;46m│[39m [38;2;35;35;46m│[39m
[38;2;35;35;46m│[39m [38;2;35;35;46m│[39m [38;2;138;138;154mtotal[39m        [38;2;255;107;53m0[39m                       [38;2;35;35;46m│[39m [38;2;35;35;46m│[39m                                                               [38;2;35;35;46m│[39m [38;2;35;35;46m│[39m
[38;2;35;35;46m│[39m [38;2;35;35;46m└──────────────────────────────────────┘[39m [38;2;35;35;46m└───────────────────────────────────────────────────────────────┘[39m [38;2;35;35;46m│[39m
[38;2;35;35;46m│[1m[48;2;255;107;53m[38;2;5;5;7m AGENTS [39m[49m[22m [38;2;138;138;154m1-6 sub-view · j/k select · ⏎ inspect · f filter · r resume[39m                           [38;2;255;107;53m:[38;2;74;74;88m cmd  [38;2;255;107;53m?[38;2;74;74;88m help[38;2;35;35;46m│[39m
[38;2;35;35;46m└────────────────────────────────────────────────────────────────────────────────────────────────────────────┘[39m[2J[3J[H[38;2;35;35;46m┌────────────────────────────────────────────────────────────────────────────────────────────────────────────┐[39m
[38;2;35;35;46m│[1m[38;2;255;107;53mAPERANT[39m[22m [38;2;74;74;88m│[39m [38;2;138;138;154maperant-fixture[39m [38;2;74;74;88m/tmp/aperant-fixture[39m [38;2;74;74;88m│[39m [38;2;56;189;248m⑂ develop[39m             [38;2;255;107;53m◉[38;2;138;138;154m 1 running[39m  [38;2;255;176;0m◆[38;2;138;138;154m 0 review[39m  [38;2;61;220;132m●[38;2;138;138;154m no profile[38;2;35;35;46m│[39m
[38;2;35;35;46m│[39m [38;2;138;138;154m 1 board [39m  [38;2;138;138;154m 2 term [39m  [38;2;138;138;154m 3 road [39m  [38;2;138;138;154m 4 chat [39m  [38;2;138;138;154m 5 tree [39m  [38;2;138;138;154m 6 set [39m  [1m[48;2;255;107;53m[38;2;5;5;7m 7 agents [39m[49m[22m                                     [38;2;35;35;46m│[39m
[38;2;35;35;46m│[39m [38;2;138;138;154m 1 swarm [39m [38;2;138;138;154m 2 graph [39m [1m[48;2;255;107;53m[38;2;5;5;7m 3 inspect [39m[49m[22m [38;2;138;138;154m 4 trace [39m [38;2;138;138;154m 5 tokens [39m [38;2;138;138;154m 6 waits [39m [38;2;74;74;88m1 agent · esc then 1-7 to switch tabs[39m       [38;2;35;35;46m│[39m
[38;2;35;35;46m│[39m                                                                                                            [38;2;35;35;46m│[39m
[38;2;35;35;46m│[39m [38;2;255;107;53m┌──────────────────────────────────────┐[39m [38;2;35;35;46m┌───────────────────────────────────────────────────────────────┐[39m [38;2;35;35;46m│[39m
[38;2;35;35;46m│[39m [38;2;255;107;53m│[39m [1m[38;2;255;107;53mAGENT · 002-fix-terminal-bla[39m[22m         [38;2;255;107;53m│[39m [38;2;35;35;46m│[39m [38;2;138;138;154mTOOL GRANTS (from AGENT_CONFIGS)[39m                              [38;2;35;35;46m│[39m [38;2;35;35;46m│[39m
[38;2;35;35;46m│[39m [38;2;255;107;53m│[39m [38;2;138;138;154mtype[39m         [38;2;255;107;53mcoder[39m                   [38;2;255;107;53m│[39m [38;2;35;35;46m│[39m [38;2;74;74;88mBUILTIN[39m                                                       [38;2;35;35;46m│[39m [38;2;35;35;46m│[39m
[38;2;35;35;46m│[39m [38;2;255;107;53m│[39m [38;2;138;138;154mstate[39m        [38;2;255;107;53mRUNNING[39m                 [38;2;255;107;53m│[39m [38;2;35;35;46m│[39m [38;2;56;189;248mRead  Glob  Grep  Write  Edit  Bash  WebFetch  WebSearch[39m      [38;2;35;35;46m│[39m [38;2;35;35;46m│[39m
[38;2;35;35;46m│[39m [38;2;255;107;53m│[39m [38;2;138;138;154mphase[39m        [38;2;232;232;240mcoding [38;2;255;107;53m▪ structured[39m     [38;2;255;107;53m│[39m [38;2;35;35;46m│[39m [38;2;74;74;88mMCP SERVERS[39m                                                   [38;2;35;35;46m│[39m [38;2;35;35;46m│[39m
[38;2;35;35;46m│[39m [38;2;255;107;53m│[39m [38;2;138;138;154mmodel[39m     [38;2;232;232;240mkimi/kimi-for-coding · [39m    [38;2;255;107;53m│[39m [38;2;35;35;46m│[39m [38;2;255;62;138mcontext7  memory  auto-claude[39m                                 [38;2;35;35;46m│[39m [38;2;35;35;46m│[39m
[38;2;35;35;46m│[39m [38;2;255;107;53m│[39m           [38;2;232;232;240mthinking:low[39m               [38;2;255;107;53m│[39m [38;2;35;35;46m│[39m [38;2;74;74;88mAUTO-CLAUDE MCP[39m                                               [38;2;35;35;46m│[39m [38;2;35;35;46m│[39m
[38;2;35;35;46m│[39m [38;2;255;107;53m│[39m [38;2;138;138;154msteps[39m        [38;2;232;232;240m0/1000[39m                  [38;2;255;107;53m│[39m [38;2;35;35;46m│[39m [38;2;255;107;53mmcp__auto-claude__update_subtask_status  [39m                     [38;2;35;35;46m│[39m [38;2;35;35;46m│[39m
[38;2;35;35;46m│[39m [38;2;255;107;53m│[39m [38;2;138;138;154msession[39m      [38;2;232;232;240m#1 · continuations 0/5[39m  [38;2;255;107;53m│[39m [38;2;35;35;46m│[39m [38;2;255;107;53mmcp__auto-claude__get_build_progress  [39m                        [38;2;35;35;46m│[39m [38;2;35;35;46m│[39m
[38;2;35;35;46m│[39m [38;2;255;107;53m│[39m [38;2;138;138;154melapsed[39m      [38;2;138;138;154m18s[39m                     [38;2;255;107;53m│[39m [38;2;35;35;46m│[39m [38;2;255;107;53mmcp__auto-claude__record_discovery  [39m                          [38;2;35;35;46m│[39m [38;2;35;35;46m│[39m
[38;2;35;35;46m│[39m [38;2;255;107;53m│[39m [38;2;138;138;154mlast[39m         [38;2;74;74;88mIteration 1 (coding)[39m    [38;2;255;107;53m│[39m [38;2;35;35;46m│[39m [38;2;255;107;53mmcp__auto-claude__record_gotcha  [39m                             [38;2;35;35;46m│[39m [38;2;35;35;46m│[39m
[38;2;35;35;46m│[39m [38;2;255;107;53m└──────────────────────────────────────┘[39m [38;2;35;35;46m│[39m [38;2;255;107;53mmcp__auto-claude__get_session_context[39m                         [38;2;35;35;46m│[39m [38;2;35;35;46m│[39m
[38;2;35;35;46m│[39m                                          [38;2;35;35;46m│[39m                                                               [38;2;35;35;46m│[39m [38;2;35;35;46m│[39m
[38;2;35;35;46m│[39m [38;2;35;35;46m┌──────────────────────────────────────┐[39m [38;2;35;35;46m│[39m [38;2;74;74;88mgrants resolved from AGENT_CONFIGS[coder][39m                     [38;2;35;35;46m│[39m [38;2;35;35;46m│[39m
[38;2;35;35;46m│[39m [38;2;35;35;46m│[39m [38;2;138;138;154mWAIT STATE[39m                           [38;2;35;35;46m│[39m [38;2;35;35;46m│[39m [38;2;74;74;88mwrites contained to allowedWritePaths[39m                         [38;2;35;35;46m│[39m [38;2;35;35;46m│[39m
[38;2;35;35;46m│[39m [38;2;35;35;46m│[39m [38;2;61;220;132m● executing — not blocked[39m            [38;2;35;35;46m│[39m [38;2;35;35;46m│[39m                                                               [38;2;35;35;46m│[39m [38;2;35;35;46m│[39m
[38;2;35;35;46m│[39m [38;2;35;35;46m└──────────────────────────────────────┘[39m [38;2;35;35;46m│[39m                                                               [38;2;35;35;46m│[39m [38;2;35;35;46m│[39m
[38;2;35;35;46m│[39m                                          [38;2;35;35;46m│[39m                                                               [38;2;35;35;46m│[39m [38;2;35;35;46m│[39m
[38;2;35;35;46m│[39m [38;2;35;35;46m┌──────────────────────────────────────┐[39m [38;2;35;35;46m│[39m                                                               [38;2;35;35;46m│[39m [38;2;35;35;46m│[39m
[38;2;35;35;46m│[39m [38;2;35;35;46m│[39m [38;2;138;138;154mTOKEN / CONTEXT[39m                      [38;2;35;35;46m│[39m [38;2;35;35;46m│[39m                                                               [38;2;35;35;46m│[39m [38;2;35;35;46m│[39m
[38;2;35;35;46m│[39m [38;2;35;35;46m│[39m [38;2;61;220;132m░░░░░░░░░░░░░░░░░░░░░░░░░░░░░░[39m       [38;2;35;35;46m│[39m [38;2;35;35;46m│[39m                                                               [38;2;35;35;46m│[39m [38;2;35;35;46m│[39m
[38;2;35;35;46m│[39m [38;2;35;35;46m│[39m [38;2;138;138;154m0 / 200.0k · 0%[39m                      [38;2;35;35;46m│[39m [38;2;35;35;46m│[39m                                                               [38;2;35;35;46m│[39m [38;2;35;35;46m│[39m
[38;2;35;35;46m│[39m [38;2;35;35;46m│[39m [38;2;74;74;88mwarn @70% · continuation @90% · hard [38;2;35;35;46m│[39m [38;2;35;35;46m│[39m                                                               [38;2;35;35;46m│[39m [38;2;35;35;46m│[39m
[38;2;35;35;46m│[39m [38;2;35;35;46m│[39m [38;2;74;74;88mabort @95%[39m                           [38;2;35;35;46m│[39m [38;2;35;35;46m│[39m                                                               [38;2;35;35;46m│[39m [38;2;35;35;46m│[39m
[38;2;35;35;46m│[39m [38;2;35;35;46m│[39m [38;2;138;138;154mprompt[39m       [38;2;232;232;240m0[39m                       [38;2;35;35;46m│[39m [38;2;35;35;46m│[39m                                                               [38;2;35;35;46m│[39m [38;2;35;35;46m│[39m
[38;2;35;35;46m│[39m [38;2;35;35;46m│[39m [38;2;138;138;154mcompletion[39m   [38;2;232;232;240m0[39m                       [38;2;35;35;46m│[39m [38;2;35;35;46m│[39m                                                               [38;2;35;35;46m│[39m [38;2;35;35;46m│[39m
[38;2;35;35;46m│[39m [38;2;35;35;46m│[39m [38;2;138;138;154mthinking[39m     [38;2;56;189;248m0[39m                       [38;2;35;35;46m│[39m [38;2;35;35;46m│[39m                                                               [38;2;35;35;46m│[39m [38;2;35;35;46m│[39m
[38;2;35;35;46m│[39m [38;2;35;35;46m│[39m [38;2;138;138;154mcache hit[39m    [38;2;61;220;132m░░░░░░░░░░ 0%[39m           [38;2;35;35;46m│[39m [38;2;35;35;46m│[39m                                                               [38;2;35;35;46m│[39m [38;2;35;35;46m│[39m
[38;2;35;35;46m│[39m [38;2;35;35;46m│[39m [38;2;138;138;154mtotal[39m        [38;2;255;107;53m0[39m                       [38;2;35;35;46m│[39m [38;2;35;35;46m│[39m                                                               [38;2;35;35;46m│[39m [38;2;35;35;46m│[39m
[38;2;35;35;46m│[39m [38;2;35;35;46m└──────────────────────────────────────┘[39m [38;2;35;35;46m└───────────────────────────────────────────────────────────────┘[39m [38;2;35;35;46m│[39m
[38;2;35;35;46m│[1m[48;2;255;107;53m[38;2;5;5;7m AGENTS [39m[49m[22m [38;2;138;138;154m1-6 sub-view · j/k select · ⏎ inspect · f filter · r resume[39m                           [38;2;255;107;53m:[38;2;74;74;88m cmd  [38;2;255;107;53m?[38;2;74;74;88m help[38;2;35;35;46m│[39m
[38;2;35;35;46m└────────────────────────────────────────────────────────────────────────────────────────────────────────────┘[39m[2J[3J[H[38;2;35;35;46m┌────────────────────────────────────────────────────────────────────────────────────────────────────────────┐[39m
[38;2;35;35;46m│[1m[38;2;255;107;53mAPERANT[39m[22m [38;2;74;74;88m│[39m [38;2;138;138;154maperant-fixture[39m [38;2;74;74;88m/tmp/aperant-fixture[39m [38;2;74;74;88m│[39m [38;2;56;189;248m⑂ develop[39m             [38;2;255;107;53m◉[38;2;138;138;154m 1 running[39m  [38;2;255;176;0m◆[38;2;138;138;154m 0 review[39m  [38;2;61;220;132m●[38;2;138;138;154m no profile[38;2;35;35;46m│[39m
[38;2;35;35;46m│[39m [38;2;138;138;154m 1 board [39m  [38;2;138;138;154m 2 term [39m  [38;2;138;138;154m 3 road [39m  [38;2;138;138;154m 4 chat [39m  [38;2;138;138;154m 5 tree [39m  [38;2;138;138;154m 6 set [39m  [1m[48;2;255;107;53m[38;2;5;5;7m 7 agents [39m[49m[22m                                     [38;2;35;35;46m│[39m
[38;2;35;35;46m│[39m [38;2;138;138;154m 1 swarm [39m [38;2;138;138;154m 2 graph [39m [1m[48;2;255;107;53m[38;2;5;5;7m 3 inspect [39m[49m[22m [38;2;138;138;154m 4 trace [39m [38;2;138;138;154m 5 tokens [39m [38;2;138;138;154m 6 waits [39m [38;2;74;74;88m1 agent · esc then 1-7 to switch tabs[39m       [38;2;35;35;46m│[39m
[38;2;35;35;46m│[39m                                                                                                            [38;2;35;35;46m│[39m
[38;2;35;35;46m│[39m [38;2;255;107;53m┌──────────────────────────────────────┐[39m [38;2;35;35;46m┌───────────────────────────────────────────────────────────────┐[39m [38;2;35;35;46m│[39m
[38;2;35;35;46m│[39m [38;2;255;107;53m│[39m [1m[38;2;255;107;53mAGENT · 002-fix-terminal-bla[39m[22m         [38;2;255;107;53m│[39m [38;2;35;35;46m│[39m [38;2;138;138;154mTOOL GRANTS (from AGENT_CONFIGS)[39m                              [38;2;35;35;46m│[39m [38;2;35;35;46m│[39m
[38;2;35;35;46m│[39m [38;2;255;107;53m│[39m [38;2;138;138;154mtype[39m         [38;2;255;107;53mcoder[39m                   [38;2;255;107;53m│[39m [38;2;35;35;46m│[39m [38;2;74;74;88mBUILTIN[39m                                                       [38;2;35;35;46m│[39m [38;2;35;35;46m│[39m
[38;2;35;35;46m│[39m [38;2;255;107;53m│[39m [38;2;138;138;154mstate[39m        [38;2;255;107;53mRUNNING[39m                 [38;2;255;107;53m│[39m [38;2;35;35;46m│[39m [38;2;56;189;248mRead  Glob  Grep  Write  Edit  Bash  WebFetch  WebSearch[39m      [38;2;35;35;46m│[39m [38;2;35;35;46m│[39m
[38;2;35;35;46m│[39m [38;2;255;107;53m│[39m [38;2;138;138;154mphase[39m        [38;2;232;232;240mcoding [38;2;255;107;53m▪ structured[39m     [38;2;255;107;53m│[39m [38;2;35;35;46m│[39m [38;2;74;74;88mMCP SERVERS[39m                                                   [38;2;35;35;46m│[39m [38;2;35;35;46m│[39m
[38;2;35;35;46m│[39m [38;2;255;107;53m│[39m [38;2;138;138;154mmodel[39m     [38;2;232;232;240mkimi/kimi-for-coding · [39m    [38;2;255;107;53m│[39m [38;2;35;35;46m│[39m [38;2;255;62;138mcontext7  memory  auto-claude[39m                                 [38;2;35;35;46m│[39m [38;2;35;35;46m│[39m
[38;2;35;35;46m│[39m [38;2;255;107;53m│[39m           [38;2;232;232;240mthinking:low[39m               [38;2;255;107;53m│[39m [38;2;35;35;46m│[39m [38;2;74;74;88mAUTO-CLAUDE MCP[39m                                               [38;2;35;35;46m│[39m [38;2;35;35;46m│[39m
[38;2;35;35;46m│[39m [38;2;255;107;53m│[39m [38;2;138;138;154msteps[39m        [38;2;232;232;240m0/1000[39m                  [38;2;255;107;53m│[39m [38;2;35;35;46m│[39m [38;2;255;107;53mmcp__auto-claude__update_subtask_status  [39m                     [38;2;35;35;46m│[39m [38;2;35;35;46m│[39m
[38;2;35;35;46m│[39m [38;2;255;107;53m│[39m [38;2;138;138;154msession[39m      [38;2;232;232;240m#1 · continuations 0/5[39m  [38;2;255;107;53m│[39m [38;2;35;35;46m│[39m [38;2;255;107;53mmcp__auto-claude__get_build_progress  [39m                        [38;2;35;35;46m│[39m [38;2;35;35;46m│[39m
[38;2;35;35;46m│[39m [38;2;255;107;53m│[39m [38;2;138;138;154melapsed[39m      [38;2;138;138;154m19s[39m                     [38;2;255;107;53m│[39m [38;2;35;35;46m│[39m [38;2;255;107;53mmcp__auto-claude__record_discovery  [39m                          [38;2;35;35;46m│[39m [38;2;35;35;46m│[39m
[38;2;35;35;46m│[39m [38;2;255;107;53m│[39m [38;2;138;138;154mlast[39m         [38;2;74;74;88mIteration 1 (coding)[39m    [38;2;255;107;53m│[39m [38;2;35;35;46m│[39m [38;2;255;107;53mmcp__auto-claude__record_gotcha  [39m                             [38;2;35;35;46m│[39m [38;2;35;35;46m│[39m
[38;2;35;35;46m│[39m [38;2;255;107;53m└──────────────────────────────────────┘[39m [38;2;35;35;46m│[39m [38;2;255;107;53mmcp__auto-claude__get_session_context[39m                         [38;2;35;35;46m│[39m [38;2;35;35;46m│[39m
[38;2;35;35;46m│[39m                                          [38;2;35;35;46m│[39m                                                               [38;2;35;35;46m│[39m [38;2;35;35;46m│[39m
[38;2;35;35;46m│[39m [38;2;35;35;46m┌──────────────────────────────────────┐[39m [38;2;35;35;46m│[39m [38;2;74;74;88mgrants resolved from AGENT_CONFIGS[coder][39m                     [38;2;35;35;46m│[39m [38;2;35;35;46m│[39m
[38;2;35;35;46m│[39m [38;2;35;35;46m│[39m [38;2;138;138;154mWAIT STATE[39m                           [38;2;35;35;46m│[39m [38;2;35;35;46m│[39m [38;2;74;74;88mwrites contained to allowedWritePaths[39m                         [38;2;35;35;46m│[39m [38;2;35;35;46m│[39m
[38;2;35;35;46m│[39m [38;2;35;35;46m│[39m [38;2;61;220;132m● executing — not blocked[39m            [38;2;35;35;46m│[39m [38;2;35;35;46m│[39m                                                               [38;2;35;35;46m│[39m [38;2;35;35;46m│[39m
[38;2;35;35;46m│[39m [38;2;35;35;46m└──────────────────────────────────────┘[39m [38;2;35;35;46m│[39m                                                               [38;2;35;35;46m│[39m [38;2;35;35;46m│[39m
[38;2;35;35;46m│[39m                                          [38;2;35;35;46m│[39m                                                               [38;2;35;35;46m│[39m [38;2;35;35;46m│[39m
[38;2;35;35;46m│[39m [38;2;35;35;46m┌──────────────────────────────────────┐[39m [38;2;35;35;46m│[39m                                                               [38;2;35;35;46m│[39m [38;2;35;35;46m│[39m
[38;2;35;35;46m│[39m [38;2;35;35;46m│[39m [38;2;138;138;154mTOKEN / CONTEXT[39m                      [38;2;35;35;46m│[39m [38;2;35;35;46m│[39m                                                               [38;2;35;35;46m│[39m [38;2;35;35;46m│[39m
[38;2;35;35;46m│[39m [38;2;35;35;46m│[39m [38;2;61;220;132m░░░░░░░░░░░░░░░░░░░░░░░░░░░░░░[39m       [38;2;35;35;46m│[39m [38;2;35;35;46m│[39m                                                               [38;2;35;35;46m│[39m [38;2;35;35;46m│[39m
[38;2;35;35;46m│[39m [38;2;35;35;46m│[39m [38;2;138;138;154m0 / 200.0k · 0%[39m                      [38;2;35;35;46m│[39m [38;2;35;35;46m│[39m                                                               [38;2;35;35;46m│[39m [38;2;35;35;46m│[39m
[38;2;35;35;46m│[39m [38;2;35;35;46m│[39m [38;2;74;74;88mwarn @70% · continuation @90% · hard [38;2;35;35;46m│[39m [38;2;35;35;46m│[39m                                                               [38;2;35;35;46m│[39m [38;2;35;35;46m│[39m
[38;2;35;35;46m│[39m [38;2;35;35;46m│[39m [38;2;74;74;88mabort @95%[39m                           [38;2;35;35;46m│[39m [38;2;35;35;46m│[39m                                                               [38;2;35;35;46m│[39m [38;2;35;35;46m│[39m
[38;2;35;35;46m│[39m [38;2;35;35;46m│[39m [38;2;138;138;154mprompt[39m       [38;2;232;232;240m0[39m                       [38;2;35;35;46m│[39m [38;2;35;35;46m│[39m                                                               [38;2;35;35;46m│[39m [38;2;35;35;46m│[39m
[38;2;35;35;46m│[39m [38;2;35;35;46m│[39m [38;2;138;138;154mcompletion[39m   [38;2;232;232;240m0[39m                       [38;2;35;35;46m│[39m [38;2;35;35;46m│[39m                                                               [38;2;35;35;46m│[39m [38;2;35;35;46m│[39m
[38;2;35;35;46m│[39m [38;2;35;35;46m│[39m [38;2;138;138;154mthinking[39m     [38;2;56;189;248m0[39m                       [38;2;35;35;46m│[39m [38;2;35;35;46m│[39m                                                               [38;2;35;35;46m│[39m [38;2;35;35;46m│[39m
[38;2;35;35;46m│[39m [38;2;35;35;46m│[39m [38;2;138;138;154mcache hit[39m    [38;2;61;220;132m░░░░░░░░░░ 0%[39m           [38;2;35;35;46m│[39m [38;2;35;35;46m│[39m                                                               [38;2;35;35;46m│[39m [38;2;35;35;46m│[39m
[38;2;35;35;46m│[39m [38;2;35;35;46m│[39m [38;2;138;138;154mtotal[39m        [38;2;255;107;53m0[39m                       [38;2;35;35;46m│[39m [38;2;35;35;46m│[39m                                                               [38;2;35;35;46m│[39m [38;2;35;35;46m│[39m
[38;2;35;35;46m│[39m [38;2;35;35;46m└──────────────────────────────────────┘[39m [38;2;35;35;46m└───────────────────────────────────────────────────────────────┘[39m [38;2;35;35;46m│[39m
[38;2;35;35;46m│[1m[48;2;255;107;53m[38;2;5;5;7m AGENTS [39m[49m[22m [38;2;138;138;154m1-6 sub-view · j/k select · ⏎ inspect · f filter · r resume[39m                           [38;2;255;107;53m:[38;2;74;74;88m cmd  [38;2;255;107;53m?[38;2;74;74;88m help[38;2;35;35;46m│[39m
[38;2;35;35;46m└────────────────────────────────────────────────────────────────────────────────────────────────────────────┘[39m[2J[3J[H[38;2;35;35;46m┌────────────────────────────────────────────────────────────────────────────────────────────────────────────┐[39m
[38;2;35;35;46m│[1m[38;2;255;107;53mAPERANT[39m[22m [38;2;74;74;88m│[39m [38;2;138;138;154maperant-fixture[39m [38;2;74;74;88m/tmp/aperant-fixture[39m [38;2;74;74;88m│[39m [38;2;56;189;248m⑂ develop[39m             [38;2;255;107;53m◉[38;2;138;138;154m 1 running[39m  [38;2;255;176;0m◆[38;2;138;138;154m 0 review[39m  [38;2;61;220;132m●[38;2;138;138;154m no profile[38;2;35;35;46m│[39m
[38;2;35;35;46m│[39m [38;2;138;138;154m 1 board [39m  [38;2;138;138;154m 2 term [39m  [38;2;138;138;154m 3 road [39m  [38;2;138;138;154m 4 chat [39m  [38;2;138;138;154m 5 tree [39m  [38;2;138;138;154m 6 set [39m  [1m[48;2;255;107;53m[38;2;5;5;7m 7 agents [39m[49m[22m                                     [38;2;35;35;46m│[39m
[38;2;35;35;46m│[39m [38;2;138;138;154m 1 swarm [39m [38;2;138;138;154m 2 graph [39m [1m[48;2;255;107;53m[38;2;5;5;7m 3 inspect [39m[49m[22m [38;2;138;138;154m 4 trace [39m [38;2;138;138;154m 5 tokens [39m [38;2;138;138;154m 6 waits [39m [38;2;74;74;88m1 agent · esc then 1-7 to switch tabs[39m       [38;2;35;35;46m│[39m
[38;2;35;35;46m│[39m                                                                                                            [38;2;35;35;46m│[39m
[38;2;35;35;46m│[39m [38;2;255;107;53m┌──────────────────────────────────────┐[39m [38;2;35;35;46m┌───────────────────────────────────────────────────────────────┐[39m [38;2;35;35;46m│[39m
[38;2;35;35;46m│[39m [38;2;255;107;53m│[39m [1m[38;2;255;107;53mAGENT · 002-fix-terminal-bla[39m[22m         [38;2;255;107;53m│[39m [38;2;35;35;46m│[39m [38;2;138;138;154mTOOL GRANTS (from AGENT_CONFIGS)[39m                              [38;2;35;35;46m│[39m [38;2;35;35;46m│[39m
[38;2;35;35;46m│[39m [38;2;255;107;53m│[39m [38;2;138;138;154mtype[39m         [38;2;255;107;53mcoder[39m                   [38;2;255;107;53m│[39m [38;2;35;35;46m│[39m [38;2;74;74;88mBUILTIN[39m                                                       [38;2;35;35;46m│[39m [38;2;35;35;46m│[39m
[38;2;35;35;46m│[39m [38;2;255;107;53m│[39m [38;2;138;138;154mstate[39m        [38;2;255;107;53mRUNNING[39m                 [38;2;255;107;53m│[39m [38;2;35;35;46m│[39m [38;2;56;189;248mRead  Glob  Grep  Write  Edit  Bash  WebFetch  WebSearch[39m      [38;2;35;35;46m│[39m [38;2;35;35;46m│[39m
[38;2;35;35;46m│[39m [38;2;255;107;53m│[39m [38;2;138;138;154mphase[39m        [38;2;232;232;240mcoding [38;2;255;107;53m▪ structured[39m     [38;2;255;107;53m│[39m [38;2;35;35;46m│[39m [38;2;74;74;88mMCP SERVERS[39m                                                   [38;2;35;35;46m│[39m [38;2;35;35;46m│[39m
[38;2;35;35;46m│[39m [38;2;255;107;53m│[39m [38;2;138;138;154mmodel[39m     [38;2;232;232;240mkimi/kimi-for-coding · [39m    [38;2;255;107;53m│[39m [38;2;35;35;46m│[39m [38;2;255;62;138mcontext7  memory  auto-claude[39m                                 [38;2;35;35;46m│[39m [38;2;35;35;46m│[39m
[38;2;35;35;46m│[39m [38;2;255;107;53m│[39m           [38;2;232;232;240mthinking:low[39m               [38;2;255;107;53m│[39m [38;2;35;35;46m│[39m [38;2;74;74;88mAUTO-CLAUDE MCP[39m                                               [38;2;35;35;46m│[39m [38;2;35;35;46m│[39m
[38;2;35;35;46m│[39m [38;2;255;107;53m│[39m [38;2;138;138;154msteps[39m        [38;2;232;232;240m0/1000[39m                  [38;2;255;107;53m│[39m [38;2;35;35;46m│[39m [38;2;255;107;53mmcp__auto-claude__update_subtask_status  [39m                     [38;2;35;35;46m│[39m [38;2;35;35;46m│[39m
[38;2;35;35;46m│[39m [38;2;255;107;53m│[39m [38;2;138;138;154msession[39m      [38;2;232;232;240m#1 · continuations 0/5[39m  [38;2;255;107;53m│[39m [38;2;35;35;46m│[39m [38;2;255;107;53mmcp__auto-claude__get_build_progress  [39m                        [38;2;35;35;46m│[39m [38;2;35;35;46m│[39m
[38;2;35;35;46m│[39m [38;2;255;107;53m│[39m [38;2;138;138;154melapsed[39m      [38;2;138;138;154m20s[39m                     [38;2;255;107;53m│[39m [38;2;35;35;46m│[39m [38;2;255;107;53mmcp__auto-claude__record_discovery  [39m                          [38;2;35;35;46m│[39m [38;2;35;35;46m│[39m
[38;2;35;35;46m│[39m [38;2;255;107;53m│[39m [38;2;138;138;154mlast[39m         [38;2;74;74;88mIteration 1 (coding)[39m    [38;2;255;107;53m│[39m [38;2;35;35;46m│[39m [38;2;255;107;53mmcp__auto-claude__record_gotcha  [39m                             [38;2;35;35;46m│[39m [38;2;35;35;46m│[39m
[38;2;35;35;46m│[39m [38;2;255;107;53m└──────────────────────────────────────┘[39m [38;2;35;35;46m│[39m [38;2;255;107;53mmcp__auto-claude__get_session_context[39m                         [38;2;35;35;46m│[39m [38;2;35;35;46m│[39m
[38;2;35;35;46m│[39m                                          [38;2;35;35;46m│[39m                                                               [38;2;35;35;46m│[39m [38;2;35;35;46m│[39m
[38;2;35;35;46m│[39m [38;2;35;35;46m┌──────────────────────────────────────┐[39m [38;2;35;35;46m│[39m [38;2;74;74;88mgrants resolved from AGENT_CONFIGS[coder][39m                     [38;2;35;35;46m│[39m [38;2;35;35;46m│[39m
[38;2;35;35;46m│[39m [38;2;35;35;46m│[39m [38;2;138;138;154mWAIT STATE[39m                           [38;2;35;35;46m│[39m [38;2;35;35;46m│[39m [38;2;74;74;88mwrites contained to allowedWritePaths[39m                         [38;2;35;35;46m│[39m [38;2;35;35;46m│[39m
[38;2;35;35;46m│[39m [38;2;35;35;46m│[39m [38;2;61;220;132m● executing — not blocked[39m            [38;2;35;35;46m│[39m [38;2;35;35;46m│[39m                                                               [38;2;35;35;46m│[39m [38;2;35;35;46m│[39m
[38;2;35;35;46m│[39m [38;2;35;35;46m└──────────────────────────────────────┘[39m [38;2;35;35;46m│[39m                                                               [38;2;35;35;46m│[39m [38;2;35;35;46m│[39m
[38;2;35;35;46m│[39m                                          [38;2;35;35;46m│[39m                                                               [38;2;35;35;46m│[39m [38;2;35;35;46m│[39m
[38;2;35;35;46m│[39m [38;2;35;35;46m┌──────────────────────────────────────┐[39m [38;2;35;35;46m│[39m                                                               [38;2;35;35;46m│[39m [38;2;35;35;46m│[39m
[38;2;35;35;46m│[39m [38;2;35;35;46m│[39m [38;2;138;138;154mTOKEN / CONTEXT[39m                      [38;2;35;35;46m│[39m [38;2;35;35;46m│[39m                                                               [38;2;35;35;46m│[39m [38;2;35;35;46m│[39m
[38;2;35;35;46m│[39m [38;2;35;35;46m│[39m [38;2;61;220;132m░░░░░░░░░░░░░░░░░░░░░░░░░░░░░░[39m       [38;2;35;35;46m│[39m [38;2;35;35;46m│[39m                                                               [38;2;35;35;46m│[39m [38;2;35;35;46m│[39m
[38;2;35;35;46m│[39m [38;2;35;35;46m│[39m [38;2;138;138;154m0 / 200.0k · 0%[39m                      [38;2;35;35;46m│[39m [38;2;35;35;46m│[39m                                                               [38;2;35;35;46m│[39m [38;2;35;35;46m│[39m
[38;2;35;35;46m│[39m [38;2;35;35;46m│[39m [38;2;74;74;88mwarn @70% · continuation @90% · hard [38;2;35;35;46m│[39m [38;2;35;35;46m│[39m                                                               [38;2;35;35;46m│[39m [38;2;35;35;46m│[39m
[38;2;35;35;46m│[39m [38;2;35;35;46m│[39m [38;2;74;74;88mabort @95%[39m                           [38;2;35;35;46m│[39m [38;2;35;35;46m│[39m                                                               [38;2;35;35;46m│[39m [38;2;35;35;46m│[39m
[38;2;35;35;46m│[39m [38;2;35;35;46m│[39m [38;2;138;138;154mprompt[39m       [38;2;232;232;240m0[39m                       [38;2;35;35;46m│[39m [38;2;35;35;46m│[39m                                                               [38;2;35;35;46m│[39m [38;2;35;35;46m│[39m
[38;2;35;35;46m│[39m [38;2;35;35;46m│[39m [38;2;138;138;154mcompletion[39m   [38;2;232;232;240m0[39m                       [38;2;35;35;46m│[39m [38;2;35;35;46m│[39m                                                               [38;2;35;35;46m│[39m [38;2;35;35;46m│[39m
[38;2;35;35;46m│[39m [38;2;35;35;46m│[39m [38;2;138;138;154mthinking[39m     [38;2;56;189;248m0[39m                       [38;2;35;35;46m│[39m [38;2;35;35;46m│[39m                                                               [38;2;35;35;46m│[39m [38;2;35;35;46m│[39m
[38;2;35;35;46m│[39m [38;2;35;35;46m│[39m [38;2;138;138;154mcache hit[39m    [38;2;61;220;132m░░░░░░░░░░ 0%[39m           [38;2;35;35;46m│[39m [38;2;35;35;46m│[39m                                                               [38;2;35;35;46m│[39m [38;2;35;35;46m│[39m
[38;2;35;35;46m│[39m [38;2;35;35;46m│[39m [38;2;138;138;154mtotal[39m        [38;2;255;107;53m0[39m                       [38;2;35;35;46m│[39m [38;2;35;35;46m│[39m                                                               [38;2;35;35;46m│[39m [38;2;35;35;46m│[39m
[38;2;35;35;46m│[39m [38;2;35;35;46m└──────────────────────────────────────┘[39m [38;2;35;35;46m└───────────────────────────────────────────────────────────────┘[39m [38;2;35;35;46m│[39m
[38;2;35;35;46m│[1m[48;2;255;107;53m[38;2;5;5;7m AGENTS [39m[49m[22m [38;2;138;138;154m1-6 sub-view · j/k select · ⏎ inspect · f filter · r resume[39m                           [38;2;255;107;53m:[38;2;74;74;88m cmd  [38;2;255;107;53m?[38;2;74;74;88m help[38;2;35;35;46m│[39m
[38;2;35;35;46m└────────────────────────────────────────────────────────────────────────────────────────────────────────────┘[39m[2J[3J[H[38;2;35;35;46m┌────────────────────────────────────────────────────────────────────────────────────────────────────────────┐[39m
[38;2;35;35;46m│[1m[38;2;255;107;53mAPERANT[39m[22m [38;2;74;74;88m│[39m [38;2;138;138;154maperant-fixture[39m [38;2;74;74;88m/tmp/aperant-fixture[39m [38;2;74;74;88m│[39m [38;2;56;189;248m⑂ develop[39m             [38;2;255;107;53m◉[38;2;138;138;154m 1 running[39m  [38;2;255;176;0m◆[38;2;138;138;154m 0 review[39m  [38;2;61;220;132m●[38;2;138;138;154m no profile[38;2;35;35;46m│[39m
[38;2;35;35;46m│[39m [38;2;138;138;154m 1 board [39m  [38;2;138;138;154m 2 term [39m  [38;2;138;138;154m 3 road [39m  [38;2;138;138;154m 4 chat [39m  [38;2;138;138;154m 5 tree [39m  [38;2;138;138;154m 6 set [39m  [1m[48;2;255;107;53m[38;2;5;5;7m 7 agents [39m[49m[22m                                     [38;2;35;35;46m│[39m
[38;2;35;35;46m│[39m [38;2;138;138;154m 1 swarm [39m [38;2;138;138;154m 2 graph [39m [1m[48;2;255;107;53m[38;2;5;5;7m 3 inspect [39m[49m[22m [38;2;138;138;154m 4 trace [39m [38;2;138;138;154m 5 tokens [39m [38;2;138;138;154m 6 waits [39m [38;2;74;74;88m1 agent · esc then 1-7 to switch tabs[39m       [38;2;35;35;46m│[39m
[38;2;35;35;46m│[39m                                                                                                            [38;2;35;35;46m│[39m
[38;2;35;35;46m│[39m [38;2;255;107;53m┌──────────────────────────────────────┐[39m [38;2;35;35;46m┌───────────────────────────────────────────────────────────────┐[39m [38;2;35;35;46m│[39m
[38;2;35;35;46m│[39m [38;2;255;107;53m│[39m [1m[38;2;255;107;53mAGENT · 002-fix-terminal-bla[39m[22m         [38;2;255;107;53m│[39m [38;2;35;35;46m│[39m [38;2;138;138;154mTOOL GRANTS (from AGENT_CONFIGS)[39m                              [38;2;35;35;46m│[39m [38;2;35;35;46m│[39m
[38;2;35;35;46m│[39m [38;2;255;107;53m│[39m [38;2;138;138;154mtype[39m         [38;2;255;107;53mcoder[39m                   [38;2;255;107;53m│[39m [38;2;35;35;46m│[39m [38;2;74;74;88mBUILTIN[39m                                                       [38;2;35;35;46m│[39m [38;2;35;35;46m│[39m
[38;2;35;35;46m│[39m [38;2;255;107;53m│[39m [38;2;138;138;154mstate[39m        [38;2;255;107;53mRUNNING[39m                 [38;2;255;107;53m│[39m [38;2;35;35;46m│[39m [38;2;56;189;248mRead  Glob  Grep  Write  Edit  Bash  WebFetch  WebSearch[39m      [38;2;35;35;46m│[39m [38;2;35;35;46m│[39m
[38;2;35;35;46m│[39m [38;2;255;107;53m│[39m [38;2;138;138;154mphase[39m        [38;2;232;232;240mcoding [38;2;255;107;53m▪ structured[39m     [38;2;255;107;53m│[39m [38;2;35;35;46m│[39m [38;2;74;74;88mMCP SERVERS[39m                                                   [38;2;35;35;46m│[39m [38;2;35;35;46m│[39m
[38;2;35;35;46m│[39m [38;2;255;107;53m│[39m [38;2;138;138;154mmodel[39m     [38;2;232;232;240mkimi/kimi-for-coding · [39m    [38;2;255;107;53m│[39m [38;2;35;35;46m│[39m [38;2;255;62;138mcontext7  memory  auto-claude[39m                                 [38;2;35;35;46m│[39m [38;2;35;35;46m│[39m
[38;2;35;35;46m│[39m [38;2;255;107;53m│[39m           [38;2;232;232;240mthinking:low[39m               [38;2;255;107;53m│[39m [38;2;35;35;46m│[39m [38;2;74;74;88mAUTO-CLAUDE MCP[39m                                               [38;2;35;35;46m│[39m [38;2;35;35;46m│[39m
[38;2;35;35;46m│[39m [38;2;255;107;53m│[39m [38;2;138;138;154msteps[39m        [38;2;232;232;240m0/1000[39m                  [38;2;255;107;53m│[39m [38;2;35;35;46m│[39m [38;2;255;107;53mmcp__auto-claude__update_subtask_status  [39m                     [38;2;35;35;46m│[39m [38;2;35;35;46m│[39m
[38;2;35;35;46m│[39m [38;2;255;107;53m│[39m [38;2;138;138;154msession[39m      [38;2;232;232;240m#1 · continuations 0/5[39m  [38;2;255;107;53m│[39m [38;2;35;35;46m│[39m [38;2;255;107;53mmcp__auto-claude__get_build_progress  [39m                        [38;2;35;35;46m│[39m [38;2;35;35;46m│[39m
[38;2;35;35;46m│[39m [38;2;255;107;53m│[39m [38;2;138;138;154melapsed[39m      [38;2;138;138;154m20s[39m                     [38;2;255;107;53m│[39m [38;2;35;35;46m│[39m [38;2;255;107;53mmcp__auto-claude__record_discovery  [39m                          [38;2;35;35;46m│[39m [38;2;35;35;46m│[39m
[38;2;35;35;46m│[39m [38;2;255;107;53m│[39m [38;2;138;138;154mlast[39m         [38;2;74;74;88mIteration 1 (coding)[39m    [38;2;255;107;53m│[39m [38;2;35;35;46m│[39m [38;2;255;107;53mmcp__auto-claude__record_gotcha  [39m                             [38;2;35;35;46m│[39m [38;2;35;35;46m│[39m
[38;2;35;35;46m│[39m [38;2;255;107;53m└──────────────────────────────────────┘[39m [38;2;35;35;46m│[39m [38;2;255;107;53mmcp__auto-claude__get_session_context[39m                         [38;2;35;35;46m│[39m [38;2;35;35;46m│[39m
[38;2;35;35;46m│[39m                                          [38;2;35;35;46m│[39m                                                               [38;2;35;35;46m│[39m [38;2;35;35;46m│[39m
[38;2;35;35;46m│[39m [38;2;35;35;46m┌──────────────────────────────────────┐[39m [38;2;35;35;46m│[39m [38;2;74;74;88mgrants resolved from AGENT_CONFIGS[coder][39m                     [38;2;35;35;46m│[39m [38;2;35;35;46m│[39m
[38;2;35;35;46m│[39m [38;2;35;35;46m│[39m [38;2;138;138;154mWAIT STATE[39m                           [38;2;35;35;46m│[39m [38;2;35;35;46m│[39m [38;2;74;74;88mwrites contained to allowedWritePaths[39m                         [38;2;35;35;46m│[39m [38;2;35;35;46m│[39m
[38;2;35;35;46m│[39m [38;2;35;35;46m│[39m [38;2;61;220;132m● executing — not blocked[39m            [38;2;35;35;46m│[39m [38;2;35;35;46m│[39m                                                               [38;2;35;35;46m│[39m [38;2;35;35;46m│[39m
[38;2;35;35;46m│[39m [38;2;35;35;46m└──────────────────────────────────────┘[39m [38;2;35;35;46m│[39m                                                               [38;2;35;35;46m│[39m [38;2;35;35;46m│[39m
[38;2;35;35;46m│[39m                                          [38;2;35;35;46m│[39m                                                               [38;2;35;35;46m│[39m [38;2;35;35;46m│[39m
[38;2;35;35;46m│[39m [38;2;35;35;46m┌──────────────────────────────────────┐[39m [38;2;35;35;46m│[39m                                                               [38;2;35;35;46m│[39m [38;2;35;35;46m│[39m
[38;2;35;35;46m│[39m [38;2;35;35;46m│[39m [38;2;138;138;154mTOKEN / CONTEXT[39m                      [38;2;35;35;46m│[39m [38;2;35;35;46m│[39m                                                               [38;2;35;35;46m│[39m [38;2;35;35;46m│[39m
[38;2;35;35;46m│[39m [38;2;35;35;46m│[39m [38;2;61;220;132m░░░░░░░░░░░░░░░░░░░░░░░░░░░░░░[39m       [38;2;35;35;46m│[39m [38;2;35;35;46m│[39m                                                               [38;2;35;35;46m│[39m [38;2;35;35;46m│[39m
[38;2;35;35;46m│[39m [38;2;35;35;46m│[39m [38;2;138;138;154m0 / 200.0k · 0%[39m                      [38;2;35;35;46m│[39m [38;2;35;35;46m│[39m                                                               [38;2;35;35;46m│[39m [38;2;35;35;46m│[39m
[38;2;35;35;46m│[39m [38;2;35;35;46m│[39m [38;2;74;74;88mwarn @70% · continuation @90% · hard [38;2;35;35;46m│[39m [38;2;35;35;46m│[39m                                                               [38;2;35;35;46m│[39m [38;2;35;35;46m│[39m
[38;2;35;35;46m│[39m [38;2;35;35;46m│[39m [38;2;74;74;88mabort @95%[39m                           [38;2;35;35;46m│[39m [38;2;35;35;46m│[39m                                                               [38;2;35;35;46m│[39m [38;2;35;35;46m│[39m
[38;2;35;35;46m│[39m [38;2;35;35;46m│[39m [38;2;138;138;154mprompt[39m       [38;2;232;232;240m0[39m                       [38;2;35;35;46m│[39m [38;2;35;35;46m│[39m                                                               [38;2;35;35;46m│[39m [38;2;35;35;46m│[39m
[38;2;35;35;46m│[39m [38;2;35;35;46m│[39m [38;2;138;138;154mcompletion[39m   [38;2;232;232;240m0[39m                       [38;2;35;35;46m│[39m [38;2;35;35;46m│[39m                                                               [38;2;35;35;46m│[39m [38;2;35;35;46m│[39m
[38;2;35;35;46m│[39m [38;2;35;35;46m│[39m [38;2;138;138;154mthinking[39m     [38;2;56;189;248m0[39m                       [38;2;35;35;46m│[39m [38;2;35;35;46m│[39m                                                               [38;2;35;35;46m│[39m [38;2;35;35;46m│[39m
[38;2;35;35;46m│[39m [38;2;35;35;46m│[39m [38;2;138;138;154mcache hit[39m    [38;2;61;220;132m░░░░░░░░░░ 0%[39m           [38;2;35;35;46m│[39m [38;2;35;35;46m│[39m                                                               [38;2;35;35;46m│[39m [38;2;35;35;46m│[39m
[38;2;35;35;46m│[39m [38;2;35;35;46m│[39m [38;2;138;138;154mtotal[39m        [38;2;255;107;53m0[39m                       [38;2;35;35;46m│[39m [38;2;35;35;46m│[39m                                                               [38;2;35;35;46m│[39m [38;2;35;35;46m│[39m
[38;2;35;35;46m│[39m [38;2;35;35;46m└──────────────────────────────────────┘[39m [38;2;35;35;46m└───────────────────────────────────────────────────────────────┘[39m [38;2;35;35;46m│[39m
[38;2;35;35;46m│[1m[48;2;255;107;53m[38;2;5;5;7m AGENTS [39m[49m[22m [38;2;138;138;154m1-6 sub-view · j/k select · ⏎ inspect · f filter · r resume[39m                           [38;2;255;107;53m:[38;2;74;74;88m cmd  [38;2;255;107;53m?[38;2;74;74;88m help[38;2;35;35;46m│[39m
[38;2;35;35;46m└────────────────────────────────────────────────────────────────────────────────────────────────────────────┘[39m[2J[3J[H[38;2;35;35;46m┌────────────────────────────────────────────────────────────────────────────────────────────────────────────┐[39m
[38;2;35;35;46m│[1m[38;2;255;107;53mAPERANT[39m[22m [38;2;74;74;88m│[39m [38;2;138;138;154maperant-fixture[39m [38;2;74;74;88m/tmp/aperant-fixture[39m [38;2;74;74;88m│[39m [38;2;56;189;248m⑂ develop[39m             [38;2;255;107;53m◉[38;2;138;138;154m 1 running[39m  [38;2;255;176;0m◆[38;2;138;138;154m 0 review[39m  [38;2;61;220;132m●[38;2;138;138;154m no profile[38;2;35;35;46m│[39m
[38;2;35;35;46m│[39m [38;2;138;138;154m 1 board [39m  [38;2;138;138;154m 2 term [39m  [38;2;138;138;154m 3 road [39m  [38;2;138;138;154m 4 chat [39m  [38;2;138;138;154m 5 tree [39m  [38;2;138;138;154m 6 set [39m  [1m[48;2;255;107;53m[38;2;5;5;7m 7 agents [39m[49m[22m                                     [38;2;35;35;46m│[39m
[38;2;35;35;46m│[39m [38;2;138;138;154m 1 swarm [39m [38;2;138;138;154m 2 graph [39m [1m[48;2;255;107;53m[38;2;5;5;7m 3 inspect [39m[49m[22m [38;2;138;138;154m 4 trace [39m [38;2;138;138;154m 5 tokens [39m [38;2;138;138;154m 6 waits [39m [38;2;74;74;88m1 agent · esc then 1-7 to switch tabs[39m       [38;2;35;35;46m│[39m
[38;2;35;35;46m│[39m                                                                                                            [38;2;35;35;46m│[39m
[38;2;35;35;46m│[39m [38;2;255;107;53m┌──────────────────────────────────────┐[39m [38;2;35;35;46m┌───────────────────────────────────────────────────────────────┐[39m [38;2;35;35;46m│[39m
[38;2;35;35;46m│[39m [38;2;255;107;53m│[39m [1m[38;2;255;107;53mAGENT · 002-fix-terminal-bla[39m[22m         [38;2;255;107;53m│[39m [38;2;35;35;46m│[39m [38;2;138;138;154mTOOL GRANTS (from AGENT_CONFIGS)[39m                              [38;2;35;35;46m│[39m [38;2;35;35;46m│[39m
[38;2;35;35;46m│[39m [38;2;255;107;53m│[39m [38;2;138;138;154mtype[39m         [38;2;255;107;53mcoder[39m                   [38;2;255;107;53m│[39m [38;2;35;35;46m│[39m [38;2;74;74;88mBUILTIN[39m                                                       [38;2;35;35;46m│[39m [38;2;35;35;46m│[39m
[38;2;35;35;46m│[39m [38;2;255;107;53m│[39m [38;2;138;138;154mstate[39m        [38;2;255;107;53mRUNNING[39m                 [38;2;255;107;53m│[39m [38;2;35;35;46m│[39m [38;2;56;189;248mRead  Glob  Grep  Write  Edit  Bash  WebFetch  WebSearch[39m      [38;2;35;35;46m│[39m [38;2;35;35;46m│[39m
[38;2;35;35;46m│[39m [38;2;255;107;53m│[39m [38;2;138;138;154mphase[39m        [38;2;232;232;240mcoding [38;2;255;107;53m▪ structured[39m     [38;2;255;107;53m│[39m [38;2;35;35;46m│[39m [38;2;74;74;88mMCP SERVERS[39m                                                   [38;2;35;35;46m│[39m [38;2;35;35;46m│[39m
[38;2;35;35;46m│[39m [38;2;255;107;53m│[39m [38;2;138;138;154mmodel[39m     [38;2;232;232;240mkimi/kimi-for-coding · [39m    [38;2;255;107;53m│[39m [38;2;35;35;46m│[39m [38;2;255;62;138mcontext7  memory  auto-claude[39m                                 [38;2;35;35;46m│[39m [38;2;35;35;46m│[39m
[38;2;35;35;46m│[39m [38;2;255;107;53m│[39m           [38;2;232;232;240mthinking:low[39m               [38;2;255;107;53m│[39m [38;2;35;35;46m│[39m [38;2;74;74;88mAUTO-CLAUDE MCP[39m                                               [38;2;35;35;46m│[39m [38;2;35;35;46m│[39m
[38;2;35;35;46m│[39m [38;2;255;107;53m│[39m [38;2;138;138;154msteps[39m        [38;2;232;232;240m0/1000[39m                  [38;2;255;107;53m│[39m [38;2;35;35;46m│[39m [38;2;255;107;53mmcp__auto-claude__update_subtask_status  [39m                     [38;2;35;35;46m│[39m [38;2;35;35;46m│[39m
[38;2;35;35;46m│[39m [38;2;255;107;53m│[39m [38;2;138;138;154msession[39m      [38;2;232;232;240m#1 · continuations 0/5[39m  [38;2;255;107;53m│[39m [38;2;35;35;46m│[39m [38;2;255;107;53mmcp__auto-claude__get_build_progress  [39m                        [38;2;35;35;46m│[39m [38;2;35;35;46m│[39m
[38;2;35;35;46m│[39m [38;2;255;107;53m│[39m [38;2;138;138;154melapsed[39m      [38;2;138;138;154m21s[39m                     [38;2;255;107;53m│[39m [38;2;35;35;46m│[39m [38;2;255;107;53mmcp__auto-claude__record_discovery  [39m                          [38;2;35;35;46m│[39m [38;2;35;35;46m│[39m
[38;2;35;35;46m│[39m [38;2;255;107;53m│[39m [38;2;138;138;154mlast[39m         [38;2;74;74;88mIteration 1 (coding)[39m    [38;2;255;107;53m│[39m [38;2;35;35;46m│[39m [38;2;255;107;53mmcp__auto-claude__record_gotcha  [39m                             [38;2;35;35;46m│[39m [38;2;35;35;46m│[39m
[38;2;35;35;46m│[39m [38;2;255;107;53m└──────────────────────────────────────┘[39m [38;2;35;35;46m│[39m [38;2;255;107;53mmcp__auto-claude__get_session_context[39m                         [38;2;35;35;46m│[39m [38;2;35;35;46m│[39m
[38;2;35;35;46m│[39m                                          [38;2;35;35;46m│[39m                                                               [38;2;35;35;46m│[39m [38;2;35;35;46m│[39m
[38;2;35;35;46m│[39m [38;2;35;35;46m┌──────────────────────────────────────┐[39m [38;2;35;35;46m│[39m [38;2;74;74;88mgrants resolved from AGENT_CONFIGS[coder][39m                     [38;2;35;35;46m│[39m [38;2;35;35;46m│[39m
[38;2;35;35;46m│[39m [38;2;35;35;46m│[39m [38;2;138;138;154mWAIT STATE[39m                           [38;2;35;35;46m│[39m [38;2;35;35;46m│[39m [38;2;74;74;88mwrites contained to allowedWritePaths[39m                         [38;2;35;35;46m│[39m [38;2;35;35;46m│[39m
[38;2;35;35;46m│[39m [38;2;35;35;46m│[39m [38;2;61;220;132m● executing — not blocked[39m            [38;2;35;35;46m│[39m [38;2;35;35;46m│[39m                                                               [38;2;35;35;46m│[39m [38;2;35;35;46m│[39m
[38;2;35;35;46m│[39m [38;2;35;35;46m└──────────────────────────────────────┘[39m [38;2;35;35;46m│[39m                                                               [38;2;35;35;46m│[39m [38;2;35;35;46m│[39m
[38;2;35;35;46m│[39m                                          [38;2;35;35;46m│[39m                                                               [38;2;35;35;46m│[39m [38;2;35;35;46m│[39m
[38;2;35;35;46m│[39m [38;2;35;35;46m┌──────────────────────────────────────┐[39m [38;2;35;35;46m│[39m                                                               [38;2;35;35;46m│[39m [38;2;35;35;46m│[39m
[38;2;35;35;46m│[39m [38;2;35;35;46m│[39m [38;2;138;138;154mTOKEN / CONTEXT[39m                      [38;2;35;35;46m│[39m [38;2;35;35;46m│[39m                                                               [38;2;35;35;46m│[39m [38;2;35;35;46m│[39m
[38;2;35;35;46m│[39m [38;2;35;35;46m│[39m [38;2;61;220;132m░░░░░░░░░░░░░░░░░░░░░░░░░░░░░░[39m       [38;2;35;35;46m│[39m [38;2;35;35;46m│[39m                                                               [38;2;35;35;46m│[39m [38;2;35;35;46m│[39m
[38;2;35;35;46m│[39m [38;2;35;35;46m│[39m [38;2;138;138;154m0 / 200.0k · 0%[39m                      [38;2;35;35;46m│[39m [38;2;35;35;46m│[39m                                                               [38;2;35;35;46m│[39m [38;2;35;35;46m│[39m
[38;2;35;35;46m│[39m [38;2;35;35;46m│[39m [38;2;74;74;88mwarn @70% · continuation @90% · hard [38;2;35;35;46m│[39m [38;2;35;35;46m│[39m                                                               [38;2;35;35;46m│[39m [38;2;35;35;46m│[39m
[38;2;35;35;46m│[39m [38;2;35;35;46m│[39m [38;2;74;74;88mabort @95%[39m                           [38;2;35;35;46m│[39m [38;2;35;35;46m│[39m                                                               [38;2;35;35;46m│[39m [38;2;35;35;46m│[39m
[38;2;35;35;46m│[39m [38;2;35;35;46m│[39m [38;2;138;138;154mprompt[39m       [38;2;232;232;240m0[39m                       [38;2;35;35;46m│[39m [38;2;35;35;46m│[39m                                                               [38;2;35;35;46m│[39m [38;2;35;35;46m│[39m
[38;2;35;35;46m│[39m [38;2;35;35;46m│[39m [38;2;138;138;154mcompletion[39m   [38;2;232;232;240m0[39m                       [38;2;35;35;46m│[39m [38;2;35;35;46m│[39m                                                               [38;2;35;35;46m│[39m [38;2;35;35;46m│[39m
[38;2;35;35;46m│[39m [38;2;35;35;46m│[39m [38;2;138;138;154mthinking[39m     [38;2;56;189;248m0[39m                       [38;2;35;35;46m│[39m [38;2;35;35;46m│[39m                                                               [38;2;35;35;46m│[39m [38;2;35;35;46m│[39m
[38;2;35;35;46m│[39m [38;2;35;35;46m│[39m [38;2;138;138;154mcache hit[39m    [38;2;61;220;132m░░░░░░░░░░ 0%[39m           [38;2;35;35;46m│[39m [38;2;35;35;46m│[39m                                                               [38;2;35;35;46m│[39m [38;2;35;35;46m│[39m
[38;2;35;35;46m│[39m [38;2;35;35;46m│[39m [38;2;138;138;154mtotal[39m        [38;2;255;107;53m0[39m                       [38;2;35;35;46m│[39m [38;2;35;35;46m│[39m                                                               [38;2;35;35;46m│[39m [38;2;35;35;46m│[39m
[38;2;35;35;46m│[39m [38;2;35;35;46m└──────────────────────────────────────┘[39m [38;2;35;35;46m└───────────────────────────────────────────────────────────────┘[39m [38;2;35;35;46m│[39m
[38;2;35;35;46m│[1m[48;2;255;107;53m[38;2;5;5;7m AGENTS [39m[49m[22m [38;2;138;138;154m1-6 sub-view · j/k select · ⏎ inspect · f filter · r resume[39m                           [38;2;255;107;53m:[38;2;74;74;88m cmd  [38;2;255;107;53m?[38;2;74;74;88m help[38;2;35;35;46m│[39m
[38;2;35;35;46m└────────────────────────────────────────────────────────────────────────────────────────────────────────────┘[39m[2J[3J[H[38;2;35;35;46m┌────────────────────────────────────────────────────────────────────────────────────────────────────────────┐[39m
[38;2;35;35;46m│[1m[38;2;255;107;53mAPERANT[39m[22m [38;2;74;74;88m│[39m [38;2;138;138;154maperant-fixture[39m [38;2;74;74;88m/tmp/aperant-fixture[39m [38;2;74;74;88m│[39m [38;2;56;189;248m⑂ develop[39m             [38;2;255;107;53m◉[38;2;138;138;154m 1 running[39m  [38;2;255;176;0m◆[38;2;138;138;154m 0 review[39m  [38;2;61;220;132m●[38;2;138;138;154m no profile[38;2;35;35;46m│[39m
[38;2;35;35;46m│[39m [38;2;138;138;154m 1 board [39m  [38;2;138;138;154m 2 term [39m  [38;2;138;138;154m 3 road [39m  [38;2;138;138;154m 4 chat [39m  [38;2;138;138;154m 5 tree [39m  [38;2;138;138;154m 6 set [39m  [1m[48;2;255;107;53m[38;2;5;5;7m 7 agents [39m[49m[22m                                     [38;2;35;35;46m│[39m
[38;2;35;35;46m│[39m [38;2;138;138;154m 1 swarm [39m [38;2;138;138;154m 2 graph [39m [1m[48;2;255;107;53m[38;2;5;5;7m 3 inspect [39m[49m[22m [38;2;138;138;154m 4 trace [39m [38;2;138;138;154m 5 tokens [39m [38;2;138;138;154m 6 waits [39m [38;2;74;74;88m1 agent · esc then 1-7 to switch tabs[39m       [38;2;35;35;46m│[39m
[38;2;35;35;46m│[39m                                                                                                            [38;2;35;35;46m│[39m
[38;2;35;35;46m│[39m [38;2;255;107;53m┌──────────────────────────────────────┐[39m [38;2;35;35;46m┌───────────────────────────────────────────────────────────────┐[39m [38;2;35;35;46m│[39m
[38;2;35;35;46m│[39m [38;2;255;107;53m│[39m [1m[38;2;255;107;53mAGENT · 002-fix-terminal-bla[39m[22m         [38;2;255;107;53m│[39m [38;2;35;35;46m│[39m [38;2;138;138;154mTOOL GRANTS (from AGENT_CONFIGS)[39m                              [38;2;35;35;46m│[39m [38;2;35;35;46m│[39m
[38;2;35;35;46m│[39m [38;2;255;107;53m│[39m [38;2;138;138;154mtype[39m         [38;2;255;107;53mcoder[39m                   [38;2;255;107;53m│[39m [38;2;35;35;46m│[39m [38;2;74;74;88mBUILTIN[39m                                                       [38;2;35;35;46m│[39m [38;2;35;35;46m│[39m
[38;2;35;35;46m│[39m [38;2;255;107;53m│[39m [38;2;138;138;154mstate[39m        [38;2;255;107;53mRUNNING[39m                 [38;2;255;107;53m│[39m [38;2;35;35;46m│[39m [38;2;56;189;248mRead  Glob  Grep  Write  Edit  Bash  WebFetch  WebSearch[39m      [38;2;35;35;46m│[39m [38;2;35;35;46m│[39m
[38;2;35;35;46m│[39m [38;2;255;107;53m│[39m [38;2;138;138;154mphase[39m        [38;2;232;232;240mcoding [38;2;255;107;53m▪ structured[39m     [38;2;255;107;53m│[39m [38;2;35;35;46m│[39m [38;2;74;74;88mMCP SERVERS[39m                                                   [38;2;35;35;46m│[39m [38;2;35;35;46m│[39m
[38;2;35;35;46m│[39m [38;2;255;107;53m│[39m [38;2;138;138;154mmodel[39m     [38;2;232;232;240mkimi/kimi-for-coding · [39m    [38;2;255;107;53m│[39m [38;2;35;35;46m│[39m [38;2;255;62;138mcontext7  memory  auto-claude[39m                                 [38;2;35;35;46m│[39m [38;2;35;35;46m│[39m
[38;2;35;35;46m│[39m [38;2;255;107;53m│[39m           [38;2;232;232;240mthinking:low[39m               [38;2;255;107;53m│[39m [38;2;35;35;46m│[39m [38;2;74;74;88mAUTO-CLAUDE MCP[39m                                               [38;2;35;35;46m│[39m [38;2;35;35;46m│[39m
[38;2;35;35;46m│[39m [38;2;255;107;53m│[39m [38;2;138;138;154msteps[39m        [38;2;232;232;240m0/1000[39m                  [38;2;255;107;53m│[39m [38;2;35;35;46m│[39m [38;2;255;107;53mmcp__auto-claude__update_subtask_status  [39m                     [38;2;35;35;46m│[39m [38;2;35;35;46m│[39m
[38;2;35;35;46m│[39m [38;2;255;107;53m│[39m [38;2;138;138;154msession[39m      [38;2;232;232;240m#1 · continuations 0/5[39m  [38;2;255;107;53m│[39m [38;2;35;35;46m│[39m [38;2;255;107;53mmcp__auto-claude__get_build_progress  [39m                        [38;2;35;35;46m│[39m [38;2;35;35;46m│[39m
[38;2;35;35;46m│[39m [38;2;255;107;53m│[39m [38;2;138;138;154melapsed[39m      [38;2;138;138;154m22s[39m                     [38;2;255;107;53m│[39m [38;2;35;35;46m│[39m [38;2;255;107;53mmcp__auto-claude__record_discovery  [39m                          [38;2;35;35;46m│[39m [38;2;35;35;46m│[39m
[38;2;35;35;46m│[39m [38;2;255;107;53m│[39m [38;2;138;138;154mlast[39m         [38;2;74;74;88mIteration 1 (coding)[39m    [38;2;255;107;53m│[39m [38;2;35;35;46m│[39m [38;2;255;107;53mmcp__auto-claude__record_gotcha  [39m                             [38;2;35;35;46m│[39m [38;2;35;35;46m│[39m
[38;2;35;35;46m│[39m [38;2;255;107;53m└──────────────────────────────────────┘[39m [38;2;35;35;46m│[39m [38;2;255;107;53mmcp__auto-claude__get_session_context[39m                         [38;2;35;35;46m│[39m [38;2;35;35;46m│[39m
[38;2;35;35;46m│[39m                                          [38;2;35;35;46m│[39m                                                               [38;2;35;35;46m│[39m [38;2;35;35;46m│[39m
[38;2;35;35;46m│[39m [38;2;35;35;46m┌──────────────────────────────────────┐[39m [38;2;35;35;46m│[39m [38;2;74;74;88mgrants resolved from AGENT_CONFIGS[coder][39m                     [38;2;35;35;46m│[39m [38;2;35;35;46m│[39m
[38;2;35;35;46m│[39m [38;2;35;35;46m│[39m [38;2;138;138;154mWAIT STATE[39m                           [38;2;35;35;46m│[39m [38;2;35;35;46m│[39m [38;2;74;74;88mwrites contained to allowedWritePaths[39m                         [38;2;35;35;46m│[39m [38;2;35;35;46m│[39m
[38;2;35;35;46m│[39m [38;2;35;35;46m│[39m [38;2;61;220;132m● executing — not blocked[39m            [38;2;35;35;46m│[39m [38;2;35;35;46m│[39m                                                               [38;2;35;35;46m│[39m [38;2;35;35;46m│[39m
[38;2;35;35;46m│[39m [38;2;35;35;46m└──────────────────────────────────────┘[39m [38;2;35;35;46m│[39m                                                               [38;2;35;35;46m│[39m [38;2;35;35;46m│[39m
[38;2;35;35;46m│[39m                                          [38;2;35;35;46m│[39m                                                               [38;2;35;35;46m│[39m [38;2;35;35;46m│[39m
[38;2;35;35;46m│[39m [38;2;35;35;46m┌──────────────────────────────────────┐[39m [38;2;35;35;46m│[39m                                                               [38;2;35;35;46m│[39m [38;2;35;35;46m│[39m
[38;2;35;35;46m│[39m [38;2;35;35;46m│[39m [38;2;138;138;154mTOKEN / CONTEXT[39m                      [38;2;35;35;46m│[39m [38;2;35;35;46m│[39m                                                               [38;2;35;35;46m│[39m [38;2;35;35;46m│[39m
[38;2;35;35;46m│[39m [38;2;35;35;46m│[39m [38;2;61;220;132m░░░░░░░░░░░░░░░░░░░░░░░░░░░░░░[39m       [38;2;35;35;46m│[39m [38;2;35;35;46m│[39m                                                               [38;2;35;35;46m│[39m [38;2;35;35;46m│[39m
[38;2;35;35;46m│[39m [38;2;35;35;46m│[39m [38;2;138;138;154m0 / 200.0k · 0%[39m                      [38;2;35;35;46m│[39m [38;2;35;35;46m│[39m                                                               [38;2;35;35;46m│[39m [38;2;35;35;46m│[39m
[38;2;35;35;46m│[39m [38;2;35;35;46m│[39m [38;2;74;74;88mwarn @70% · continuation @90% · hard [38;2;35;35;46m│[39m [38;2;35;35;46m│[39m                                                               [38;2;35;35;46m│[39m [38;2;35;35;46m│[39m
[38;2;35;35;46m│[39m [38;2;35;35;46m│[39m [38;2;74;74;88mabort @95%[39m                           [38;2;35;35;46m│[39m [38;2;35;35;46m│[39m                                                               [38;2;35;35;46m│[39m [38;2;35;35;46m│[39m
[38;2;35;35;46m│[39m [38;2;35;35;46m│[39m [38;2;138;138;154mprompt[39m       [38;2;232;232;240m0[39m                       [38;2;35;35;46m│[39m [38;2;35;35;46m│[39m                                                               [38;2;35;35;46m│[39m [38;2;35;35;46m│[39m
[38;2;35;35;46m│[39m [38;2;35;35;46m│[39m [38;2;138;138;154mcompletion[39m   [38;2;232;232;240m0[39m                       [38;2;35;35;46m│[39m [38;2;35;35;46m│[39m                                                               [38;2;35;35;46m│[39m [38;2;35;35;46m│[39m
[38;2;35;35;46m│[39m [38;2;35;35;46m│[39m [38;2;138;138;154mthinking[39m     [38;2;56;189;248m0[39m                       [38;2;35;35;46m│[39m [38;2;35;35;46m│[39m                                                               [38;2;35;35;46m│[39m [38;2;35;35;46m│[39m
[38;2;35;35;46m│[39m [38;2;35;35;46m│[39m [38;2;138;138;154mcache hit[39m    [38;2;61;220;132m░░░░░░░░░░ 0%[39m           [38;2;35;35;46m│[39m [38;2;35;35;46m│[39m                                                               [38;2;35;35;46m│[39m [38;2;35;35;46m│[39m
[38;2;35;35;46m│[39m [38;2;35;35;46m│[39m [38;2;138;138;154mtotal[39m        [38;2;255;107;53m0[39m                       [38;2;35;35;46m│[39m [38;2;35;35;46m│[39m                                                               [38;2;35;35;46m│[39m [38;2;35;35;46m│[39m
[38;2;35;35;46m│[39m [38;2;35;35;46m└──────────────────────────────────────┘[39m [38;2;35;35;46m└───────────────────────────────────────────────────────────────┘[39m [38;2;35;35;46m│[39m
[38;2;35;35;46m│[1m[48;2;255;107;53m[38;2;5;5;7m AGENTS [39m[49m[22m [38;2;138;138;154m1-6 sub-view · j/k select · ⏎ inspect · f filter · r resume[39m                           [38;2;255;107;53m:[38;2;74;74;88m cmd  [38;2;255;107;53m?[38;2;74;74;88m help[38;2;35;35;46m│[39m
[38;2;35;35;46m└────────────────────────────────────────────────────────────────────────────────────────────────────────────┘[39m[2J[3J[H[38;2;35;35;46m┌────────────────────────────────────────────────────────────────────────────────────────────────────────────┐[39m
[38;2;35;35;46m│[1m[38;2;255;107;53mAPERANT[39m[22m [38;2;74;74;88m│[39m [38;2;138;138;154maperant-fixture[39m [38;2;74;74;88m/tmp/aperant-fixture[39m [38;2;74;74;88m│[39m [38;2;56;189;248m⑂ develop[39m             [38;2;255;107;53m◉[38;2;138;138;154m 1 running[39m  [38;2;255;176;0m◆[38;2;138;138;154m 0 review[39m  [38;2;61;220;132m●[38;2;138;138;154m no profile[38;2;35;35;46m│[39m
[38;2;35;35;46m│[39m [38;2;138;138;154m 1 board [39m  [38;2;138;138;154m 2 term [39m  [38;2;138;138;154m 3 road [39m  [38;2;138;138;154m 4 chat [39m  [38;2;138;138;154m 5 tree [39m  [38;2;138;138;154m 6 set [39m  [1m[48;2;255;107;53m[38;2;5;5;7m 7 agents [39m[49m[22m                                     [38;2;35;35;46m│[39m
[38;2;35;35;46m│[39m [38;2;138;138;154m 1 swarm [39m [38;2;138;138;154m 2 graph [39m [1m[48;2;255;107;53m[38;2;5;5;7m 3 inspect [39m[49m[22m [38;2;138;138;154m 4 trace [39m [38;2;138;138;154m 5 tokens [39m [38;2;138;138;154m 6 waits [39m [38;2;74;74;88m1 agent · esc then 1-7 to switch tabs[39m       [38;2;35;35;46m│[39m
[38;2;35;35;46m│[39m                                                                                                            [38;2;35;35;46m│[39m
[38;2;35;35;46m│[39m [38;2;255;107;53m┌──────────────────────────────────────┐[39m [38;2;35;35;46m┌───────────────────────────────────────────────────────────────┐[39m [38;2;35;35;46m│[39m
[38;2;35;35;46m│[39m [38;2;255;107;53m│[39m [1m[38;2;255;107;53mAGENT · 002-fix-terminal-bla[39m[22m         [38;2;255;107;53m│[39m [38;2;35;35;46m│[39m [38;2;138;138;154mTOOL GRANTS (from AGENT_CONFIGS)[39m                              [38;2;35;35;46m│[39m [38;2;35;35;46m│[39m
[38;2;35;35;46m│[39m [38;2;255;107;53m│[39m [38;2;138;138;154mtype[39m         [38;2;255;107;53mcoder[39m                   [38;2;255;107;53m│[39m [38;2;35;35;46m│[39m [38;2;74;74;88mBUILTIN[39m                                                       [38;2;35;35;46m│[39m [38;2;35;35;46m│[39m
[38;2;35;35;46m│[39m [38;2;255;107;53m│[39m [38;2;138;138;154mstate[39m        [38;2;255;107;53mRUNNING[39m                 [38;2;255;107;53m│[39m [38;2;35;35;46m│[39m [38;2;56;189;248mRead  Glob  Grep  Write  Edit  Bash  WebFetch  WebSearch[39m      [38;2;35;35;46m│[39m [38;2;35;35;46m│[39m
[38;2;35;35;46m│[39m [38;2;255;107;53m│[39m [38;2;138;138;154mphase[39m        [38;2;232;232;240mcoding [38;2;255;107;53m▪ structured[39m     [38;2;255;107;53m│[39m [38;2;35;35;46m│[39m [38;2;74;74;88mMCP SERVERS[39m                                                   [38;2;35;35;46m│[39m [38;2;35;35;46m│[39m
[38;2;35;35;46m│[39m [38;2;255;107;53m│[39m [38;2;138;138;154mmodel[39m     [38;2;232;232;240mkimi/kimi-for-coding · [39m    [38;2;255;107;53m│[39m [38;2;35;35;46m│[39m [38;2;255;62;138mcontext7  memory  auto-claude[39m                                 [38;2;35;35;46m│[39m [38;2;35;35;46m│[39m
[38;2;35;35;46m│[39m [38;2;255;107;53m│[39m           [38;2;232;232;240mthinking:low[39m               [38;2;255;107;53m│[39m [38;2;35;35;46m│[39m [38;2;74;74;88mAUTO-CLAUDE MCP[39m                                               [38;2;35;35;46m│[39m [38;2;35;35;46m│[39m
[38;2;35;35;46m│[39m [38;2;255;107;53m│[39m [38;2;138;138;154msteps[39m        [38;2;232;232;240m0/1000[39m                  [38;2;255;107;53m│[39m [38;2;35;35;46m│[39m [38;2;255;107;53mmcp__auto-claude__update_subtask_status  [39m                     [38;2;35;35;46m│[39m [38;2;35;35;46m│[39m
[38;2;35;35;46m│[39m [38;2;255;107;53m│[39m [38;2;138;138;154msession[39m      [38;2;232;232;240m#1 · continuations 0/5[39m  [38;2;255;107;53m│[39m [38;2;35;35;46m│[39m [38;2;255;107;53mmcp__auto-claude__get_build_progress  [39m                        [38;2;35;35;46m│[39m [38;2;35;35;46m│[39m
[38;2;35;35;46m│[39m [38;2;255;107;53m│[39m [38;2;138;138;154melapsed[39m      [38;2;138;138;154m22s[39m                     [38;2;255;107;53m│[39m [38;2;35;35;46m│[39m [38;2;255;107;53mmcp__auto-claude__record_discovery  [39m                          [38;2;35;35;46m│[39m [38;2;35;35;46m│[39m
[38;2;35;35;46m│[39m [38;2;255;107;53m│[39m [38;2;138;138;154mlast[39m         [38;2;74;74;88mIteration 1 (coding)[39m    [38;2;255;107;53m│[39m [38;2;35;35;46m│[39m [38;2;255;107;53mmcp__auto-claude__record_gotcha  [39m                             [38;2;35;35;46m│[39m [38;2;35;35;46m│[39m
[38;2;35;35;46m│[39m [38;2;255;107;53m└──────────────────────────────────────┘[39m [38;2;35;35;46m│[39m [38;2;255;107;53mmcp__auto-claude__get_session_context[39m                         [38;2;35;35;46m│[39m [38;2;35;35;46m│[39m
[38;2;35;35;46m│[39m                                          [38;2;35;35;46m│[39m                                                               [38;2;35;35;46m│[39m [38;2;35;35;46m│[39m
[38;2;35;35;46m│[39m [38;2;35;35;46m┌──────────────────────────────────────┐[39m [38;2;35;35;46m│[39m [38;2;74;74;88mgrants resolved from AGENT_CONFIGS[coder][39m                     [38;2;35;35;46m│[39m [38;2;35;35;46m│[39m
[38;2;35;35;46m│[39m [38;2;35;35;46m│[39m [38;2;138;138;154mWAIT STATE[39m                           [38;2;35;35;46m│[39m [38;2;35;35;46m│[39m [38;2;74;74;88mwrites contained to allowedWritePaths[39m                         [38;2;35;35;46m│[39m [38;2;35;35;46m│[39m
[38;2;35;35;46m│[39m [38;2;35;35;46m│[39m [38;2;61;220;132m● executing — not blocked[39m            [38;2;35;35;46m│[39m [38;2;35;35;46m│[39m                                                               [38;2;35;35;46m│[39m [38;2;35;35;46m│[39m
[38;2;35;35;46m│[39m [38;2;35;35;46m└──────────────────────────────────────┘[39m [38;2;35;35;46m│[39m                                                               [38;2;35;35;46m│[39m [38;2;35;35;46m│[39m
[38;2;35;35;46m│[39m                                          [38;2;35;35;46m│[39m                                                               [38;2;35;35;46m│[39m [38;2;35;35;46m│[39m
[38;2;35;35;46m│[39m [38;2;35;35;46m┌──────────────────────────────────────┐[39m [38;2;35;35;46m│[39m                                                               [38;2;35;35;46m│[39m [38;2;35;35;46m│[39m
[38;2;35;35;46m│[39m [38;2;35;35;46m│[39m [38;2;138;138;154mTOKEN / CONTEXT[39m                      [38;2;35;35;46m│[39m [38;2;35;35;46m│[39m                                                               [38;2;35;35;46m│[39m [38;2;35;35;46m│[39m
[38;2;35;35;46m│[39m [38;2;35;35;46m│[39m [38;2;61;220;132m░░░░░░░░░░░░░░░░░░░░░░░░░░░░░░[39m       [38;2;35;35;46m│[39m [38;2;35;35;46m│[39m                                                               [38;2;35;35;46m│[39m [38;2;35;35;46m│[39m
[38;2;35;35;46m│[39m [38;2;35;35;46m│[39m [38;2;138;138;154m0 / 200.0k · 0%[39m                      [38;2;35;35;46m│[39m [38;2;35;35;46m│[39m                                                               [38;2;35;35;46m│[39m [38;2;35;35;46m│[39m
[38;2;35;35;46m│[39m [38;2;35;35;46m│[39m [38;2;74;74;88mwarn @70% · continuation @90% · hard [38;2;35;35;46m│[39m [38;2;35;35;46m│[39m                                                               [38;2;35;35;46m│[39m [38;2;35;35;46m│[39m
[38;2;35;35;46m│[39m [38;2;35;35;46m│[39m [38;2;74;74;88mabort @95%[39m                           [38;2;35;35;46m│[39m [38;2;35;35;46m│[39m                                                               [38;2;35;35;46m│[39m [38;2;35;35;46m│[39m
[38;2;35;35;46m│[39m [38;2;35;35;46m│[39m [38;2;138;138;154mprompt[39m       [38;2;232;232;240m0[39m                       [38;2;35;35;46m│[39m [38;2;35;35;46m│[39m                                                               [38;2;35;35;46m│[39m [38;2;35;35;46m│[39m
[38;2;35;35;46m│[39m [38;2;35;35;46m│[39m [38;2;138;138;154mcompletion[39m   [38;2;232;232;240m0[39m                       [38;2;35;35;46m│[39m [38;2;35;35;46m│[39m                                                               [38;2;35;35;46m│[39m [38;2;35;35;46m│[39m
[38;2;35;35;46m│[39m [38;2;35;35;46m│[39m [38;2;138;138;154mthinking[39m     [38;2;56;189;248m0[39m                       [38;2;35;35;46m│[39m [38;2;35;35;46m│[39m                                                               [38;2;35;35;46m│[39m [38;2;35;35;46m│[39m
[38;2;35;35;46m│[39m [38;2;35;35;46m│[39m [38;2;138;138;154mcache hit[39m    [38;2;61;220;132m░░░░░░░░░░ 0%[39m           [38;2;35;35;46m│[39m [38;2;35;35;46m│[39m                                                               [38;2;35;35;46m│[39m [38;2;35;35;46m│[39m
[38;2;35;35;46m│[39m [38;2;35;35;46m│[39m [38;2;138;138;154mtotal[39m        [38;2;255;107;53m0[39m                       [38;2;35;35;46m│[39m [38;2;35;35;46m│[39m                                                               [38;2;35;35;46m│[39m [38;2;35;35;46m│[39m
[38;2;35;35;46m│[39m [38;2;35;35;46m└──────────────────────────────────────┘[39m [38;2;35;35;46m└───────────────────────────────────────────────────────────────┘[39m [38;2;35;35;46m│[39m
[38;2;35;35;46m│[1m[48;2;255;107;53m[38;2;5;5;7m AGENTS [39m[49m[22m [38;2;138;138;154m1-6 sub-view · j/k select · ⏎ inspect · f filter · r resume[39m                           [38;2;255;107;53m:[38;2;74;74;88m cmd  [38;2;255;107;53m?[38;2;74;74;88m help[38;2;35;35;46m│[39m
[38;2;35;35;46m└────────────────────────────────────────────────────────────────────────────────────────────────────────────┘[39m[2J[3J[H[38;2;35;35;46m┌────────────────────────────────────────────────────────────────────────────────────────────────────────────┐[39m
[38;2;35;35;46m│[1m[38;2;255;107;53mAPERANT[39m[22m [38;2;74;74;88m│[39m [38;2;138;138;154maperant-fixture[39m [38;2;74;74;88m/tmp/aperant-fixture[39m [38;2;74;74;88m│[39m [38;2;56;189;248m⑂ develop[39m             [38;2;255;107;53m◉[38;2;138;138;154m 1 running[39m  [38;2;255;176;0m◆[38;2;138;138;154m 0 review[39m  [38;2;61;220;132m●[38;2;138;138;154m no profile[38;2;35;35;46m│[39m
[38;2;35;35;46m│[39m [38;2;138;138;154m 1 board [39m  [38;2;138;138;154m 2 term [39m  [38;2;138;138;154m 3 road [39m  [38;2;138;138;154m 4 chat [39m  [38;2;138;138;154m 5 tree [39m  [38;2;138;138;154m 6 set [39m  [1m[48;2;255;107;53m[38;2;5;5;7m 7 agents [39m[49m[22m                                     [38;2;35;35;46m│[39m
[38;2;35;35;46m│[39m [38;2;138;138;154m 1 swarm [39m [38;2;138;138;154m 2 graph [39m [1m[48;2;255;107;53m[38;2;5;5;7m 3 inspect [39m[49m[22m [38;2;138;138;154m 4 trace [39m [38;2;138;138;154m 5 tokens [39m [38;2;138;138;154m 6 waits [39m [38;2;74;74;88m1 agent · esc then 1-7 to switch tabs[39m       [38;2;35;35;46m│[39m
[38;2;35;35;46m│[39m                                                                                                            [38;2;35;35;46m│[39m
[38;2;35;35;46m│[39m [38;2;255;107;53m┌──────────────────────────────────────┐[39m [38;2;35;35;46m┌───────────────────────────────────────────────────────────────┐[39m [38;2;35;35;46m│[39m
[38;2;35;35;46m│[39m [38;2;255;107;53m│[39m [1m[38;2;255;107;53mAGENT · 002-fix-terminal-bla[39m[22m         [38;2;255;107;53m│[39m [38;2;35;35;46m│[39m [38;2;138;138;154mTOOL GRANTS (from AGENT_CONFIGS)[39m                              [38;2;35;35;46m│[39m [38;2;35;35;46m│[39m
[38;2;35;35;46m│[39m [38;2;255;107;53m│[39m [38;2;138;138;154mtype[39m         [38;2;255;107;53mcoder[39m                   [38;2;255;107;53m│[39m [38;2;35;35;46m│[39m [38;2;74;74;88mBUILTIN[39m                                                       [38;2;35;35;46m│[39m [38;2;35;35;46m│[39m
[38;2;35;35;46m│[39m [38;2;255;107;53m│[39m [38;2;138;138;154mstate[39m        [38;2;255;107;53mRUNNING[39m                 [38;2;255;107;53m│[39m [38;2;35;35;46m│[39m [38;2;56;189;248mRead  Glob  Grep  Write  Edit  Bash  WebFetch  WebSearch[39m      [38;2;35;35;46m│[39m [38;2;35;35;46m│[39m
[38;2;35;35;46m│[39m [38;2;255;107;53m│[39m [38;2;138;138;154mphase[39m        [38;2;232;232;240mcoding [38;2;255;107;53m▪ structured[39m     [38;2;255;107;53m│[39m [38;2;35;35;46m│[39m [38;2;74;74;88mMCP SERVERS[39m                                                   [38;2;35;35;46m│[39m [38;2;35;35;46m│[39m
[38;2;35;35;46m│[39m [38;2;255;107;53m│[39m [38;2;138;138;154mmodel[39m     [38;2;232;232;240mkimi/kimi-for-coding · [39m    [38;2;255;107;53m│[39m [38;2;35;35;46m│[39m [38;2;255;62;138mcontext7  memory  auto-claude[39m                                 [38;2;35;35;46m│[39m [38;2;35;35;46m│[39m
[38;2;35;35;46m│[39m [38;2;255;107;53m│[39m           [38;2;232;232;240mthinking:low[39m               [38;2;255;107;53m│[39m [38;2;35;35;46m│[39m [38;2;74;74;88mAUTO-CLAUDE MCP[39m                                               [38;2;35;35;46m│[39m [38;2;35;35;46m│[39m
[38;2;35;35;46m│[39m [38;2;255;107;53m│[39m [38;2;138;138;154msteps[39m        [38;2;232;232;240m0/1000[39m                  [38;2;255;107;53m│[39m [38;2;35;35;46m│[39m [38;2;255;107;53mmcp__auto-claude__update_subtask_status  [39m                     [38;2;35;35;46m│[39m [38;2;35;35;46m│[39m
[38;2;35;35;46m│[39m [38;2;255;107;53m│[39m [38;2;138;138;154msession[39m      [38;2;232;232;240m#1 · continuations 0/5[39m  [38;2;255;107;53m│[39m [38;2;35;35;46m│[39m [38;2;255;107;53mmcp__auto-claude__get_build_progress  [39m                        [38;2;35;35;46m│[39m [38;2;35;35;46m│[39m
[38;2;35;35;46m│[39m [38;2;255;107;53m│[39m [38;2;138;138;154melapsed[39m      [38;2;138;138;154m23s[39m                     [38;2;255;107;53m│[39m [38;2;35;35;46m│[39m [38;2;255;107;53mmcp__auto-claude__record_discovery  [39m                          [38;2;35;35;46m│[39m [38;2;35;35;46m│[39m
[38;2;35;35;46m│[39m [38;2;255;107;53m│[39m [38;2;138;138;154mlast[39m         [38;2;74;74;88mIteration 1 (coding)[39m    [38;2;255;107;53m│[39m [38;2;35;35;46m│[39m [38;2;255;107;53mmcp__auto-claude__record_gotcha  [39m                             [38;2;35;35;46m│[39m [38;2;35;35;46m│[39m
[38;2;35;35;46m│[39m [38;2;255;107;53m└──────────────────────────────────────┘[39m [38;2;35;35;46m│[39m [38;2;255;107;53mmcp__auto-claude__get_session_context[39m                         [38;2;35;35;46m│[39m [38;2;35;35;46m│[39m
[38;2;35;35;46m│[39m                                          [38;2;35;35;46m│[39m                                                               [38;2;35;35;46m│[39m [38;2;35;35;46m│[39m
[38;2;35;35;46m│[39m [38;2;35;35;46m┌──────────────────────────────────────┐[39m [38;2;35;35;46m│[39m [38;2;74;74;88mgrants resolved from AGENT_CONFIGS[coder][39m                     [38;2;35;35;46m│[39m [38;2;35;35;46m│[39m
[38;2;35;35;46m│[39m [38;2;35;35;46m│[39m [38;2;138;138;154mWAIT STATE[39m                           [38;2;35;35;46m│[39m [38;2;35;35;46m│[39m [38;2;74;74;88mwrites contained to allowedWritePaths[39m                         [38;2;35;35;46m│[39m [38;2;35;35;46m│[39m
[38;2;35;35;46m│[39m [38;2;35;35;46m│[39m [38;2;61;220;132m● executing — not blocked[39m            [38;2;35;35;46m│[39m [38;2;35;35;46m│[39m                                                               [38;2;35;35;46m│[39m [38;2;35;35;46m│[39m
[38;2;35;35;46m│[39m [38;2;35;35;46m└──────────────────────────────────────┘[39m [38;2;35;35;46m│[39m                                                               [38;2;35;35;46m│[39m [38;2;35;35;46m│[39m
[38;2;35;35;46m│[39m                                          [38;2;35;35;46m│[39m                                                               [38;2;35;35;46m│[39m [38;2;35;35;46m│[39m
[38;2;35;35;46m│[39m [38;2;35;35;46m┌──────────────────────────────────────┐[39m [38;2;35;35;46m│[39m                                                               [38;2;35;35;46m│[39m [38;2;35;35;46m│[39m
[38;2;35;35;46m│[39m [38;2;35;35;46m│[39m [38;2;138;138;154mTOKEN / CONTEXT[39m                      [38;2;35;35;46m│[39m [38;2;35;35;46m│[39m                                                               [38;2;35;35;46m│[39m [38;2;35;35;46m│[39m
[38;2;35;35;46m│[39m [38;2;35;35;46m│[39m [38;2;61;220;132m░░░░░░░░░░░░░░░░░░░░░░░░░░░░░░[39m       [38;2;35;35;46m│[39m [38;2;35;35;46m│[39m                                                               [38;2;35;35;46m│[39m [38;2;35;35;46m│[39m
[38;2;35;35;46m│[39m [38;2;35;35;46m│[39m [38;2;138;138;154m0 / 200.0k · 0%[39m                      [38;2;35;35;46m│[39m [38;2;35;35;46m│[39m                                                               [38;2;35;35;46m│[39m [38;2;35;35;46m│[39m
[38;2;35;35;46m│[39m [38;2;35;35;46m│[39m [38;2;74;74;88mwarn @70% · continuation @90% · hard [38;2;35;35;46m│[39m [38;2;35;35;46m│[39m                                                               [38;2;35;35;46m│[39m [38;2;35;35;46m│[39m
[38;2;35;35;46m│[39m [38;2;35;35;46m│[39m [38;2;74;74;88mabort @95%[39m                           [38;2;35;35;46m│[39m [38;2;35;35;46m│[39m                                                               [38;2;35;35;46m│[39m [38;2;35;35;46m│[39m
[38;2;35;35;46m│[39m [38;2;35;35;46m│[39m [38;2;138;138;154mprompt[39m       [38;2;232;232;240m0[39m                       [38;2;35;35;46m│[39m [38;2;35;35;46m│[39m                                                               [38;2;35;35;46m│[39m [38;2;35;35;46m│[39m
[38;2;35;35;46m│[39m [38;2;35;35;46m│[39m [38;2;138;138;154mcompletion[39m   [38;2;232;232;240m0[39m                       [38;2;35;35;46m│[39m [38;2;35;35;46m│[39m                                                               [38;2;35;35;46m│[39m [38;2;35;35;46m│[39m
[38;2;35;35;46m│[39m [38;2;35;35;46m│[39m [38;2;138;138;154mthinking[39m     [38;2;56;189;248m0[39m                       [38;2;35;35;46m│[39m [38;2;35;35;46m│[39m                                                               [38;2;35;35;46m│[39m [38;2;35;35;46m│[39m
[38;2;35;35;46m│[39m [38;2;35;35;46m│[39m [38;2;138;138;154mcache hit[39m    [38;2;61;220;132m░░░░░░░░░░ 0%[39m           [38;2;35;35;46m│[39m [38;2;35;35;46m│[39m                                                               [38;2;35;35;46m│[39m [38;2;35;35;46m│[39m
[38;2;35;35;46m│[39m [38;2;35;35;46m│[39m [38;2;138;138;154mtotal[39m        [38;2;255;107;53m0[39m                       [38;2;35;35;46m│[39m [38;2;35;35;46m│[39m                                                               [38;2;35;35;46m│[39m [38;2;35;35;46m│[39m
[38;2;35;35;46m│[39m [38;2;35;35;46m└──────────────────────────────────────┘[39m [38;2;35;35;46m└───────────────────────────────────────────────────────────────┘[39m [38;2;35;35;46m│[39m
[38;2;35;35;46m│[1m[48;2;255;107;53m[38;2;5;5;7m AGENTS [39m[49m[22m [38;2;138;138;154m1-6 sub-view · j/k select · ⏎ inspect · f filter · r resume[39m                           [38;2;255;107;53m:[38;2;74;74;88m cmd  [38;2;255;107;53m?[38;2;74;74;88m help[38;2;35;35;46m│[39m
[38;2;35;35;46m└────────────────────────────────────────────────────────────────────────────────────────────────────────────┘[39m[2J[3J[H[38;2;35;35;46m┌────────────────────────────────────────────────────────────────────────────────────────────────────────────┐[39m
[38;2;35;35;46m│[1m[38;2;255;107;53mAPERANT[39m[22m [38;2;74;74;88m│[39m [38;2;138;138;154maperant-fixture[39m [38;2;74;74;88m/tmp/aperant-fixture[39m [38;2;74;74;88m│[39m [38;2;56;189;248m⑂ develop[39m             [38;2;255;107;53m◉[38;2;138;138;154m 1 running[39m  [38;2;255;176;0m◆[38;2;138;138;154m 0 review[39m  [38;2;61;220;132m●[38;2;138;138;154m no profile[38;2;35;35;46m│[39m
[38;2;35;35;46m│[39m [38;2;138;138;154m 1 board [39m  [38;2;138;138;154m 2 term [39m  [38;2;138;138;154m 3 road [39m  [38;2;138;138;154m 4 chat [39m  [38;2;138;138;154m 5 tree [39m  [38;2;138;138;154m 6 set [39m  [1m[48;2;255;107;53m[38;2;5;5;7m 7 agents [39m[49m[22m                                     [38;2;35;35;46m│[39m
[38;2;35;35;46m│[39m [38;2;138;138;154m 1 swarm [39m [38;2;138;138;154m 2 graph [39m [1m[48;2;255;107;53m[38;2;5;5;7m 3 inspect [39m[49m[22m [38;2;138;138;154m 4 trace [39m [38;2;138;138;154m 5 tokens [39m [38;2;138;138;154m 6 waits [39m [38;2;74;74;88m1 agent · esc then 1-7 to switch tabs[39m       [38;2;35;35;46m│[39m
[38;2;35;35;46m│[39m                                                                                                            [38;2;35;35;46m│[39m
[38;2;35;35;46m│[39m [38;2;255;107;53m┌──────────────────────────────────────┐[39m [38;2;35;35;46m┌───────────────────────────────────────────────────────────────┐[39m [38;2;35;35;46m│[39m
[38;2;35;35;46m│[39m [38;2;255;107;53m│[39m [1m[38;2;255;107;53mAGENT · 002-fix-terminal-bla[39m[22m         [38;2;255;107;53m│[39m [38;2;35;35;46m│[39m [38;2;138;138;154mTOOL GRANTS (from AGENT_CONFIGS)[39m                              [38;2;35;35;46m│[39m [38;2;35;35;46m│[39m
[38;2;35;35;46m│[39m [38;2;255;107;53m│[39m [38;2;138;138;154mtype[39m         [38;2;255;107;53mcoder[39m                   [38;2;255;107;53m│[39m [38;2;35;35;46m│[39m [38;2;74;74;88mBUILTIN[39m                                                       [38;2;35;35;46m│[39m [38;2;35;35;46m│[39m
[38;2;35;35;46m│[39m [38;2;255;107;53m│[39m [38;2;138;138;154mstate[39m        [38;2;255;107;53mRUNNING[39m                 [38;2;255;107;53m│[39m [38;2;35;35;46m│[39m [38;2;56;189;248mRead  Glob  Grep  Write  Edit  Bash  WebFetch  WebSearch[39m      [38;2;35;35;46m│[39m [38;2;35;35;46m│[39m
[38;2;35;35;46m│[39m [38;2;255;107;53m│[39m [38;2;138;138;154mphase[39m        [38;2;232;232;240mcoding [38;2;255;107;53m▪ structured[39m     [38;2;255;107;53m│[39m [38;2;35;35;46m│[39m [38;2;74;74;88mMCP SERVERS[39m                                                   [38;2;35;35;46m│[39m [38;2;35;35;46m│[39m
[38;2;35;35;46m│[39m [38;2;255;107;53m│[39m [38;2;138;138;154mmodel[39m     [38;2;232;232;240mkimi/kimi-for-coding · [39m    [38;2;255;107;53m│[39m [38;2;35;35;46m│[39m [38;2;255;62;138mcontext7  memory  auto-claude[39m                                 [38;2;35;35;46m│[39m [38;2;35;35;46m│[39m
[38;2;35;35;46m│[39m [38;2;255;107;53m│[39m           [38;2;232;232;240mthinking:low[39m               [38;2;255;107;53m│[39m [38;2;35;35;46m│[39m [38;2;74;74;88mAUTO-CLAUDE MCP[39m                                               [38;2;35;35;46m│[39m [38;2;35;35;46m│[39m
[38;2;35;35;46m│[39m [38;2;255;107;53m│[39m [38;2;138;138;154msteps[39m        [38;2;232;232;240m0/1000[39m                  [38;2;255;107;53m│[39m [38;2;35;35;46m│[39m [38;2;255;107;53mmcp__auto-claude__update_subtask_status  [39m                     [38;2;35;35;46m│[39m [38;2;35;35;46m│[39m
[38;2;35;35;46m│[39m [38;2;255;107;53m│[39m [38;2;138;138;154msession[39m      [38;2;232;232;240m#1 · continuations 0/5[39m  [38;2;255;107;53m│[39m [38;2;35;35;46m│[39m [38;2;255;107;53mmcp__auto-claude__get_build_progress  [39m                        [38;2;35;35;46m│[39m [38;2;35;35;46m│[39m
[38;2;35;35;46m│[39m [38;2;255;107;53m│[39m [38;2;138;138;154melapsed[39m      [38;2;138;138;154m24s[39m                     [38;2;255;107;53m│[39m [38;2;35;35;46m│[39m [38;2;255;107;53mmcp__auto-claude__record_discovery  [39m                          [38;2;35;35;46m│[39m [38;2;35;35;46m│[39m
[38;2;35;35;46m│[39m [38;2;255;107;53m│[39m [38;2;138;138;154mlast[39m         [38;2;74;74;88mIteration 1 (coding)[39m    [38;2;255;107;53m│[39m [38;2;35;35;46m│[39m [38;2;255;107;53mmcp__auto-claude__record_gotcha  [39m                             [38;2;35;35;46m│[39m [38;2;35;35;46m│[39m
[38;2;35;35;46m│[39m [38;2;255;107;53m└──────────────────────────────────────┘[39m [38;2;35;35;46m│[39m [38;2;255;107;53mmcp__auto-claude__get_session_context[39m                         [38;2;35;35;46m│[39m [38;2;35;35;46m│[39m
[38;2;35;35;46m│[39m                                          [38;2;35;35;46m│[39m                                                               [38;2;35;35;46m│[39m [38;2;35;35;46m│[39m
[38;2;35;35;46m│[39m [38;2;35;35;46m┌──────────────────────────────────────┐[39m [38;2;35;35;46m│[39m [38;2;74;74;88mgrants resolved from AGENT_CONFIGS[coder][39m                     [38;2;35;35;46m│[39m [38;2;35;35;46m│[39m
[38;2;35;35;46m│[39m [38;2;35;35;46m│[39m [38;2;138;138;154mWAIT STATE[39m                           [38;2;35;35;46m│[39m [38;2;35;35;46m│[39m [38;2;74;74;88mwrites contained to allowedWritePaths[39m                         [38;2;35;35;46m│[39m [38;2;35;35;46m│[39m
[38;2;35;35;46m│[39m [38;2;35;35;46m│[39m [38;2;61;220;132m● executing — not blocked[39m            [38;2;35;35;46m│[39m [38;2;35;35;46m│[39m                                                               [38;2;35;35;46m│[39m [38;2;35;35;46m│[39m
[38;2;35;35;46m│[39m [38;2;35;35;46m└──────────────────────────────────────┘[39m [38;2;35;35;46m│[39m                                                               [38;2;35;35;46m│[39m [38;2;35;35;46m│[39m
[38;2;35;35;46m│[39m                                          [38;2;35;35;46m│[39m                                                               [38;2;35;35;46m│[39m [38;2;35;35;46m│[39m
[38;2;35;35;46m│[39m [38;2;35;35;46m┌──────────────────────────────────────┐[39m [38;2;35;35;46m│[39m                                                               [38;2;35;35;46m│[39m [38;2;35;35;46m│[39m
[38;2;35;35;46m│[39m [38;2;35;35;46m│[39m [38;2;138;138;154mTOKEN / CONTEXT[39m                      [38;2;35;35;46m│[39m [38;2;35;35;46m│[39m                                                               [38;2;35;35;46m│[39m [38;2;35;35;46m│[39m
[38;2;35;35;46m│[39m [38;2;35;35;46m│[39m [38;2;61;220;132m░░░░░░░░░░░░░░░░░░░░░░░░░░░░░░[39m       [38;2;35;35;46m│[39m [38;2;35;35;46m│[39m                                                               [38;2;35;35;46m│[39m [38;2;35;35;46m│[39m
[38;2;35;35;46m│[39m [38;2;35;35;46m│[39m [38;2;138;138;154m0 / 200.0k · 0%[39m                      [38;2;35;35;46m│[39m [38;2;35;35;46m│[39m                                                               [38;2;35;35;46m│[39m [38;2;35;35;46m│[39m
[38;2;35;35;46m│[39m [38;2;35;35;46m│[39m [38;2;74;74;88mwarn @70% · continuation @90% · hard [38;2;35;35;46m│[39m [38;2;35;35;46m│[39m                                                               [38;2;35;35;46m│[39m [38;2;35;35;46m│[39m
[38;2;35;35;46m│[39m [38;2;35;35;46m│[39m [38;2;74;74;88mabort @95%[39m                           [38;2;35;35;46m│[39m [38;2;35;35;46m│[39m                                                               [38;2;35;35;46m│[39m [38;2;35;35;46m│[39m
[38;2;35;35;46m│[39m [38;2;35;35;46m│[39m [38;2;138;138;154mprompt[39m       [38;2;232;232;240m0[39m                       [38;2;35;35;46m│[39m [38;2;35;35;46m│[39m                                                               [38;2;35;35;46m│[39m [38;2;35;35;46m│[39m
[38;2;35;35;46m│[39m [38;2;35;35;46m│[39m [38;2;138;138;154mcompletion[39m   [38;2;232;232;240m0[39m                       [38;2;35;35;46m│[39m [38;2;35;35;46m│[39m                                                               [38;2;35;35;46m│[39m [38;2;35;35;46m│[39m
[38;2;35;35;46m│[39m [38;2;35;35;46m│[39m [38;2;138;138;154mthinking[39m     [38;2;56;189;248m0[39m                       [38;2;35;35;46m│[39m [38;2;35;35;46m│[39m                                                               [38;2;35;35;46m│[39m [38;2;35;35;46m│[39m
[38;2;35;35;46m│[39m [38;2;35;35;46m│[39m [38;2;138;138;154mcache hit[39m    [38;2;61;220;132m░░░░░░░░░░ 0%[39m           [38;2;35;35;46m│[39m [38;2;35;35;46m│[39m                                                               [38;2;35;35;46m│[39m [38;2;35;35;46m│[39m
[38;2;35;35;46m│[39m [38;2;35;35;46m│[39m [38;2;138;138;154mtotal[39m        [38;2;255;107;53m0[39m                       [38;2;35;35;46m│[39m [38;2;35;35;46m│[39m                                                               [38;2;35;35;46m│[39m [38;2;35;35;46m│[39m
[38;2;35;35;46m│[39m [38;2;35;35;46m└──────────────────────────────────────┘[39m [38;2;35;35;46m└───────────────────────────────────────────────────────────────┘[39m [38;2;35;35;46m│[39m
[38;2;35;35;46m│[1m[48;2;255;107;53m[38;2;5;5;7m AGENTS [39m[49m[22m [38;2;138;138;154m1-6 sub-view · j/k select · ⏎ inspect · f filter · r resume[39m                           [38;2;255;107;53m:[38;2;74;74;88m cmd  [38;2;255;107;53m?[38;2;74;74;88m help[38;2;35;35;46m│[39m
[38;2;35;35;46m└────────────────────────────────────────────────────────────────────────────────────────────────────────────┘[39m[2J[3J[H[38;2;35;35;46m┌────────────────────────────────────────────────────────────────────────────────────────────────────────────┐[39m
[38;2;35;35;46m│[1m[38;2;255;107;53mAPERANT[39m[22m [38;2;74;74;88m│[39m [38;2;138;138;154maperant-fixture[39m [38;2;74;74;88m/tmp/aperant-fixture[39m [38;2;74;74;88m│[39m [38;2;56;189;248m⑂ develop[39m             [38;2;255;107;53m◉[38;2;138;138;154m 1 running[39m  [38;2;255;176;0m◆[38;2;138;138;154m 0 review[39m  [38;2;61;220;132m●[38;2;138;138;154m no profile[38;2;35;35;46m│[39m
[38;2;35;35;46m│[39m [38;2;138;138;154m 1 board [39m  [38;2;138;138;154m 2 term [39m  [38;2;138;138;154m 3 road [39m  [38;2;138;138;154m 4 chat [39m  [38;2;138;138;154m 5 tree [39m  [38;2;138;138;154m 6 set [39m  [1m[48;2;255;107;53m[38;2;5;5;7m 7 agents [39m[49m[22m                                     [38;2;35;35;46m│[39m
[38;2;35;35;46m│[39m [38;2;138;138;154m 1 swarm [39m [38;2;138;138;154m 2 graph [39m [1m[48;2;255;107;53m[38;2;5;5;7m 3 inspect [39m[49m[22m [38;2;138;138;154m 4 trace [39m [38;2;138;138;154m 5 tokens [39m [38;2;138;138;154m 6 waits [39m [38;2;74;74;88m1 agent · esc then 1-7 to switch tabs[39m       [38;2;35;35;46m│[39m
[38;2;35;35;46m│[39m                                                                                                            [38;2;35;35;46m│[39m
[38;2;35;35;46m│[39m [38;2;255;107;53m┌──────────────────────────────────────┐[39m [38;2;35;35;46m┌───────────────────────────────────────────────────────────────┐[39m [38;2;35;35;46m│[39m
[38;2;35;35;46m│[39m [38;2;255;107;53m│[39m [1m[38;2;255;107;53mAGENT · 002-fix-terminal-bla[39m[22m         [38;2;255;107;53m│[39m [38;2;35;35;46m│[39m [38;2;138;138;154mTOOL GRANTS (from AGENT_CONFIGS)[39m                              [38;2;35;35;46m│[39m [38;2;35;35;46m│[39m
[38;2;35;35;46m│[39m [38;2;255;107;53m│[39m [38;2;138;138;154mtype[39m         [38;2;255;107;53mcoder[39m                   [38;2;255;107;53m│[39m [38;2;35;35;46m│[39m [38;2;74;74;88mBUILTIN[39m                                                       [38;2;35;35;46m│[39m [38;2;35;35;46m│[39m
[38;2;35;35;46m│[39m [38;2;255;107;53m│[39m [38;2;138;138;154mstate[39m        [38;2;255;107;53mRUNNING[39m                 [38;2;255;107;53m│[39m [38;2;35;35;46m│[39m [38;2;56;189;248mRead  Glob  Grep  Write  Edit  Bash  WebFetch  WebSearch[39m      [38;2;35;35;46m│[39m [38;2;35;35;46m│[39m
[38;2;35;35;46m│[39m [38;2;255;107;53m│[39m [38;2;138;138;154mphase[39m        [38;2;232;232;240mcoding [38;2;255;107;53m▪ structured[39m     [38;2;255;107;53m│[39m [38;2;35;35;46m│[39m [38;2;74;74;88mMCP SERVERS[39m                                                   [38;2;35;35;46m│[39m [38;2;35;35;46m│[39m
[38;2;35;35;46m│[39m [38;2;255;107;53m│[39m [38;2;138;138;154mmodel[39m     [38;2;232;232;240mkimi/kimi-for-coding · [39m    [38;2;255;107;53m│[39m [38;2;35;35;46m│[39m [38;2;255;62;138mcontext7  memory  auto-claude[39m                                 [38;2;35;35;46m│[39m [38;2;35;35;46m│[39m
[38;2;35;35;46m│[39m [38;2;255;107;53m│[39m           [38;2;232;232;240mthinking:low[39m               [38;2;255;107;53m│[39m [38;2;35;35;46m│[39m [38;2;74;74;88mAUTO-CLAUDE MCP[39m                                               [38;2;35;35;46m│[39m [38;2;35;35;46m│[39m
[38;2;35;35;46m│[39m [38;2;255;107;53m│[39m [38;2;138;138;154msteps[39m        [38;2;232;232;240m0/1000[39m                  [38;2;255;107;53m│[39m [38;2;35;35;46m│[39m [38;2;255;107;53mmcp__auto-claude__update_subtask_status  [39m                     [38;2;35;35;46m│[39m [38;2;35;35;46m│[39m
[38;2;35;35;46m│[39m [38;2;255;107;53m│[39m [38;2;138;138;154msession[39m      [38;2;232;232;240m#1 · continuations 0/5[39m  [38;2;255;107;53m│[39m [38;2;35;35;46m│[39m [38;2;255;107;53mmcp__auto-claude__get_build_progress  [39m                        [38;2;35;35;46m│[39m [38;2;35;35;46m│[39m
[38;2;35;35;46m│[39m [38;2;255;107;53m│[39m [38;2;138;138;154melapsed[39m      [38;2;138;138;154m24s[39m                     [38;2;255;107;53m│[39m [38;2;35;35;46m│[39m [38;2;255;107;53mmcp__auto-claude__record_discovery  [39m                          [38;2;35;35;46m│[39m [38;2;35;35;46m│[39m
[38;2;35;35;46m│[39m [38;2;255;107;53m│[39m [38;2;138;138;154mlast[39m         [38;2;74;74;88mIteration 1 (coding)[39m    [38;2;255;107;53m│[39m [38;2;35;35;46m│[39m [38;2;255;107;53mmcp__auto-claude__record_gotcha  [39m                             [38;2;35;35;46m│[39m [38;2;35;35;46m│[39m
[38;2;35;35;46m│[39m [38;2;255;107;53m└──────────────────────────────────────┘[39m [38;2;35;35;46m│[39m [38;2;255;107;53mmcp__auto-claude__get_session_context[39m                         [38;2;35;35;46m│[39m [38;2;35;35;46m│[39m
[38;2;35;35;46m│[39m                                          [38;2;35;35;46m│[39m                                                               [38;2;35;35;46m│[39m [38;2;35;35;46m│[39m
[38;2;35;35;46m│[39m [38;2;35;35;46m┌──────────────────────────────────────┐[39m [38;2;35;35;46m│[39m [38;2;74;74;88mgrants resolved from AGENT_CONFIGS[coder][39m                     [38;2;35;35;46m│[39m [38;2;35;35;46m│[39m
[38;2;35;35;46m│[39m [38;2;35;35;46m│[39m [38;2;138;138;154mWAIT STATE[39m                           [38;2;35;35;46m│[39m [38;2;35;35;46m│[39m [38;2;74;74;88mwrites contained to allowedWritePaths[39m                         [38;2;35;35;46m│[39m [38;2;35;35;46m│[39m
[38;2;35;35;46m│[39m [38;2;35;35;46m│[39m [38;2;61;220;132m● executing — not blocked[39m            [38;2;35;35;46m│[39m [38;2;35;35;46m│[39m                                                               [38;2;35;35;46m│[39m [38;2;35;35;46m│[39m
[38;2;35;35;46m│[39m [38;2;35;35;46m└──────────────────────────────────────┘[39m [38;2;35;35;46m│[39m                                                               [38;2;35;35;46m│[39m [38;2;35;35;46m│[39m
[38;2;35;35;46m│[39m                                          [38;2;35;35;46m│[39m                                                               [38;2;35;35;46m│[39m [38;2;35;35;46m│[39m
[38;2;35;35;46m│[39m [38;2;35;35;46m┌──────────────────────────────────────┐[39m [38;2;35;35;46m│[39m                                                               [38;2;35;35;46m│[39m [38;2;35;35;46m│[39m
[38;2;35;35;46m│[39m [38;2;35;35;46m│[39m [38;2;138;138;154mTOKEN / CONTEXT[39m                      [38;2;35;35;46m│[39m [38;2;35;35;46m│[39m                                                               [38;2;35;35;46m│[39m [38;2;35;35;46m│[39m
[38;2;35;35;46m│[39m [38;2;35;35;46m│[39m [38;2;61;220;132m░░░░░░░░░░░░░░░░░░░░░░░░░░░░░░[39m       [38;2;35;35;46m│[39m [38;2;35;35;46m│[39m                                                               [38;2;35;35;46m│[39m [38;2;35;35;46m│[39m
[38;2;35;35;46m│[39m [38;2;35;35;46m│[39m [38;2;138;138;154m0 / 200.0k · 0%[39m                      [38;2;35;35;46m│[39m [38;2;35;35;46m│[39m                                                               [38;2;35;35;46m│[39m [38;2;35;35;46m│[39m
[38;2;35;35;46m│[39m [38;2;35;35;46m│[39m [38;2;74;74;88mwarn @70% · continuation @90% · hard [38;2;35;35;46m│[39m [38;2;35;35;46m│[39m                                                               [38;2;35;35;46m│[39m [38;2;35;35;46m│[39m
[38;2;35;35;46m│[39m [38;2;35;35;46m│[39m [38;2;74;74;88mabort @95%[39m                           [38;2;35;35;46m│[39m [38;2;35;35;46m│[39m                                                               [38;2;35;35;46m│[39m [38;2;35;35;46m│[39m
[38;2;35;35;46m│[39m [38;2;35;35;46m│[39m [38;2;138;138;154mprompt[39m       [38;2;232;232;240m0[39m                       [38;2;35;35;46m│[39m [38;2;35;35;46m│[39m                                                               [38;2;35;35;46m│[39m [38;2;35;35;46m│[39m
[38;2;35;35;46m│[39m [38;2;35;35;46m│[39m [38;2;138;138;154mcompletion[39m   [38;2;232;232;240m0[39m                       [38;2;35;35;46m│[39m [38;2;35;35;46m│[39m                                                               [38;2;35;35;46m│[39m [38;2;35;35;46m│[39m
[38;2;35;35;46m│[39m [38;2;35;35;46m│[39m [38;2;138;138;154mthinking[39m     [38;2;56;189;248m0[39m                       [38;2;35;35;46m│[39m [38;2;35;35;46m│[39m                                                               [38;2;35;35;46m│[39m [38;2;35;35;46m│[39m
[38;2;35;35;46m│[39m [38;2;35;35;46m│[39m [38;2;138;138;154mcache hit[39m    [38;2;61;220;132m░░░░░░░░░░ 0%[39m           [38;2;35;35;46m│[39m [38;2;35;35;46m│[39m                                                               [38;2;35;35;46m│[39m [38;2;35;35;46m│[39m
[38;2;35;35;46m│[39m [38;2;35;35;46m│[39m [38;2;138;138;154mtotal[39m        [38;2;255;107;53m0[39m                       [38;2;35;35;46m│[39m [38;2;35;35;46m│[39m                                                               [38;2;35;35;46m│[39m [38;2;35;35;46m│[39m
[38;2;35;35;46m│[39m [38;2;35;35;46m└──────────────────────────────────────┘[39m [38;2;35;35;46m└───────────────────────────────────────────────────────────────┘[39m [38;2;35;35;46m│[39m
[38;2;35;35;46m│[1m[48;2;255;107;53m[38;2;5;5;7m AGENTS [39m[49m[22m [38;2;138;138;154m1-6 sub-view · j/k select · ⏎ inspect · f filter · r resume[39m                           [38;2;255;107;53m:[38;2;74;74;88m cmd  [38;2;255;107;53m?[38;2;74;74;88m help[38;2;35;35;46m│[39m
[38;2;35;35;46m└────────────────────────────────────────────────────────────────────────────────────────────────────────────┘[39m[2J[3J[H[38;2;35;35;46m┌────────────────────────────────────────────────────────────────────────────────────────────────────────────┐[39m
[38;2;35;35;46m│[1m[38;2;255;107;53mAPERANT[39m[22m [38;2;74;74;88m│[39m [38;2;138;138;154maperant-fixture[39m [38;2;74;74;88m/tmp/aperant-fixture[39m [38;2;74;74;88m│[39m [38;2;56;189;248m⑂ develop[39m             [38;2;255;107;53m◉[38;2;138;138;154m 1 running[39m  [38;2;255;176;0m◆[38;2;138;138;154m 0 review[39m  [38;2;61;220;132m●[38;2;138;138;154m no profile[38;2;35;35;46m│[39m
[38;2;35;35;46m│[39m [38;2;138;138;154m 1 board [39m  [38;2;138;138;154m 2 term [39m  [38;2;138;138;154m 3 road [39m  [38;2;138;138;154m 4 chat [39m  [38;2;138;138;154m 5 tree [39m  [38;2;138;138;154m 6 set [39m  [1m[48;2;255;107;53m[38;2;5;5;7m 7 agents [39m[49m[22m                                     [38;2;35;35;46m│[39m
[38;2;35;35;46m│[39m [38;2;138;138;154m 1 swarm [39m [38;2;138;138;154m 2 graph [39m [1m[48;2;255;107;53m[38;2;5;5;7m 3 inspect [39m[49m[22m [38;2;138;138;154m 4 trace [39m [38;2;138;138;154m 5 tokens [39m [38;2;138;138;154m 6 waits [39m [38;2;74;74;88m1 agent · esc then 1-7 to switch tabs[39m       [38;2;35;35;46m│[39m
[38;2;35;35;46m│[39m                                                                                                            [38;2;35;35;46m│[39m
[38;2;35;35;46m│[39m [38;2;255;107;53m┌──────────────────────────────────────┐[39m [38;2;35;35;46m┌───────────────────────────────────────────────────────────────┐[39m [38;2;35;35;46m│[39m
[38;2;35;35;46m│[39m [38;2;255;107;53m│[39m [1m[38;2;255;107;53mAGENT · 002-fix-terminal-bla[39m[22m         [38;2;255;107;53m│[39m [38;2;35;35;46m│[39m [38;2;138;138;154mTOOL GRANTS (from AGENT_CONFIGS)[39m                              [38;2;35;35;46m│[39m [38;2;35;35;46m│[39m
[38;2;35;35;46m│[39m [38;2;255;107;53m│[39m [38;2;138;138;154mtype[39m         [38;2;255;107;53mcoder[39m                   [38;2;255;107;53m│[39m [38;2;35;35;46m│[39m [38;2;74;74;88mBUILTIN[39m                                                       [38;2;35;35;46m│[39m [38;2;35;35;46m│[39m
[38;2;35;35;46m│[39m [38;2;255;107;53m│[39m [38;2;138;138;154mstate[39m        [38;2;255;107;53mRUNNING[39m                 [38;2;255;107;53m│[39m [38;2;35;35;46m│[39m [38;2;56;189;248mRead  Glob  Grep  Write  Edit  Bash  WebFetch  WebSearch[39m      [38;2;35;35;46m│[39m [38;2;35;35;46m│[39m
[38;2;35;35;46m│[39m [38;2;255;107;53m│[39m [38;2;138;138;154mphase[39m        [38;2;232;232;240mcoding [38;2;255;107;53m▪ structured[39m     [38;2;255;107;53m│[39m [38;2;35;35;46m│[39m [38;2;74;74;88mMCP SERVERS[39m                                                   [38;2;35;35;46m│[39m [38;2;35;35;46m│[39m
[38;2;35;35;46m│[39m [38;2;255;107;53m│[39m [38;2;138;138;154mmodel[39m     [38;2;232;232;240mkimi/kimi-for-coding · [39m    [38;2;255;107;53m│[39m [38;2;35;35;46m│[39m [38;2;255;62;138mcontext7  memory  auto-claude[39m                                 [38;2;35;35;46m│[39m [38;2;35;35;46m│[39m
[38;2;35;35;46m│[39m [38;2;255;107;53m│[39m           [38;2;232;232;240mthinking:low[39m               [38;2;255;107;53m│[39m [38;2;35;35;46m│[39m [38;2;74;74;88mAUTO-CLAUDE MCP[39m                                               [38;2;35;35;46m│[39m [38;2;35;35;46m│[39m
[38;2;35;35;46m│[39m [38;2;255;107;53m│[39m [38;2;138;138;154msteps[39m        [38;2;232;232;240m0/1000[39m                  [38;2;255;107;53m│[39m [38;2;35;35;46m│[39m [38;2;255;107;53mmcp__auto-claude__update_subtask_status  [39m                     [38;2;35;35;46m│[39m [38;2;35;35;46m│[39m
[38;2;35;35;46m│[39m [38;2;255;107;53m│[39m [38;2;138;138;154msession[39m      [38;2;232;232;240m#1 · continuations 0/5[39m  [38;2;255;107;53m│[39m [38;2;35;35;46m│[39m [38;2;255;107;53mmcp__auto-claude__get_build_progress  [39m                        [38;2;35;35;46m│[39m [38;2;35;35;46m│[39m
[38;2;35;35;46m│[39m [38;2;255;107;53m│[39m [38;2;138;138;154melapsed[39m      [38;2;138;138;154m25s[39m                     [38;2;255;107;53m│[39m [38;2;35;35;46m│[39m [38;2;255;107;53mmcp__auto-claude__record_discovery  [39m                          [38;2;35;35;46m│[39m [38;2;35;35;46m│[39m
[38;2;35;35;46m│[39m [38;2;255;107;53m│[39m [38;2;138;138;154mlast[39m         [38;2;74;74;88mIteration 1 (coding)[39m    [38;2;255;107;53m│[39m [38;2;35;35;46m│[39m [38;2;255;107;53mmcp__auto-claude__record_gotcha  [39m                             [38;2;35;35;46m│[39m [38;2;35;35;46m│[39m
[38;2;35;35;46m│[39m [38;2;255;107;53m└──────────────────────────────────────┘[39m [38;2;35;35;46m│[39m [38;2;255;107;53mmcp__auto-claude__get_session_context[39m                         [38;2;35;35;46m│[39m [38;2;35;35;46m│[39m
[38;2;35;35;46m│[39m                                          [38;2;35;35;46m│[39m                                                               [38;2;35;35;46m│[39m [38;2;35;35;46m│[39m
[38;2;35;35;46m│[39m [38;2;35;35;46m┌──────────────────────────────────────┐[39m [38;2;35;35;46m│[39m [38;2;74;74;88mgrants resolved from AGENT_CONFIGS[coder][39m                     [38;2;35;35;46m│[39m [38;2;35;35;46m│[39m
[38;2;35;35;46m│[39m [38;2;35;35;46m│[39m [38;2;138;138;154mWAIT STATE[39m                           [38;2;35;35;46m│[39m [38;2;35;35;46m│[39m [38;2;74;74;88mwrites contained to allowedWritePaths[39m                         [38;2;35;35;46m│[39m [38;2;35;35;46m│[39m
[38;2;35;35;46m│[39m [38;2;35;35;46m│[39m [38;2;61;220;132m● executing — not blocked[39m            [38;2;35;35;46m│[39m [38;2;35;35;46m│[39m                                                               [38;2;35;35;46m│[39m [38;2;35;35;46m│[39m
[38;2;35;35;46m│[39m [38;2;35;35;46m└──────────────────────────────────────┘[39m [38;2;35;35;46m│[39m                                                               [38;2;35;35;46m│[39m [38;2;35;35;46m│[39m
[38;2;35;35;46m│[39m                                          [38;2;35;35;46m│[39m                                                               [38;2;35;35;46m│[39m [38;2;35;35;46m│[39m
[38;2;35;35;46m│[39m [38;2;35;35;46m┌──────────────────────────────────────┐[39m [38;2;35;35;46m│[39m                                                               [38;2;35;35;46m│[39m [38;2;35;35;46m│[39m
[38;2;35;35;46m│[39m [38;2;35;35;46m│[39m [38;2;138;138;154mTOKEN / CONTEXT[39m                      [38;2;35;35;46m│[39m [38;2;35;35;46m│[39m                                                               [38;2;35;35;46m│[39m [38;2;35;35;46m│[39m
[38;2;35;35;46m│[39m [38;2;35;35;46m│[39m [38;2;61;220;132m░░░░░░░░░░░░░░░░░░░░░░░░░░░░░░[39m       [38;2;35;35;46m│[39m [38;2;35;35;46m│[39m                                                               [38;2;35;35;46m│[39m [38;2;35;35;46m│[39m
[38;2;35;35;46m│[39m [38;2;35;35;46m│[39m [38;2;138;138;154m0 / 200.0k · 0%[39m                      [38;2;35;35;46m│[39m [38;2;35;35;46m│[39m                                                               [38;2;35;35;46m│[39m [38;2;35;35;46m│[39m
[38;2;35;35;46m│[39m [38;2;35;35;46m│[39m [38;2;74;74;88mwarn @70% · continuation @90% · hard [38;2;35;35;46m│[39m [38;2;35;35;46m│[39m                                                               [38;2;35;35;46m│[39m [38;2;35;35;46m│[39m
[38;2;35;35;46m│[39m [38;2;35;35;46m│[39m [38;2;74;74;88mabort @95%[39m                           [38;2;35;35;46m│[39m [38;2;35;35;46m│[39m                                                               [38;2;35;35;46m│[39m [38;2;35;35;46m│[39m
[38;2;35;35;46m│[39m [38;2;35;35;46m│[39m [38;2;138;138;154mprompt[39m       [38;2;232;232;240m0[39m                       [38;2;35;35;46m│[39m [38;2;35;35;46m│[39m                                                               [38;2;35;35;46m│[39m [38;2;35;35;46m│[39m
[38;2;35;35;46m│[39m [38;2;35;35;46m│[39m [38;2;138;138;154mcompletion[39m   [38;2;232;232;240m0[39m                       [38;2;35;35;46m│[39m [38;2;35;35;46m│[39m                                                               [38;2;35;35;46m│[39m [38;2;35;35;46m│[39m
[38;2;35;35;46m│[39m [38;2;35;35;46m│[39m [38;2;138;138;154mthinking[39m     [38;2;56;189;248m0[39m                       [38;2;35;35;46m│[39m [38;2;35;35;46m│[39m                                                               [38;2;35;35;46m│[39m [38;2;35;35;46m│[39m
[38;2;35;35;46m│[39m [38;2;35;35;46m│[39m [38;2;138;138;154mcache hit[39m    [38;2;61;220;132m░░░░░░░░░░ 0%[39m           [38;2;35;35;46m│[39m [38;2;35;35;46m│[39m                                                               [38;2;35;35;46m│[39m [38;2;35;35;46m│[39m
[38;2;35;35;46m│[39m [38;2;35;35;46m│[39m [38;2;138;138;154mtotal[39m        [38;2;255;107;53m0[39m                       [38;2;35;35;46m│[39m [38;2;35;35;46m│[39m                                                               [38;2;35;35;46m│[39m [38;2;35;35;46m│[39m
[38;2;35;35;46m│[39m [38;2;35;35;46m└──────────────────────────────────────┘[39m [38;2;35;35;46m└───────────────────────────────────────────────────────────────┘[39m [38;2;35;35;46m│[39m
[38;2;35;35;46m│[1m[48;2;255;107;53m[38;2;5;5;7m AGENTS [39m[49m[22m [38;2;138;138;154m1-6 sub-view · j/k select · ⏎ inspect · f filter · r resume[39m                           [38;2;255;107;53m:[38;2;74;74;88m cmd  [38;2;255;107;53m?[38;2;74;74;88m help[38;2;35;35;46m│[39m
[38;2;35;35;46m└────────────────────────────────────────────────────────────────────────────────────────────────────────────┘[39m[2J[3J[H[38;2;35;35;46m┌────────────────────────────────────────────────────────────────────────────────────────────────────────────┐[39m
[38;2;35;35;46m│[1m[38;2;255;107;53mAPERANT[39m[22m [38;2;74;74;88m│[39m [38;2;138;138;154maperant-fixture[39m [38;2;74;74;88m/tmp/aperant-fixture[39m [38;2;74;74;88m│[39m [38;2;56;189;248m⑂ develop[39m             [38;2;255;107;53m◉[38;2;138;138;154m 1 running[39m  [38;2;255;176;0m◆[38;2;138;138;154m 0 review[39m  [38;2;61;220;132m●[38;2;138;138;154m no profile[38;2;35;35;46m│[39m
[38;2;35;35;46m│[39m [38;2;138;138;154m 1 board [39m  [38;2;138;138;154m 2 term [39m  [38;2;138;138;154m 3 road [39m  [38;2;138;138;154m 4 chat [39m  [38;2;138;138;154m 5 tree [39m  [38;2;138;138;154m 6 set [39m  [1m[48;2;255;107;53m[38;2;5;5;7m 7 agents [39m[49m[22m                                     [38;2;35;35;46m│[39m
[38;2;35;35;46m│[39m [38;2;138;138;154m 1 swarm [39m [38;2;138;138;154m 2 graph [39m [1m[48;2;255;107;53m[38;2;5;5;7m 3 inspect [39m[49m[22m [38;2;138;138;154m 4 trace [39m [38;2;138;138;154m 5 tokens [39m [38;2;138;138;154m 6 waits [39m [38;2;74;74;88m1 agent · esc then 1-7 to switch tabs[39m       [38;2;35;35;46m│[39m
[38;2;35;35;46m│[39m                                                                                                            [38;2;35;35;46m│[39m
[38;2;35;35;46m│[39m [38;2;255;107;53m┌──────────────────────────────────────┐[39m [38;2;35;35;46m┌───────────────────────────────────────────────────────────────┐[39m [38;2;35;35;46m│[39m
[38;2;35;35;46m│[39m [38;2;255;107;53m│[39m [1m[38;2;255;107;53mAGENT · 002-fix-terminal-bla[39m[22m         [38;2;255;107;53m│[39m [38;2;35;35;46m│[39m [38;2;138;138;154mTOOL GRANTS (from AGENT_CONFIGS)[39m                              [38;2;35;35;46m│[39m [38;2;35;35;46m│[39m
[38;2;35;35;46m│[39m [38;2;255;107;53m│[39m [38;2;138;138;154mtype[39m         [38;2;255;107;53mcoder[39m                   [38;2;255;107;53m│[39m [38;2;35;35;46m│[39m [38;2;74;74;88mBUILTIN[39m                                                       [38;2;35;35;46m│[39m [38;2;35;35;46m│[39m
[38;2;35;35;46m│[39m [38;2;255;107;53m│[39m [38;2;138;138;154mstate[39m        [38;2;255;107;53mRUNNING[39m                 [38;2;255;107;53m│[39m [38;2;35;35;46m│[39m [38;2;56;189;248mRead  Glob  Grep  Write  Edit  Bash  WebFetch  WebSearch[39m      [38;2;35;35;46m│[39m [38;2;35;35;46m│[39m
[38;2;35;35;46m│[39m [38;2;255;107;53m│[39m [38;2;138;138;154mphase[39m        [38;2;232;232;240mcoding [38;2;255;107;53m▪ structured[39m     [38;2;255;107;53m│[39m [38;2;35;35;46m│[39m [38;2;74;74;88mMCP SERVERS[39m                                                   [38;2;35;35;46m│[39m [38;2;35;35;46m│[39m
[38;2;35;35;46m│[39m [38;2;255;107;53m│[39m [38;2;138;138;154mmodel[39m     [38;2;232;232;240mkimi/kimi-for-coding · [39m    [38;2;255;107;53m│[39m [38;2;35;35;46m│[39m [38;2;255;62;138mcontext7  memory  auto-claude[39m                                 [38;2;35;35;46m│[39m [38;2;35;35;46m│[39m
[38;2;35;35;46m│[39m [38;2;255;107;53m│[39m           [38;2;232;232;240mthinking:low[39m               [38;2;255;107;53m│[39m [38;2;35;35;46m│[39m [38;2;74;74;88mAUTO-CLAUDE MCP[39m                                               [38;2;35;35;46m│[39m [38;2;35;35;46m│[39m
[38;2;35;35;46m│[39m [38;2;255;107;53m│[39m [38;2;138;138;154msteps[39m        [38;2;232;232;240m0/1000[39m                  [38;2;255;107;53m│[39m [38;2;35;35;46m│[39m [38;2;255;107;53mmcp__auto-claude__update_subtask_status  [39m                     [38;2;35;35;46m│[39m [38;2;35;35;46m│[39m
[38;2;35;35;46m│[39m [38;2;255;107;53m│[39m [38;2;138;138;154msession[39m      [38;2;232;232;240m#1 · continuations 0/5[39m  [38;2;255;107;53m│[39m [38;2;35;35;46m│[39m [38;2;255;107;53mmcp__auto-claude__get_build_progress  [39m                        [38;2;35;35;46m│[39m [38;2;35;35;46m│[39m
[38;2;35;35;46m│[39m [38;2;255;107;53m│[39m [38;2;138;138;154melapsed[39m      [38;2;138;138;154m26s[39m                     [38;2;255;107;53m│[39m [38;2;35;35;46m│[39m [38;2;255;107;53mmcp__auto-claude__record_discovery  [39m                          [38;2;35;35;46m│[39m [38;2;35;35;46m│[39m
[38;2;35;35;46m│[39m [38;2;255;107;53m│[39m [38;2;138;138;154mlast[39m         [38;2;74;74;88mIteration 1 (coding)[39m    [38;2;255;107;53m│[39m [38;2;35;35;46m│[39m [38;2;255;107;53mmcp__auto-claude__record_gotcha  [39m                             [38;2;35;35;46m│[39m [38;2;35;35;46m│[39m
[38;2;35;35;46m│[39m [38;2;255;107;53m└──────────────────────────────────────┘[39m [38;2;35;35;46m│[39m [38;2;255;107;53mmcp__auto-claude__get_session_context[39m                         [38;2;35;35;46m│[39m [38;2;35;35;46m│[39m
[38;2;35;35;46m│[39m                                          [38;2;35;35;46m│[39m                                                               [38;2;35;35;46m│[39m [38;2;35;35;46m│[39m
[38;2;35;35;46m│[39m [38;2;35;35;46m┌──────────────────────────────────────┐[39m [38;2;35;35;46m│[39m [38;2;74;74;88mgrants resolved from AGENT_CONFIGS[coder][39m                     [38;2;35;35;46m│[39m [38;2;35;35;46m│[39m
[38;2;35;35;46m│[39m [38;2;35;35;46m│[39m [38;2;138;138;154mWAIT STATE[39m                           [38;2;35;35;46m│[39m [38;2;35;35;46m│[39m [38;2;74;74;88mwrites contained to allowedWritePaths[39m                         [38;2;35;35;46m│[39m [38;2;35;35;46m│[39m
[38;2;35;35;46m│[39m [38;2;35;35;46m│[39m [38;2;61;220;132m● executing — not blocked[39m            [38;2;35;35;46m│[39m [38;2;35;35;46m│[39m                                                               [38;2;35;35;46m│[39m [38;2;35;35;46m│[39m
[38;2;35;35;46m│[39m [38;2;35;35;46m└──────────────────────────────────────┘[39m [38;2;35;35;46m│[39m                                                               [38;2;35;35;46m│[39m [38;2;35;35;46m│[39m
[38;2;35;35;46m│[39m                                          [38;2;35;35;46m│[39m                                                               [38;2;35;35;46m│[39m [38;2;35;35;46m│[39m
[38;2;35;35;46m│[39m [38;2;35;35;46m┌──────────────────────────────────────┐[39m [38;2;35;35;46m│[39m                                                               [38;2;35;35;46m│[39m [38;2;35;35;46m│[39m
[38;2;35;35;46m│[39m [38;2;35;35;46m│[39m [38;2;138;138;154mTOKEN / CONTEXT[39m                      [38;2;35;35;46m│[39m [38;2;35;35;46m│[39m                                                               [38;2;35;35;46m│[39m [38;2;35;35;46m│[39m
[38;2;35;35;46m│[39m [38;2;35;35;46m│[39m [38;2;61;220;132m░░░░░░░░░░░░░░░░░░░░░░░░░░░░░░[39m       [38;2;35;35;46m│[39m [38;2;35;35;46m│[39m                                                               [38;2;35;35;46m│[39m [38;2;35;35;46m│[39m
[38;2;35;35;46m│[39m [38;2;35;35;46m│[39m [38;2;138;138;154m0 / 200.0k · 0%[39m                      [38;2;35;35;46m│[39m [38;2;35;35;46m│[39m                                                               [38;2;35;35;46m│[39m [38;2;35;35;46m│[39m
[38;2;35;35;46m│[39m [38;2;35;35;46m│[39m [38;2;74;74;88mwarn @70% · continuation @90% · hard [38;2;35;35;46m│[39m [38;2;35;35;46m│[39m                                                               [38;2;35;35;46m│[39m [38;2;35;35;46m│[39m
[38;2;35;35;46m│[39m [38;2;35;35;46m│[39m [38;2;74;74;88mabort @95%[39m                           [38;2;35;35;46m│[39m [38;2;35;35;46m│[39m                                                               [38;2;35;35;46m│[39m [38;2;35;35;46m│[39m
[38;2;35;35;46m│[39m [38;2;35;35;46m│[39m [38;2;138;138;154mprompt[39m       [38;2;232;232;240m0[39m                       [38;2;35;35;46m│[39m [38;2;35;35;46m│[39m                                                               [38;2;35;35;46m│[39m [38;2;35;35;46m│[39m
[38;2;35;35;46m│[39m [38;2;35;35;46m│[39m [38;2;138;138;154mcompletion[39m   [38;2;232;232;240m0[39m                       [38;2;35;35;46m│[39m [38;2;35;35;46m│[39m                                                               [38;2;35;35;46m│[39m [38;2;35;35;46m│[39m
[38;2;35;35;46m│[39m [38;2;35;35;46m│[39m [38;2;138;138;154mthinking[39m     [38;2;56;189;248m0[39m                       [38;2;35;35;46m│[39m [38;2;35;35;46m│[39m                                                               [38;2;35;35;46m│[39m [38;2;35;35;46m│[39m
[38;2;35;35;46m│[39m [38;2;35;35;46m│[39m [38;2;138;138;154mcache hit[39m    [38;2;61;220;132m░░░░░░░░░░ 0%[39m           [38;2;35;35;46m│[39m [38;2;35;35;46m│[39m                                                               [38;2;35;35;46m│[39m [38;2;35;35;46m│[39m
[38;2;35;35;46m│[39m [38;2;35;35;46m│[39m [38;2;138;138;154mtotal[39m        [38;2;255;107;53m0[39m                       [38;2;35;35;46m│[39m [38;2;35;35;46m│[39m                                                               [38;2;35;35;46m│[39m [38;2;35;35;46m│[39m
[38;2;35;35;46m│[39m [38;2;35;35;46m└──────────────────────────────────────┘[39m [38;2;35;35;46m└───────────────────────────────────────────────────────────────┘[39m [38;2;35;35;46m│[39m
[38;2;35;35;46m│[1m[48;2;255;107;53m[38;2;5;5;7m AGENTS [39m[49m[22m [38;2;138;138;154m1-6 sub-view · j/k select · ⏎ inspect · f filter · r resume[39m                           [38;2;255;107;53m:[38;2;74;74;88m cmd  [38;2;255;107;53m?[38;2;74;74;88m help[38;2;35;35;46m│[39m
[38;2;35;35;46m└────────────────────────────────────────────────────────────────────────────────────────────────────────────┘[39m[2J[3J[H[38;2;35;35;46m┌────────────────────────────────────────────────────────────────────────────────────────────────────────────┐[39m
[38;2;35;35;46m│[1m[38;2;255;107;53mAPERANT[39m[22m [38;2;74;74;88m│[39m [38;2;138;138;154maperant-fixture[39m [38;2;74;74;88m/tmp/aperant-fixture[39m [38;2;74;74;88m│[39m [38;2;56;189;248m⑂ develop[39m             [38;2;255;107;53m◉[38;2;138;138;154m 1 running[39m  [38;2;255;176;0m◆[38;2;138;138;154m 0 review[39m  [38;2;61;220;132m●[38;2;138;138;154m no profile[38;2;35;35;46m│[39m
[38;2;35;35;46m│[39m [38;2;138;138;154m 1 board [39m  [38;2;138;138;154m 2 term [39m  [38;2;138;138;154m 3 road [39m  [38;2;138;138;154m 4 chat [39m  [38;2;138;138;154m 5 tree [39m  [38;2;138;138;154m 6 set [39m  [1m[48;2;255;107;53m[38;2;5;5;7m 7 agents [39m[49m[22m                                     [38;2;35;35;46m│[39m
[38;2;35;35;46m│[39m [38;2;138;138;154m 1 swarm [39m [38;2;138;138;154m 2 graph [39m [1m[48;2;255;107;53m[38;2;5;5;7m 3 inspect [39m[49m[22m [38;2;138;138;154m 4 trace [39m [38;2;138;138;154m 5 tokens [39m [38;2;138;138;154m 6 waits [39m [38;2;74;74;88m1 agent · esc then 1-7 to switch tabs[39m       [38;2;35;35;46m│[39m
[38;2;35;35;46m│[39m                                                                                                            [38;2;35;35;46m│[39m
[38;2;35;35;46m│[39m [38;2;255;107;53m┌──────────────────────────────────────┐[39m [38;2;35;35;46m┌───────────────────────────────────────────────────────────────┐[39m [38;2;35;35;46m│[39m
[38;2;35;35;46m│[39m [38;2;255;107;53m│[39m [1m[38;2;255;107;53mAGENT · 002-fix-terminal-bla[39m[22m         [38;2;255;107;53m│[39m [38;2;35;35;46m│[39m [38;2;138;138;154mTOOL GRANTS (from AGENT_CONFIGS)[39m                              [38;2;35;35;46m│[39m [38;2;35;35;46m│[39m
[38;2;35;35;46m│[39m [38;2;255;107;53m│[39m [38;2;138;138;154mtype[39m         [38;2;255;107;53mcoder[39m                   [38;2;255;107;53m│[39m [38;2;35;35;46m│[39m [38;2;74;74;88mBUILTIN[39m                                                       [38;2;35;35;46m│[39m [38;2;35;35;46m│[39m
[38;2;35;35;46m│[39m [38;2;255;107;53m│[39m [38;2;138;138;154mstate[39m        [38;2;255;107;53mRUNNING[39m                 [38;2;255;107;53m│[39m [38;2;35;35;46m│[39m [38;2;56;189;248mRead  Glob  Grep  Write  Edit  Bash  WebFetch  WebSearch[39m      [38;2;35;35;46m│[39m [38;2;35;35;46m│[39m
[38;2;35;35;46m│[39m [38;2;255;107;53m│[39m [38;2;138;138;154mphase[39m        [38;2;232;232;240mcoding [38;2;255;107;53m▪ structured[39m     [38;2;255;107;53m│[39m [38;2;35;35;46m│[39m [38;2;74;74;88mMCP SERVERS[39m                                                   [38;2;35;35;46m│[39m [38;2;35;35;46m│[39m
[38;2;35;35;46m│[39m [38;2;255;107;53m│[39m [38;2;138;138;154mmodel[39m     [38;2;232;232;240mkimi/kimi-for-coding · [39m    [38;2;255;107;53m│[39m [38;2;35;35;46m│[39m [38;2;255;62;138mcontext7  memory  auto-claude[39m                                 [38;2;35;35;46m│[39m [38;2;35;35;46m│[39m
[38;2;35;35;46m│[39m [38;2;255;107;53m│[39m           [38;2;232;232;240mthinking:low[39m               [38;2;255;107;53m│[39m [38;2;35;35;46m│[39m [38;2;74;74;88mAUTO-CLAUDE MCP[39m                                               [38;2;35;35;46m│[39m [38;2;35;35;46m│[39m
[38;2;35;35;46m│[39m [38;2;255;107;53m│[39m [38;2;138;138;154msteps[39m        [38;2;232;232;240m0/1000[39m                  [38;2;255;107;53m│[39m [38;2;35;35;46m│[39m [38;2;255;107;53mmcp__auto-claude__update_subtask_status  [39m                     [38;2;35;35;46m│[39m [38;2;35;35;46m│[39m
[38;2;35;35;46m│[39m [38;2;255;107;53m│[39m [38;2;138;138;154msession[39m      [38;2;232;232;240m#1 · continuations 0/5[39m  [38;2;255;107;53m│[39m [38;2;35;35;46m│[39m [38;2;255;107;53mmcp__auto-claude__get_build_progress  [39m                        [38;2;35;35;46m│[39m [38;2;35;35;46m│[39m
[38;2;35;35;46m│[39m [38;2;255;107;53m│[39m [38;2;138;138;154melapsed[39m      [38;2;138;138;154m26s[39m                     [38;2;255;107;53m│[39m [38;2;35;35;46m│[39m [38;2;255;107;53mmcp__auto-claude__record_discovery  [39m                          [38;2;35;35;46m│[39m [38;2;35;35;46m│[39m
[38;2;35;35;46m│[39m [38;2;255;107;53m│[39m [38;2;138;138;154mlast[39m         [38;2;74;74;88mIteration 1 (coding)[39m    [38;2;255;107;53m│[39m [38;2;35;35;46m│[39m [38;2;255;107;53mmcp__auto-claude__record_gotcha  [39m                             [38;2;35;35;46m│[39m [38;2;35;35;46m│[39m
[38;2;35;35;46m│[39m [38;2;255;107;53m└──────────────────────────────────────┘[39m [38;2;35;35;46m│[39m [38;2;255;107;53mmcp__auto-claude__get_session_context[39m                         [38;2;35;35;46m│[39m [38;2;35;35;46m│[39m
[38;2;35;35;46m│[39m                                          [38;2;35;35;46m│[39m                                                               [38;2;35;35;46m│[39m [38;2;35;35;46m│[39m
[38;2;35;35;46m│[39m [38;2;35;35;46m┌──────────────────────────────────────┐[39m [38;2;35;35;46m│[39m [38;2;74;74;88mgrants resolved from AGENT_CONFIGS[coder][39m                     [38;2;35;35;46m│[39m [38;2;35;35;46m│[39m
[38;2;35;35;46m│[39m [38;2;35;35;46m│[39m [38;2;138;138;154mWAIT STATE[39m                           [38;2;35;35;46m│[39m [38;2;35;35;46m│[39m [38;2;74;74;88mwrites contained to allowedWritePaths[39m                         [38;2;35;35;46m│[39m [38;2;35;35;46m│[39m
[38;2;35;35;46m│[39m [38;2;35;35;46m│[39m [38;2;61;220;132m● executing — not blocked[39m            [38;2;35;35;46m│[39m [38;2;35;35;46m│[39m                                                               [38;2;35;35;46m│[39m [38;2;35;35;46m│[39m
[38;2;35;35;46m│[39m [38;2;35;35;46m└──────────────────────────────────────┘[39m [38;2;35;35;46m│[39m                                                               [38;2;35;35;46m│[39m [38;2;35;35;46m│[39m
[38;2;35;35;46m│[39m                                          [38;2;35;35;46m│[39m                                                               [38;2;35;35;46m│[39m [38;2;35;35;46m│[39m
[38;2;35;35;46m│[39m [38;2;35;35;46m┌──────────────────────────────────────┐[39m [38;2;35;35;46m│[39m                                                               [38;2;35;35;46m│[39m [38;2;35;35;46m│[39m
[38;2;35;35;46m│[39m [38;2;35;35;46m│[39m [38;2;138;138;154mTOKEN / CONTEXT[39m                      [38;2;35;35;46m│[39m [38;2;35;35;46m│[39m                                                               [38;2;35;35;46m│[39m [38;2;35;35;46m│[39m
[38;2;35;35;46m│[39m [38;2;35;35;46m│[39m [38;2;61;220;132m░░░░░░░░░░░░░░░░░░░░░░░░░░░░░░[39m       [38;2;35;35;46m│[39m [38;2;35;35;46m│[39m                                                               [38;2;35;35;46m│[39m [38;2;35;35;46m│[39m
[38;2;35;35;46m│[39m [38;2;35;35;46m│[39m [38;2;138;138;154m0 / 200.0k · 0%[39m                      [38;2;35;35;46m│[39m [38;2;35;35;46m│[39m                                                               [38;2;35;35;46m│[39m [38;2;35;35;46m│[39m
[38;2;35;35;46m│[39m [38;2;35;35;46m│[39m [38;2;74;74;88mwarn @70% · continuation @90% · hard [38;2;35;35;46m│[39m [38;2;35;35;46m│[39m                                                               [38;2;35;35;46m│[39m [38;2;35;35;46m│[39m
[38;2;35;35;46m│[39m [38;2;35;35;46m│[39m [38;2;74;74;88mabort @95%[39m                           [38;2;35;35;46m│[39m [38;2;35;35;46m│[39m                                                               [38;2;35;35;46m│[39m [38;2;35;35;46m│[39m
[38;2;35;35;46m│[39m [38;2;35;35;46m│[39m [38;2;138;138;154mprompt[39m       [38;2;232;232;240m0[39m                       [38;2;35;35;46m│[39m [38;2;35;35;46m│[39m                                                               [38;2;35;35;46m│[39m [38;2;35;35;46m│[39m
[38;2;35;35;46m│[39m [38;2;35;35;46m│[39m [38;2;138;138;154mcompletion[39m   [38;2;232;232;240m0[39m                       [38;2;35;35;46m│[39m [38;2;35;35;46m│[39m                                                               [38;2;35;35;46m│[39m [38;2;35;35;46m│[39m
[38;2;35;35;46m│[39m [38;2;35;35;46m│[39m [38;2;138;138;154mthinking[39m     [38;2;56;189;248m0[39m                       [38;2;35;35;46m│[39m [38;2;35;35;46m│[39m                                                               [38;2;35;35;46m│[39m [38;2;35;35;46m│[39m
[38;2;35;35;46m│[39m [38;2;35;35;46m│[39m [38;2;138;138;154mcache hit[39m    [38;2;61;220;132m░░░░░░░░░░ 0%[39m           [38;2;35;35;46m│[39m [38;2;35;35;46m│[39m                                                               [38;2;35;35;46m│[39m [38;2;35;35;46m│[39m
[38;2;35;35;46m│[39m [38;2;35;35;46m│[39m [38;2;138;138;154mtotal[39m        [38;2;255;107;53m0[39m                       [38;2;35;35;46m│[39m [38;2;35;35;46m│[39m                                                               [38;2;35;35;46m│[39m [38;2;35;35;46m│[39m
[38;2;35;35;46m│[39m [38;2;35;35;46m└──────────────────────────────────────┘[39m [38;2;35;35;46m└───────────────────────────────────────────────────────────────┘[39m [38;2;35;35;46m│[39m
[38;2;35;35;46m│[1m[48;2;255;107;53m[38;2;5;5;7m AGENTS [39m[49m[22m [38;2;138;138;154m1-6 sub-view · j/k select · ⏎ inspect · f filter · r resume[39m                           [38;2;255;107;53m:[38;2;74;74;88m cmd  [38;2;255;107;53m?[38;2;74;74;88m help[38;2;35;35;46m│[39m
[38;2;35;35;46m└────────────────────────────────────────────────────────────────────────────────────────────────────────────┘[39m[2J[3J[H[38;2;35;35;46m┌────────────────────────────────────────────────────────────────────────────────────────────────────────────┐[39m
[38;2;35;35;46m│[1m[38;2;255;107;53mAPERANT[39m[22m [38;2;74;74;88m│[39m [38;2;138;138;154maperant-fixture[39m [38;2;74;74;88m/tmp/aperant-fixture[39m [38;2;74;74;88m│[39m [38;2;56;189;248m⑂ develop[39m             [38;2;255;107;53m◉[38;2;138;138;154m 1 running[39m  [38;2;255;176;0m◆[38;2;138;138;154m 0 review[39m  [38;2;61;220;132m●[38;2;138;138;154m no profile[38;2;35;35;46m│[39m
[38;2;35;35;46m│[39m [38;2;138;138;154m 1 board [39m  [38;2;138;138;154m 2 term [39m  [38;2;138;138;154m 3 road [39m  [38;2;138;138;154m 4 chat [39m  [38;2;138;138;154m 5 tree [39m  [38;2;138;138;154m 6 set [39m  [1m[48;2;255;107;53m[38;2;5;5;7m 7 agents [39m[49m[22m                                     [38;2;35;35;46m│[39m
[38;2;35;35;46m│[39m [38;2;138;138;154m 1 swarm [39m [38;2;138;138;154m 2 graph [39m [1m[48;2;255;107;53m[38;2;5;5;7m 3 inspect [39m[49m[22m [38;2;138;138;154m 4 trace [39m [38;2;138;138;154m 5 tokens [39m [38;2;138;138;154m 6 waits [39m [38;2;74;74;88m1 agent · esc then 1-7 to switch tabs[39m       [38;2;35;35;46m│[39m
[38;2;35;35;46m│[39m                                                                                                            [38;2;35;35;46m│[39m
[38;2;35;35;46m│[39m [38;2;255;107;53m┌──────────────────────────────────────┐[39m [38;2;35;35;46m┌───────────────────────────────────────────────────────────────┐[39m [38;2;35;35;46m│[39m
[38;2;35;35;46m│[39m [38;2;255;107;53m│[39m [1m[38;2;255;107;53mAGENT · 002-fix-terminal-bla[39m[22m         [38;2;255;107;53m│[39m [38;2;35;35;46m│[39m [38;2;138;138;154mTOOL GRANTS (from AGENT_CONFIGS)[39m                              [38;2;35;35;46m│[39m [38;2;35;35;46m│[39m
[38;2;35;35;46m│[39m [38;2;255;107;53m│[39m [38;2;138;138;154mtype[39m         [38;2;255;107;53mcoder[39m                   [38;2;255;107;53m│[39m [38;2;35;35;46m│[39m [38;2;74;74;88mBUILTIN[39m                                                       [38;2;35;35;46m│[39m [38;2;35;35;46m│[39m
[38;2;35;35;46m│[39m [38;2;255;107;53m│[39m [38;2;138;138;154mstate[39m        [38;2;255;107;53mRUNNING[39m                 [38;2;255;107;53m│[39m [38;2;35;35;46m│[39m [38;2;56;189;248mRead  Glob  Grep  Write  Edit  Bash  WebFetch  WebSearch[39m      [38;2;35;35;46m│[39m [38;2;35;35;46m│[39m
[38;2;35;35;46m│[39m [38;2;255;107;53m│[39m [38;2;138;138;154mphase[39m        [38;2;232;232;240mcoding [38;2;255;107;53m▪ structured[39m     [38;2;255;107;53m│[39m [38;2;35;35;46m│[39m [38;2;74;74;88mMCP SERVERS[39m                                                   [38;2;35;35;46m│[39m [38;2;35;35;46m│[39m
[38;2;35;35;46m│[39m [38;2;255;107;53m│[39m [38;2;138;138;154mmodel[39m     [38;2;232;232;240mkimi/kimi-for-coding · [39m    [38;2;255;107;53m│[39m [38;2;35;35;46m│[39m [38;2;255;62;138mcontext7  memory  auto-claude[39m                                 [38;2;35;35;46m│[39m [38;2;35;35;46m│[39m
[38;2;35;35;46m│[39m [38;2;255;107;53m│[39m           [38;2;232;232;240mthinking:low[39m               [38;2;255;107;53m│[39m [38;2;35;35;46m│[39m [38;2;74;74;88mAUTO-CLAUDE MCP[39m                                               [38;2;35;35;46m│[39m [38;2;35;35;46m│[39m
[38;2;35;35;46m│[39m [38;2;255;107;53m│[39m [38;2;138;138;154msteps[39m        [38;2;232;232;240m0/1000[39m                  [38;2;255;107;53m│[39m [38;2;35;35;46m│[39m [38;2;255;107;53mmcp__auto-claude__update_subtask_status  [39m                     [38;2;35;35;46m│[39m [38;2;35;35;46m│[39m
[38;2;35;35;46m│[39m [38;2;255;107;53m│[39m [38;2;138;138;154msession[39m      [38;2;232;232;240m#1 · continuations 0/5[39m  [38;2;255;107;53m│[39m [38;2;35;35;46m│[39m [38;2;255;107;53mmcp__auto-claude__get_build_progress  [39m                        [38;2;35;35;46m│[39m [38;2;35;35;46m│[39m
[38;2;35;35;46m│[39m [38;2;255;107;53m│[39m [38;2;138;138;154melapsed[39m      [38;2;138;138;154m27s[39m                     [38;2;255;107;53m│[39m [38;2;35;35;46m│[39m [38;2;255;107;53mmcp__auto-claude__record_discovery  [39m                          [38;2;35;35;46m│[39m [38;2;35;35;46m│[39m
[38;2;35;35;46m│[39m [38;2;255;107;53m│[39m [38;2;138;138;154mlast[39m         [38;2;74;74;88mIteration 1 (coding)[39m    [38;2;255;107;53m│[39m [38;2;35;35;46m│[39m [38;2;255;107;53mmcp__auto-claude__record_gotcha  [39m                             [38;2;35;35;46m│[39m [38;2;35;35;46m│[39m
[38;2;35;35;46m│[39m [38;2;255;107;53m└──────────────────────────────────────┘[39m [38;2;35;35;46m│[39m [38;2;255;107;53mmcp__auto-claude__get_session_context[39m                         [38;2;35;35;46m│[39m [38;2;35;35;46m│[39m
[38;2;35;35;46m│[39m                                          [38;2;35;35;46m│[39m                                                               [38;2;35;35;46m│[39m [38;2;35;35;46m│[39m
[38;2;35;35;46m│[39m [38;2;35;35;46m┌──────────────────────────────────────┐[39m [38;2;35;35;46m│[39m [38;2;74;74;88mgrants resolved from AGENT_CONFIGS[coder][39m                     [38;2;35;35;46m│[39m [38;2;35;35;46m│[39m
[38;2;35;35;46m│[39m [38;2;35;35;46m│[39m [38;2;138;138;154mWAIT STATE[39m                           [38;2;35;35;46m│[39m [38;2;35;35;46m│[39m [38;2;74;74;88mwrites contained to allowedWritePaths[39m                         [38;2;35;35;46m│[39m [38;2;35;35;46m│[39m
[38;2;35;35;46m│[39m [38;2;35;35;46m│[39m [38;2;61;220;132m● executing — not blocked[39m            [38;2;35;35;46m│[39m [38;2;35;35;46m│[39m                                                               [38;2;35;35;46m│[39m [38;2;35;35;46m│[39m
[38;2;35;35;46m│[39m [38;2;35;35;46m└──────────────────────────────────────┘[39m [38;2;35;35;46m│[39m                                                               [38;2;35;35;46m│[39m [38;2;35;35;46m│[39m
[38;2;35;35;46m│[39m                                          [38;2;35;35;46m│[39m                                                               [38;2;35;35;46m│[39m [38;2;35;35;46m│[39m
[38;2;35;35;46m│[39m [38;2;35;35;46m┌──────────────────────────────────────┐[39m [38;2;35;35;46m│[39m                                                               [38;2;35;35;46m│[39m [38;2;35;35;46m│[39m
[38;2;35;35;46m│[39m [38;2;35;35;46m│[39m [38;2;138;138;154mTOKEN / CONTEXT[39m                      [38;2;35;35;46m│[39m [38;2;35;35;46m│[39m                                                               [38;2;35;35;46m│[39m [38;2;35;35;46m│[39m
[38;2;35;35;46m│[39m [38;2;35;35;46m│[39m [38;2;61;220;132m░░░░░░░░░░░░░░░░░░░░░░░░░░░░░░[39m       [38;2;35;35;46m│[39m [38;2;35;35;46m│[39m                                                               [38;2;35;35;46m│[39m [38;2;35;35;46m│[39m
[38;2;35;35;46m│[39m [38;2;35;35;46m│[39m [38;2;138;138;154m0 / 200.0k · 0%[39m                      [38;2;35;35;46m│[39m [38;2;35;35;46m│[39m                                                               [38;2;35;35;46m│[39m [38;2;35;35;46m│[39m
[38;2;35;35;46m│[39m [38;2;35;35;46m│[39m [38;2;74;74;88mwarn @70% · continuation @90% · hard [38;2;35;35;46m│[39m [38;2;35;35;46m│[39m                                                               [38;2;35;35;46m│[39m [38;2;35;35;46m│[39m
[38;2;35;35;46m│[39m [38;2;35;35;46m│[39m [38;2;74;74;88mabort @95%[39m                           [38;2;35;35;46m│[39m [38;2;35;35;46m│[39m                                                               [38;2;35;35;46m│[39m [38;2;35;35;46m│[39m
[38;2;35;35;46m│[39m [38;2;35;35;46m│[39m [38;2;138;138;154mprompt[39m       [38;2;232;232;240m0[39m                       [38;2;35;35;46m│[39m [38;2;35;35;46m│[39m                                                               [38;2;35;35;46m│[39m [38;2;35;35;46m│[39m
[38;2;35;35;46m│[39m [38;2;35;35;46m│[39m [38;2;138;138;154mcompletion[39m   [38;2;232;232;240m0[39m                       [38;2;35;35;46m│[39m [38;2;35;35;46m│[39m                                                               [38;2;35;35;46m│[39m [38;2;35;35;46m│[39m
[38;2;35;35;46m│[39m [38;2;35;35;46m│[39m [38;2;138;138;154mthinking[39m     [38;2;56;189;248m0[39m                       [38;2;35;35;46m│[39m [38;2;35;35;46m│[39m                                                               [38;2;35;35;46m│[39m [38;2;35;35;46m│[39m
[38;2;35;35;46m│[39m [38;2;35;35;46m│[39m [38;2;138;138;154mcache hit[39m    [38;2;61;220;132m░░░░░░░░░░ 0%[39m           [38;2;35;35;46m│[39m [38;2;35;35;46m│[39m                                                               [38;2;35;35;46m│[39m [38;2;35;35;46m│[39m
[38;2;35;35;46m│[39m [38;2;35;35;46m│[39m [38;2;138;138;154mtotal[39m        [38;2;255;107;53m0[39m                       [38;2;35;35;46m│[39m [38;2;35;35;46m│[39m                                                               [38;2;35;35;46m│[39m [38;2;35;35;46m│[39m
[38;2;35;35;46m│[39m [38;2;35;35;46m└──────────────────────────────────────┘[39m [38;2;35;35;46m└───────────────────────────────────────────────────────────────┘[39m [38;2;35;35;46m│[39m
[38;2;35;35;46m│[1m[48;2;255;107;53m[38;2;5;5;7m AGENTS [39m[49m[22m [38;2;138;138;154m1-6 sub-view · j/k select · ⏎ inspect · f filter · r resume[39m                           [38;2;255;107;53m:[38;2;74;74;88m cmd  [38;2;255;107;53m?[38;2;74;74;88m help[38;2;35;35;46m│[39m
[38;2;35;35;46m└────────────────────────────────────────────────────────────────────────────────────────────────────────────┘[39m[2J[3J[H[38;2;35;35;46m┌────────────────────────────────────────────────────────────────────────────────────────────────────────────┐[39m
[38;2;35;35;46m│[1m[38;2;255;107;53mAPERANT[39m[22m [38;2;74;74;88m│[39m [38;2;138;138;154maperant-fixture[39m [38;2;74;74;88m/tmp/aperant-fixture[39m [38;2;74;74;88m│[39m [38;2;56;189;248m⑂ develop[39m             [38;2;255;107;53m◉[38;2;138;138;154m 1 running[39m  [38;2;255;176;0m◆[38;2;138;138;154m 0 review[39m  [38;2;61;220;132m●[38;2;138;138;154m no profile[38;2;35;35;46m│[39m
[38;2;35;35;46m│[39m [38;2;138;138;154m 1 board [39m  [38;2;138;138;154m 2 term [39m  [38;2;138;138;154m 3 road [39m  [38;2;138;138;154m 4 chat [39m  [38;2;138;138;154m 5 tree [39m  [38;2;138;138;154m 6 set [39m  [1m[48;2;255;107;53m[38;2;5;5;7m 7 agents [39m[49m[22m                                     [38;2;35;35;46m│[39m
[38;2;35;35;46m│[39m [38;2;138;138;154m 1 swarm [39m [38;2;138;138;154m 2 graph [39m [1m[48;2;255;107;53m[38;2;5;5;7m 3 inspect [39m[49m[22m [38;2;138;138;154m 4 trace [39m [38;2;138;138;154m 5 tokens [39m [38;2;138;138;154m 6 waits [39m [38;2;74;74;88m1 agent · esc then 1-7 to switch tabs[39m       [38;2;35;35;46m│[39m
[38;2;35;35;46m│[39m                                                                                                            [38;2;35;35;46m│[39m
[38;2;35;35;46m│[39m [38;2;255;107;53m┌──────────────────────────────────────┐[39m [38;2;35;35;46m┌───────────────────────────────────────────────────────────────┐[39m [38;2;35;35;46m│[39m
[38;2;35;35;46m│[39m [38;2;255;107;53m│[39m [1m[38;2;255;107;53mAGENT · 002-fix-terminal-bla[39m[22m         [38;2;255;107;53m│[39m [38;2;35;35;46m│[39m [38;2;138;138;154mTOOL GRANTS (from AGENT_CONFIGS)[39m                              [38;2;35;35;46m│[39m [38;2;35;35;46m│[39m
[38;2;35;35;46m│[39m [38;2;255;107;53m│[39m [38;2;138;138;154mtype[39m         [38;2;255;107;53mcoder[39m                   [38;2;255;107;53m│[39m [38;2;35;35;46m│[39m [38;2;74;74;88mBUILTIN[39m                                                       [38;2;35;35;46m│[39m [38;2;35;35;46m│[39m
[38;2;35;35;46m│[39m [38;2;255;107;53m│[39m [38;2;138;138;154mstate[39m        [38;2;255;107;53mRUNNING[39m                 [38;2;255;107;53m│[39m [38;2;35;35;46m│[39m [38;2;56;189;248mRead  Glob  Grep  Write  Edit  Bash  WebFetch  WebSearch[39m      [38;2;35;35;46m│[39m [38;2;35;35;46m│[39m
[38;2;35;35;46m│[39m [38;2;255;107;53m│[39m [38;2;138;138;154mphase[39m        [38;2;232;232;240mcoding [38;2;255;107;53m▪ structured[39m     [38;2;255;107;53m│[39m [38;2;35;35;46m│[39m [38;2;74;74;88mMCP SERVERS[39m                                                   [38;2;35;35;46m│[39m [38;2;35;35;46m│[39m
[38;2;35;35;46m│[39m [38;2;255;107;53m│[39m [38;2;138;138;154mmodel[39m     [38;2;232;232;240mkimi/kimi-for-coding · [39m    [38;2;255;107;53m│[39m [38;2;35;35;46m│[39m [38;2;255;62;138mcontext7  memory  auto-claude[39m                                 [38;2;35;35;46m│[39m [38;2;35;35;46m│[39m
[38;2;35;35;46m│[39m [38;2;255;107;53m│[39m           [38;2;232;232;240mthinking:low[39m               [38;2;255;107;53m│[39m [38;2;35;35;46m│[39m [38;2;74;74;88mAUTO-CLAUDE MCP[39m                                               [38;2;35;35;46m│[39m [38;2;35;35;46m│[39m
[38;2;35;35;46m│[39m [38;2;255;107;53m│[39m [38;2;138;138;154msteps[39m        [38;2;232;232;240m0/1000[39m                  [38;2;255;107;53m│[39m [38;2;35;35;46m│[39m [38;2;255;107;53mmcp__auto-claude__update_subtask_status  [39m                     [38;2;35;35;46m│[39m [38;2;35;35;46m│[39m
[38;2;35;35;46m│[39m [38;2;255;107;53m│[39m [38;2;138;138;154msession[39m      [38;2;232;232;240m#1 · continuations 0/5[39m  [38;2;255;107;53m│[39m [38;2;35;35;46m│[39m [38;2;255;107;53mmcp__auto-claude__get_build_progress  [39m                        [38;2;35;35;46m│[39m [38;2;35;35;46m│[39m
[38;2;35;35;46m│[39m [38;2;255;107;53m│[39m [38;2;138;138;154melapsed[39m      [38;2;138;138;154m28s[39m                     [38;2;255;107;53m│[39m [38;2;35;35;46m│[39m [38;2;255;107;53mmcp__auto-claude__record_discovery  [39m                          [38;2;35;35;46m│[39m [38;2;35;35;46m│[39m
[38;2;35;35;46m│[39m [38;2;255;107;53m│[39m [38;2;138;138;154mlast[39m         [38;2;74;74;88mIteration 1 (coding)[39m    [38;2;255;107;53m│[39m [38;2;35;35;46m│[39m [38;2;255;107;53mmcp__auto-claude__record_gotcha  [39m                             [38;2;35;35;46m│[39m [38;2;35;35;46m│[39m
[38;2;35;35;46m│[39m [38;2;255;107;53m└──────────────────────────────────────┘[39m [38;2;35;35;46m│[39m [38;2;255;107;53mmcp__auto-claude__get_session_context[39m                         [38;2;35;35;46m│[39m [38;2;35;35;46m│[39m
[38;2;35;35;46m│[39m                                          [38;2;35;35;46m│[39m                                                               [38;2;35;35;46m│[39m [38;2;35;35;46m│[39m
[38;2;35;35;46m│[39m [38;2;35;35;46m┌──────────────────────────────────────┐[39m [38;2;35;35;46m│[39m [38;2;74;74;88mgrants resolved from AGENT_CONFIGS[coder][39m                     [38;2;35;35;46m│[39m [38;2;35;35;46m│[39m
[38;2;35;35;46m│[39m [38;2;35;35;46m│[39m [38;2;138;138;154mWAIT STATE[39m                           [38;2;35;35;46m│[39m [38;2;35;35;46m│[39m [38;2;74;74;88mwrites contained to allowedWritePaths[39m                         [38;2;35;35;46m│[39m [38;2;35;35;46m│[39m
[38;2;35;35;46m│[39m [38;2;35;35;46m│[39m [38;2;61;220;132m● executing — not blocked[39m            [38;2;35;35;46m│[39m [38;2;35;35;46m│[39m                                                               [38;2;35;35;46m│[39m [38;2;35;35;46m│[39m
[38;2;35;35;46m│[39m [38;2;35;35;46m└──────────────────────────────────────┘[39m [38;2;35;35;46m│[39m                                                               [38;2;35;35;46m│[39m [38;2;35;35;46m│[39m
[38;2;35;35;46m│[39m                                          [38;2;35;35;46m│[39m                                                               [38;2;35;35;46m│[39m [38;2;35;35;46m│[39m
[38;2;35;35;46m│[39m [38;2;35;35;46m┌──────────────────────────────────────┐[39m [38;2;35;35;46m│[39m                                                               [38;2;35;35;46m│[39m [38;2;35;35;46m│[39m
[38;2;35;35;46m│[39m [38;2;35;35;46m│[39m [38;2;138;138;154mTOKEN / CONTEXT[39m                      [38;2;35;35;46m│[39m [38;2;35;35;46m│[39m                                                               [38;2;35;35;46m│[39m [38;2;35;35;46m│[39m
[38;2;35;35;46m│[39m [38;2;35;35;46m│[39m [38;2;61;220;132m░░░░░░░░░░░░░░░░░░░░░░░░░░░░░░[39m       [38;2;35;35;46m│[39m [38;2;35;35;46m│[39m                                                               [38;2;35;35;46m│[39m [38;2;35;35;46m│[39m
[38;2;35;35;46m│[39m [38;2;35;35;46m│[39m [38;2;138;138;154m0 / 200.0k · 0%[39m                      [38;2;35;35;46m│[39m [38;2;35;35;46m│[39m                                                               [38;2;35;35;46m│[39m [38;2;35;35;46m│[39m
[38;2;35;35;46m│[39m [38;2;35;35;46m│[39m [38;2;74;74;88mwarn @70% · continuation @90% · hard [38;2;35;35;46m│[39m [38;2;35;35;46m│[39m                                                               [38;2;35;35;46m│[39m [38;2;35;35;46m│[39m
[38;2;35;35;46m│[39m [38;2;35;35;46m│[39m [38;2;74;74;88mabort @95%[39m                           [38;2;35;35;46m│[39m [38;2;35;35;46m│[39m                                                               [38;2;35;35;46m│[39m [38;2;35;35;46m│[39m
[38;2;35;35;46m│[39m [38;2;35;35;46m│[39m [38;2;138;138;154mprompt[39m       [38;2;232;232;240m0[39m                       [38;2;35;35;46m│[39m [38;2;35;35;46m│[39m                                                               [38;2;35;35;46m│[39m [38;2;35;35;46m│[39m
[38;2;35;35;46m│[39m [38;2;35;35;46m│[39m [38;2;138;138;154mcompletion[39m   [38;2;232;232;240m0[39m                       [38;2;35;35;46m│[39m [38;2;35;35;46m│[39m                                                               [38;2;35;35;46m│[39m [38;2;35;35;46m│[39m
[38;2;35;35;46m│[39m [38;2;35;35;46m│[39m [38;2;138;138;154mthinking[39m     [38;2;56;189;248m0[39m                       [38;2;35;35;46m│[39m [38;2;35;35;46m│[39m                                                               [38;2;35;35;46m│[39m [38;2;35;35;46m│[39m
[38;2;35;35;46m│[39m [38;2;35;35;46m│[39m [38;2;138;138;154mcache hit[39m    [38;2;61;220;132m░░░░░░░░░░ 0%[39m           [38;2;35;35;46m│[39m [38;2;35;35;46m│[39m                                                               [38;2;35;35;46m│[39m [38;2;35;35;46m│[39m
[38;2;35;35;46m│[39m [38;2;35;35;46m│[39m [38;2;138;138;154mtotal[39m        [38;2;255;107;53m0[39m                       [38;2;35;35;46m│[39m [38;2;35;35;46m│[39m                                                               [38;2;35;35;46m│[39m [38;2;35;35;46m│[39m
[38;2;35;35;46m│[39m [38;2;35;35;46m└──────────────────────────────────────┘[39m [38;2;35;35;46m└───────────────────────────────────────────────────────────────┘[39m [38;2;35;35;46m│[39m
[38;2;35;35;46m│[1m[48;2;255;107;53m[38;2;5;5;7m AGENTS [39m[49m[22m [38;2;138;138;154m1-6 sub-view · j/k select · ⏎ inspect · f filter · r resume[39m                           [38;2;255;107;53m:[38;2;74;74;88m cmd  [38;2;255;107;53m?[38;2;74;74;88m help[38;2;35;35;46m│[39m
[38;2;35;35;46m└────────────────────────────────────────────────────────────────────────────────────────────────────────────┘[39m[2J[3J[H[38;2;35;35;46m┌────────────────────────────────────────────────────────────────────────────────────────────────────────────┐[39m
[38;2;35;35;46m│[1m[38;2;255;107;53mAPERANT[39m[22m [38;2;74;74;88m│[39m [38;2;138;138;154maperant-fixture[39m [38;2;74;74;88m/tmp/aperant-fixture[39m [38;2;74;74;88m│[39m [38;2;56;189;248m⑂ develop[39m             [38;2;255;107;53m◉[38;2;138;138;154m 1 running[39m  [38;2;255;176;0m◆[38;2;138;138;154m 0 review[39m  [38;2;61;220;132m●[38;2;138;138;154m no profile[38;2;35;35;46m│[39m
[38;2;35;35;46m│[39m [38;2;138;138;154m 1 board [39m  [38;2;138;138;154m 2 term [39m  [38;2;138;138;154m 3 road [39m  [38;2;138;138;154m 4 chat [39m  [38;2;138;138;154m 5 tree [39m  [38;2;138;138;154m 6 set [39m  [1m[48;2;255;107;53m[38;2;5;5;7m 7 agents [39m[49m[22m                                     [38;2;35;35;46m│[39m
[38;2;35;35;46m│[39m [38;2;138;138;154m 1 swarm [39m [38;2;138;138;154m 2 graph [39m [1m[48;2;255;107;53m[38;2;5;5;7m 3 inspect [39m[49m[22m [38;2;138;138;154m 4 trace [39m [38;2;138;138;154m 5 tokens [39m [38;2;138;138;154m 6 waits [39m [38;2;74;74;88m1 agent · esc then 1-7 to switch tabs[39m       [38;2;35;35;46m│[39m
[38;2;35;35;46m│[39m                                                                                                            [38;2;35;35;46m│[39m
[38;2;35;35;46m│[39m [38;2;255;107;53m┌──────────────────────────────────────┐[39m [38;2;35;35;46m┌───────────────────────────────────────────────────────────────┐[39m [38;2;35;35;46m│[39m
[38;2;35;35;46m│[39m [38;2;255;107;53m│[39m [1m[38;2;255;107;53mAGENT · 002-fix-terminal-bla[39m[22m         [38;2;255;107;53m│[39m [38;2;35;35;46m│[39m [38;2;138;138;154mTOOL GRANTS (from AGENT_CONFIGS)[39m                              [38;2;35;35;46m│[39m [38;2;35;35;46m│[39m
[38;2;35;35;46m│[39m [38;2;255;107;53m│[39m [38;2;138;138;154mtype[39m         [38;2;255;107;53mcoder[39m                   [38;2;255;107;53m│[39m [38;2;35;35;46m│[39m [38;2;74;74;88mBUILTIN[39m                                                       [38;2;35;35;46m│[39m [38;2;35;35;46m│[39m
[38;2;35;35;46m│[39m [38;2;255;107;53m│[39m [38;2;138;138;154mstate[39m        [38;2;255;107;53mRUNNING[39m                 [38;2;255;107;53m│[39m [38;2;35;35;46m│[39m [38;2;56;189;248mRead  Glob  Grep  Write  Edit  Bash  WebFetch  WebSearch[39m      [38;2;35;35;46m│[39m [38;2;35;35;46m│[39m
[38;2;35;35;46m│[39m [38;2;255;107;53m│[39m [38;2;138;138;154mphase[39m        [38;2;232;232;240mcoding [38;2;255;107;53m▪ structured[39m     [38;2;255;107;53m│[39m [38;2;35;35;46m│[39m [38;2;74;74;88mMCP SERVERS[39m                                                   [38;2;35;35;46m│[39m [38;2;35;35;46m│[39m
[38;2;35;35;46m│[39m [38;2;255;107;53m│[39m [38;2;138;138;154mmodel[39m     [38;2;232;232;240mkimi/kimi-for-coding · [39m    [38;2;255;107;53m│[39m [38;2;35;35;46m│[39m [38;2;255;62;138mcontext7  memory  auto-claude[39m                                 [38;2;35;35;46m│[39m [38;2;35;35;46m│[39m
[38;2;35;35;46m│[39m [38;2;255;107;53m│[39m           [38;2;232;232;240mthinking:low[39m               [38;2;255;107;53m│[39m [38;2;35;35;46m│[39m [38;2;74;74;88mAUTO-CLAUDE MCP[39m                                               [38;2;35;35;46m│[39m [38;2;35;35;46m│[39m
[38;2;35;35;46m│[39m [38;2;255;107;53m│[39m [38;2;138;138;154msteps[39m        [38;2;232;232;240m0/1000[39m                  [38;2;255;107;53m│[39m [38;2;35;35;46m│[39m [38;2;255;107;53mmcp__auto-claude__update_subtask_status  [39m                     [38;2;35;35;46m│[39m [38;2;35;35;46m│[39m
[38;2;35;35;46m│[39m [38;2;255;107;53m│[39m [38;2;138;138;154msession[39m      [38;2;232;232;240m#1 · continuations 0/5[39m  [38;2;255;107;53m│[39m [38;2;35;35;46m│[39m [38;2;255;107;53mmcp__auto-claude__get_build_progress  [39m                        [38;2;35;35;46m│[39m [38;2;35;35;46m│[39m
[38;2;35;35;46m│[39m [38;2;255;107;53m│[39m [38;2;138;138;154melapsed[39m      [38;2;138;138;154m28s[39m                     [38;2;255;107;53m│[39m [38;2;35;35;46m│[39m [38;2;255;107;53mmcp__auto-claude__record_discovery  [39m                          [38;2;35;35;46m│[39m [38;2;35;35;46m│[39m
[38;2;35;35;46m│[39m [38;2;255;107;53m│[39m [38;2;138;138;154mlast[39m         [38;2;74;74;88mIteration 1 (coding)[39m    [38;2;255;107;53m│[39m [38;2;35;35;46m│[39m [38;2;255;107;53mmcp__auto-claude__record_gotcha  [39m                             [38;2;35;35;46m│[39m [38;2;35;35;46m│[39m
[38;2;35;35;46m│[39m [38;2;255;107;53m└──────────────────────────────────────┘[39m [38;2;35;35;46m│[39m [38;2;255;107;53mmcp__auto-claude__get_session_context[39m                         [38;2;35;35;46m│[39m [38;2;35;35;46m│[39m
[38;2;35;35;46m│[39m                                          [38;2;35;35;46m│[39m                                                               [38;2;35;35;46m│[39m [38;2;35;35;46m│[39m
[38;2;35;35;46m│[39m [38;2;35;35;46m┌──────────────────────────────────────┐[39m [38;2;35;35;46m│[39m [38;2;74;74;88mgrants resolved from AGENT_CONFIGS[coder][39m                     [38;2;35;35;46m│[39m [38;2;35;35;46m│[39m
[38;2;35;35;46m│[39m [38;2;35;35;46m│[39m [38;2;138;138;154mWAIT STATE[39m                           [38;2;35;35;46m│[39m [38;2;35;35;46m│[39m [38;2;74;74;88mwrites contained to allowedWritePaths[39m                         [38;2;35;35;46m│[39m [38;2;35;35;46m│[39m
[38;2;35;35;46m│[39m [38;2;35;35;46m│[39m [38;2;61;220;132m● executing — not blocked[39m            [38;2;35;35;46m│[39m [38;2;35;35;46m│[39m                                                               [38;2;35;35;46m│[39m [38;2;35;35;46m│[39m
[38;2;35;35;46m│[39m [38;2;35;35;46m└──────────────────────────────────────┘[39m [38;2;35;35;46m│[39m                                                               [38;2;35;35;46m│[39m [38;2;35;35;46m│[39m
[38;2;35;35;46m│[39m                                          [38;2;35;35;46m│[39m                                                               [38;2;35;35;46m│[39m [38;2;35;35;46m│[39m
[38;2;35;35;46m│[39m [38;2;35;35;46m┌──────────────────────────────────────┐[39m [38;2;35;35;46m│[39m                                                               [38;2;35;35;46m│[39m [38;2;35;35;46m│[39m
[38;2;35;35;46m│[39m [38;2;35;35;46m│[39m [38;2;138;138;154mTOKEN / CONTEXT[39m                      [38;2;35;35;46m│[39m [38;2;35;35;46m│[39m                                                               [38;2;35;35;46m│[39m [38;2;35;35;46m│[39m
[38;2;35;35;46m│[39m [38;2;35;35;46m│[39m [38;2;61;220;132m░░░░░░░░░░░░░░░░░░░░░░░░░░░░░░[39m       [38;2;35;35;46m│[39m [38;2;35;35;46m│[39m                                                               [38;2;35;35;46m│[39m [38;2;35;35;46m│[39m
[38;2;35;35;46m│[39m [38;2;35;35;46m│[39m [38;2;138;138;154m0 / 200.0k · 0%[39m                      [38;2;35;35;46m│[39m [38;2;35;35;46m│[39m                                                               [38;2;35;35;46m│[39m [38;2;35;35;46m│[39m
[38;2;35;35;46m│[39m [38;2;35;35;46m│[39m [38;2;74;74;88mwarn @70% · continuation @90% · hard [38;2;35;35;46m│[39m [38;2;35;35;46m│[39m                                                               [38;2;35;35;46m│[39m [38;2;35;35;46m│[39m
[38;2;35;35;46m│[39m [38;2;35;35;46m│[39m [38;2;74;74;88mabort @95%[39m                           [38;2;35;35;46m│[39m [38;2;35;35;46m│[39m                                                               [38;2;35;35;46m│[39m [38;2;35;35;46m│[39m
[38;2;35;35;46m│[39m [38;2;35;35;46m│[39m [38;2;138;138;154mprompt[39m       [38;2;232;232;240m0[39m                       [38;2;35;35;46m│[39m [38;2;35;35;46m│[39m                                                               [38;2;35;35;46m│[39m [38;2;35;35;46m│[39m
[38;2;35;35;46m│[39m [38;2;35;35;46m│[39m [38;2;138;138;154mcompletion[39m   [38;2;232;232;240m0[39m                       [38;2;35;35;46m│[39m [38;2;35;35;46m│[39m                                                               [38;2;35;35;46m│[39m [38;2;35;35;46m│[39m
[38;2;35;35;46m│[39m [38;2;35;35;46m│[39m [38;2;138;138;154mthinking[39m     [38;2;56;189;248m0[39m                       [38;2;35;35;46m│[39m [38;2;35;35;46m│[39m                                                               [38;2;35;35;46m│[39m [38;2;35;35;46m│[39m
[38;2;35;35;46m│[39m [38;2;35;35;46m│[39m [38;2;138;138;154mcache hit[39m    [38;2;61;220;132m░░░░░░░░░░ 0%[39m           [38;2;35;35;46m│[39m [38;2;35;35;46m│[39m                                                               [38;2;35;35;46m│[39m [38;2;35;35;46m│[39m
[38;2;35;35;46m│[39m [38;2;35;35;46m│[39m [38;2;138;138;154mtotal[39m        [38;2;255;107;53m0[39m                       [38;2;35;35;46m│[39m [38;2;35;35;46m│[39m                                                               [38;2;35;35;46m│[39m [38;2;35;35;46m│[39m
[38;2;35;35;46m│[39m [38;2;35;35;46m└──────────────────────────────────────┘[39m [38;2;35;35;46m└───────────────────────────────────────────────────────────────┘[39m [38;2;35;35;46m│[39m
[38;2;35;35;46m│[1m[48;2;255;107;53m[38;2;5;5;7m AGENTS [39m[49m[22m [38;2;138;138;154m1-6 sub-view · j/k select · ⏎ inspect · f filter · r resume[39m                           [38;2;255;107;53m:[38;2;74;74;88m cmd  [38;2;255;107;53m?[38;2;74;74;88m help[38;2;35;35;46m│[39m
[38;2;35;35;46m└────────────────────────────────────────────────────────────────────────────────────────────────────────────┘[39mRetryError [AI_RetryError]: Failed after 3 attempts. Last error: AI_APICallError: Cannot connect to API: connect EHOSTUNREACH 100.33.238.199:20128
    at createRetryError (/tmp/build/aperant-tui/apps/tui/dist/agent-worker.cjs:35437:58)
    at retryWithExponentialBackoffInternal (/tmp/build/aperant-tui/apps/tui/dist/agent-worker.cjs:18017:13)
    at process.processTicksAndRejections (node:internal/process/task_queues:103:5)
    at async streamStep (/tmp/build/aperant-tui/apps/tui/dist/agent-worker.cjs:36937:19)
    at async <anonymous> (/tmp/build/aperant-tui/apps/tui/dist/agent-worker.cjs:37290:11) {
  cause: undefined,
  reason: 'maxRetriesExceeded',
  errors: [
    APICallError [AI_APICallError]: Cannot connect to API: connect EHOSTUNREACH 100.33.238.199:20128
        at handleFetchError (/tmp/build/aperant-tui/apps/tui/dist/agent-worker.cjs:16519:14)
        at postToApi (/tmp/build/aperant-tui/apps/tui/dist/agent-worker.cjs:19149:15)
        at process.processTicksAndRejections (node:internal/process/task_queues:103:5)
        at async postJsonToApi (/tmp/build/aperant-tui/apps/tui/dist/agent-worker.cjs:19048:11)
        at async _OpenAICompatibleChatLanguageModel.doStream (/tmp/build/aperant-tui/apps/tui/dist/agent-worker.cjs:91053:54)
        at async execute (/tmp/build/aperant-tui/apps/tui/dist/agent-worker.cjs:29567:26)
        at async runWithTracingChannelSpan (/tmp/build/aperant-tui/apps/tui/dist/agent-worker.cjs:25865:12)
        at async executeLanguageModelCall (/tmp/build/aperant-tui/apps/tui/dist/agent-worker.cjs:26069:14)
        at async streamLanguageModelCall (/tmp/build/aperant-tui/apps/tui/dist/agent-worker.cjs:29565:7)
        at async retryWithExponentialBackoffInternal (/tmp/build/aperant-tui/apps/tui/dist/agent-worker.cjs:18005:12) {
      cause: [Error],
      url: 'http://home.hack.ski:20128/v1/chat/completions',
      requestBodyValues: [Object],
      statusCode: undefined,
      responseHeaders: undefined,
      responseBody: undefined,
      isRetryable: true,
      data: undefined,
      Symbol(vercel.ai.error): true,
      Symbol(vercel.ai.error.AI_APICallError): true
    },
    APICallError [AI_APICallError]: Cannot connect to API: connect EHOSTUNREACH 100.33.238.199:20128
        at handleFetchError (/tmp/build/aperant-tui/apps/tui/dist/agent-worker.cjs:16519:14)
        at postToApi (/tmp/build/aperant-tui/apps/tui/dist/agent-worker.cjs:19149:15)
        at process.processTicksAndRejections (node:internal/process/task_queues:103:5)
        at async postJsonToApi (/tmp/build/aperant-tui/apps/tui/dist/agent-worker.cjs:19048:11)
        at async _OpenAICompatibleChatLanguageModel.doStream (/tmp/build/aperant-tui/apps/tui/dist/agent-worker.cjs:91053:54)
        at async execute (/tmp/build/aperant-tui/apps/tui/dist/agent-worker.cjs:29567:26)
        at async runWithTracingChannelSpan (/tmp/build/aperant-tui/apps/tui/dist/agent-worker.cjs:25865:12)
        at async executeLanguageModelCall (/tmp/build/aperant-tui/apps/tui/dist/agent-worker.cjs:26069:14)
        at async streamLanguageModelCall (/tmp/build/aperant-tui/apps/tui/dist/agent-worker.cjs:29565:7)
        at async retryWithExponentialBackoffInternal (/tmp/build/aperant-tui/apps/tui/dist/agent-worker.cjs:18005:12) {
      cause: [Error],
      url: 'http://home.hack.ski:20128/v1/chat/completions',
      requestBodyValues: [Object],
      statusCode: undefined,
      responseHeaders: undefined,
      responseBody: undefined,
      isRetryable: true,
      data: undefined,
      Symbol(vercel.ai.error): true,
      Symbol(vercel.ai.error.AI_APICallError): true
    },
    APICallError [AI_APICallError]: Cannot connect to API: connect EHOSTUNREACH 100.33.238.199:20128
        at handleFetchError (/tmp/build/aperant-tui/apps/tui/dist/agent-worker.cjs:16519:14)
        at postToApi (/tmp/build/aperant-tui/apps/tui/dist/agent-worker.cjs:19149:15)
        at process.processTicksAndRejections (node:internal/process/task_queues:103:5)
        at async postJsonToApi (/tmp/build/aperant-tui/apps/tui/dist/agent-worker.cjs:19048:11)
        at async _OpenAICompatibleChatLanguageModel.doStream (/tmp/build/aperant-tui/apps/tui/dist/agent-worker.cjs:91053:54)
        at async execute (/tmp/build/aperant-tui/apps/tui/dist/agent-worker.cjs:29567:26)
        at async runWithTracingChannelSpan (/tmp/build/aperant-tui/apps/tui/dist/agent-worker.cjs:25865:12)
        at async executeLanguageModelCall (/tmp/build/aperant-tui/apps/tui/dist/agent-worker.cjs:26069:14)
        at async streamLanguageModelCall (/tmp/build/aperant-tui/apps/tui/dist/agent-worker.cjs:29565:7)
        at async retryWithExponentialBackoffInternal (/tmp/build/aperant-tui/apps/tui/dist/agent-worker.cjs:18005:12) {
      cause: [Error],
      url: 'http://home.hack.ski:20128/v1/chat/completions',
      requestBodyValues: [Object],
      statusCode: undefined,
      responseHeaders: undefined,
      responseBody: undefined,
      isRetryable: true,
      data: undefined,
      Symbol(vercel.ai.error): true,
      Symbol(vercel.ai.error.AI_APICallError): true
    }
  ],
  lastError: APICallError [AI_APICallError]: Cannot connect to API: connect EHOSTUNREACH 100.33.238.199:20128
      at handleFetchError (/tmp/build/aperant-tui/apps/tui/dist/agent-worker.cjs:16519:14)
      at postToApi (/tmp/build/aperant-tui/apps/tui/dist/agent-worker.cjs:19149:15)
      at process.processTicksAndRejections (node:internal/process/task_queues:103:5)
      at async postJsonToApi (/tmp/build/aperant-tui/apps/tui/dist/agent-worker.cjs:19048:11)
      at async _OpenAICompatibleChatLanguageModel.doStream (/tmp/build/aperant-tui/apps/tui/dist/agent-worker.cjs:91053:54)
      at async execute (/tmp/build/aperant-tui/apps/tui/dist/agent-worker.cjs:29567:26)
      at async runWithTracingChannelSpan (/tmp/build/aperant-tui/apps/tui/dist/agent-worker.cjs:25865:12)
      at async executeLanguageModelCall (/tmp/build/aperant-tui/apps/tui/dist/agent-worker.cjs:26069:14)
      at async streamLanguageModelCall (/tmp/build/aperant-tui/apps/tui/dist/agent-worker.cjs:29565:7)
      at async retryWithExponentialBackoffInternal (/tmp/build/aperant-tui/apps/tui/dist/agent-worker.cjs:18005:12) {
    cause: Error: connect EHOSTUNREACH 100.33.238.199:20128
        at TCPConnectWrap.afterConnect [as oncomplete] (node:net:1637:16) {
      errno: -113,
      code: 'EHOSTUNREACH',
      syscall: 'connect',
      address: '100.33.238.199',
      port: 20128
    },
    url: 'http://home.hack.ski:20128/v1/chat/completions',
    requestBodyValues: {
      model: 'kimi/kimi-for-coding',
      user: undefined,
      max_tokens: undefined,
      temperature: undefined,
      top_p: undefined,
      frequency_penalty: undefined,
      presence_penalty: undefined,
      response_format: undefined,
      stop: undefined,
      seed: undefined,
      reasoning_effort: undefined,
      verbosity: undefined,
      messages: [Array],
      tools: [Array],
      tool_choice: 'auto',
      stream: true,
      stream_options: undefined
    },
    statusCode: undefined,
    responseHeaders: undefined,
    responseBody: undefined,
    isRetryable: true,
    data: undefined,
    Symbol(vercel.ai.error): true,
    Symbol(vercel.ai.error.AI_APICallError): true
  },
  Symbol(vercel.ai.error): true,
  Symbol(vercel.ai.error.AI_RetryError): true
}
[2J[3J[H[38;2;35;35;46m┌────────────────────────────────────────────────────────────────────────────────────────────────────────────┐[39m
[38;2;35;35;46m│[1m[38;2;255;107;53mAPERANT[39m[22m [38;2;74;74;88m│[39m [38;2;138;138;154maperant-fixture[39m [38;2;74;74;88m/tmp/aperant-fixture[39m [38;2;74;74;88m│[39m [38;2;56;189;248m⑂ develop[39m             [38;2;255;107;53m◉[38;2;138;138;154m 1 running[39m  [38;2;255;176;0m◆[38;2;138;138;154m 0 review[39m  [38;2;61;220;132m●[38;2;138;138;154m no profile[38;2;35;35;46m│[39m
[38;2;35;35;46m│[39m [38;2;138;138;154m 1 board [39m  [38;2;138;138;154m 2 term [39m  [38;2;138;138;154m 3 road [39m  [38;2;138;138;154m 4 chat [39m  [38;2;138;138;154m 5 tree [39m  [38;2;138;138;154m 6 set [39m  [1m[48;2;255;107;53m[38;2;5;5;7m 7 agents [39m[49m[22m                                     [38;2;35;35;46m│[39m
[38;2;35;35;46m│[39m [38;2;138;138;154m 1 swarm [39m [38;2;138;138;154m 2 graph [39m [1m[48;2;255;107;53m[38;2;5;5;7m 3 inspect [39m[49m[22m [38;2;138;138;154m 4 trace [39m [38;2;138;138;154m 5 tokens [39m [38;2;138;138;154m 6 waits [39m [38;2;74;74;88m1 agent · esc then 1-7 to switch tabs[39m       [38;2;35;35;46m│[39m
[38;2;35;35;46m│[39m                                                                                                            [38;2;35;35;46m│[39m
[38;2;35;35;46m│[39m [38;2;255;107;53m┌──────────────────────────────────────┐[39m [38;2;35;35;46m┌───────────────────────────────────────────────────────────────┐[39m [38;2;35;35;46m│[39m
[38;2;35;35;46m│[39m [38;2;255;107;53m│[39m [1m[38;2;255;107;53mAGENT · 002-fix-terminal-bla[39m[22m         [38;2;255;107;53m│[39m [38;2;35;35;46m│[39m [38;2;138;138;154mTOOL GRANTS (from AGENT_CONFIGS)[39m                              [38;2;35;35;46m│[39m [38;2;35;35;46m│[39m
[38;2;35;35;46m│[39m [38;2;255;107;53m│[39m [38;2;138;138;154mtype[39m         [38;2;255;107;53mcoder[39m                   [38;2;255;107;53m│[39m [38;2;35;35;46m│[39m [38;2;74;74;88mBUILTIN[39m                                                       [38;2;35;35;46m│[39m [38;2;35;35;46m│[39m
[38;2;35;35;46m│[39m [38;2;255;107;53m│[39m [38;2;138;138;154mstate[39m        [38;2;255;107;53mRUNNING[39m                 [38;2;255;107;53m│[39m [38;2;35;35;46m│[39m [38;2;56;189;248mRead  Glob  Grep  Write  Edit  Bash  WebFetch  WebSearch[39m      [38;2;35;35;46m│[39m [38;2;35;35;46m│[39m
[38;2;35;35;46m│[39m [38;2;255;107;53m│[39m [38;2;138;138;154mphase[39m        [38;2;232;232;240mcoding [38;2;255;107;53m▪ structured[39m     [38;2;255;107;53m│[39m [38;2;35;35;46m│[39m [38;2;74;74;88mMCP SERVERS[39m                                                   [38;2;35;35;46m│[39m [38;2;35;35;46m│[39m
[38;2;35;35;46m│[39m [38;2;255;107;53m│[39m [38;2;138;138;154mmodel[39m     [38;2;232;232;240mkimi/kimi-for-coding · [39m    [38;2;255;107;53m│[39m [38;2;35;35;46m│[39m [38;2;255;62;138mcontext7  memory  auto-claude[39m                                 [38;2;35;35;46m│[39m [38;2;35;35;46m│[39m
[38;2;35;35;46m│[39m [38;2;255;107;53m│[39m           [38;2;232;232;240mthinking:low[39m               [38;2;255;107;53m│[39m [38;2;35;35;46m│[39m [38;2;74;74;88mAUTO-CLAUDE MCP[39m                                               [38;2;35;35;46m│[39m [38;2;35;35;46m│[39m
[38;2;35;35;46m│[39m [38;2;255;107;53m│[39m [38;2;138;138;154msteps[39m        [38;2;232;232;240m0/1000[39m                  [38;2;255;107;53m│[39m [38;2;35;35;46m│[39m [38;2;255;107;53mmcp__auto-claude__update_subtask_status  [39m                     [38;2;35;35;46m│[39m [38;2;35;35;46m│[39m
[38;2;35;35;46m│[39m [38;2;255;107;53m│[39m [38;2;138;138;154msession[39m      [38;2;232;232;240m#1 · continuations 0/5[39m  [38;2;255;107;53m│[39m [38;2;35;35;46m│[39m [38;2;255;107;53mmcp__auto-claude__get_build_progress  [39m                        [38;2;35;35;46m│[39m [38;2;35;35;46m│[39m
[38;2;35;35;46m│[39m [38;2;255;107;53m│[39m [38;2;138;138;154melapsed[39m      [38;2;138;138;154m28s[39m                     [38;2;255;107;53m│[39m [38;2;35;35;46m│[39m [38;2;255;107;53mmcp__auto-claude__record_discovery  [39m                          [38;2;35;35;46m│[39m [38;2;35;35;46m│[39m
[38;2;35;35;46m│[39m [38;2;255;107;53m│[39m [38;2;138;138;154mlast[39m        [38;2;74;74;88mSession complete (coding)[38;2;255;107;53m│[39m [38;2;35;35;46m│[39m [38;2;255;107;53mmcp__auto-claude__record_gotcha  [39m                             [38;2;35;35;46m│[39m [38;2;35;35;46m│[39m
[38;2;35;35;46m│[39m [38;2;255;107;53m│[39m                                      [38;2;255;107;53m│[39m [38;2;35;35;46m│[39m [38;2;255;107;53mmcp__auto-claude__get_session_context[39m                         [38;2;35;35;46m│[39m [38;2;35;35;46m│[39m
[38;2;35;35;46m│[39m [38;2;255;107;53m└──────────────────────────────────────┘[39m [38;2;35;35;46m│[39m                                                               [38;2;35;35;46m│[39m [38;2;35;35;46m│[39m
[38;2;35;35;46m│[39m                                          [38;2;35;35;46m│[39m [38;2;74;74;88mgrants resolved from AGENT_CONFIGS[coder][39m                     [38;2;35;35;46m│[39m [38;2;35;35;46m│[39m
[38;2;35;35;46m│[39m [38;2;35;35;46m┌──────────────────────────────────────┐[39m [38;2;35;35;46m│[39m [38;2;74;74;88mwrites contained to allowedWritePaths[39m                         [38;2;35;35;46m│[39m [38;2;35;35;46m│[39m
[38;2;35;35;46m│[39m [38;2;35;35;46m│[39m [38;2;138;138;154mWAIT STATE[39m                           [38;2;35;35;46m│[39m [38;2;35;35;46m│[39m                                                               [38;2;35;35;46m│[39m [38;2;35;35;46m│[39m
[38;2;35;35;46m│[39m [38;2;35;35;46m│[39m [38;2;61;220;132m● executing — not blocked[39m            [38;2;35;35;46m│[39m [38;2;35;35;46m│[39m                                                               [38;2;35;35;46m│[39m [38;2;35;35;46m│[39m
[38;2;35;35;46m│[39m [38;2;35;35;46m└──────────────────────────────────────┘[39m [38;2;35;35;46m│[39m                                                               [38;2;35;35;46m│[39m [38;2;35;35;46m│[39m
[38;2;35;35;46m│[39m                                          [38;2;35;35;46m│[39m                                                               [38;2;35;35;46m│[39m [38;2;35;35;46m│[39m
[38;2;35;35;46m│[39m [38;2;35;35;46m┌──────────────────────────────────────┐[39m [38;2;35;35;46m│[39m                                                               [38;2;35;35;46m│[39m [38;2;35;35;46m│[39m
[38;2;35;35;46m│[39m [38;2;35;35;46m│[39m [38;2;138;138;154mTOKEN / CONTEXT[39m                      [38;2;35;35;46m│[39m [38;2;35;35;46m│[39m                                                               [38;2;35;35;46m│[39m [38;2;35;35;46m│[39m
[38;2;35;35;46m│[39m [38;2;35;35;46m│[39m [38;2;61;220;132m░░░░░░░░░░░░░░░░░░░░░░░░░░░░░░[39m       [38;2;35;35;46m│[39m [38;2;35;35;46m│[39m                                                               [38;2;35;35;46m│[39m [38;2;35;35;46m│[39m
[38;2;35;35;46m│[39m [38;2;35;35;46m│[39m [38;2;138;138;154m0 / 200.0k · 0%[39m                      [38;2;35;35;46m│[39m [38;2;35;35;46m│[39m                                                               [38;2;35;35;46m│[39m [38;2;35;35;46m│[39m
[38;2;35;35;46m│[39m [38;2;35;35;46m│[39m [38;2;74;74;88mwarn @70% · continuation @90% · hard [38;2;35;35;46m│[39m [38;2;35;35;46m│[39m                                                               [38;2;35;35;46m│[39m [38;2;35;35;46m│[39m
[38;2;35;35;46m│[39m [38;2;35;35;46m│[39m [38;2;74;74;88mabort @95%[39m                           [38;2;35;35;46m│[39m [38;2;35;35;46m│[39m                                                               [38;2;35;35;46m│[39m [38;2;35;35;46m│[39m
[38;2;35;35;46m│[39m [38;2;35;35;46m│[39m [38;2;138;138;154mprompt[39m       [38;2;232;232;240m0[39m                       [38;2;35;35;46m│[39m [38;2;35;35;46m│[39m                                                               [38;2;35;35;46m│[39m [38;2;35;35;46m│[39m
[38;2;35;35;46m│[39m [38;2;35;35;46m│[39m [38;2;138;138;154mcompletion[39m   [38;2;232;232;240m0[39m                       [38;2;35;35;46m│[39m [38;2;35;35;46m│[39m                                                               [38;2;35;35;46m│[39m [38;2;35;35;46m│[39m
[38;2;35;35;46m│[39m [38;2;35;35;46m│[39m [38;2;138;138;154mthinking[39m     [38;2;56;189;248m0[39m                       [38;2;35;35;46m│[39m [38;2;35;35;46m│[39m                                                               [38;2;35;35;46m│[39m [38;2;35;35;46m│[39m
[38;2;35;35;46m│[39m [38;2;35;35;46m│[39m [38;2;138;138;154mcache hit[39m    [38;2;61;220;132m░░░░░░░░░░ 0%[39m           [38;2;35;35;46m│[39m [38;2;35;35;46m│[39m                                                               [38;2;35;35;46m│[39m [38;2;35;35;46m│[39m
[38;2;35;35;46m│[39m [38;2;35;35;46m│[39m [38;2;138;138;154mtotal[39m        [38;2;255;107;53m0[39m                       [38;2;35;35;46m│[39m [38;2;35;35;46m│[39m                                                               [38;2;35;35;46m│[39m [38;2;35;35;46m│[39m
[38;2;35;35;46m│[39m [38;2;35;35;46m└──────────────────────────────────────┘[39m [38;2;35;35;46m└───────────────────────────────────────────────────────────────┘[39m [38;2;35;35;46m│[39m
[38;2;35;35;46m│[1m[48;2;255;107;53m[38;2;5;5;7m AGENTS [39m[49m[22m [38;2;138;138;154m1-6 sub-view · j/k select · ⏎ inspect · f filter · r resume[39m                           [38;2;255;107;53m:[38;2;74;74;88m cmd  [38;2;255;107;53m?[38;2;74;74;88m help[38;2;35;35;46m│[39m
[38;2;35;35;46m└────────────────────────────────────────────────────────────────────────────────────────────────────────────┘[39m[2J[3J[H[38;2;35;35;46m┌────────────────────────────────────────────────────────────────────────────────────────────────────────────┐[39m
[38;2;35;35;46m│[1m[38;2;255;107;53mAPERANT[39m[22m [38;2;74;74;88m│[39m [38;2;138;138;154maperant-fixture[39m [38;2;74;74;88m/tmp/aperant-fixture[39m [38;2;74;74;88m│[39m [38;2;56;189;248m⑂ develop[39m             [38;2;255;107;53m◉[38;2;138;138;154m 1 running[39m  [38;2;255;176;0m◆[38;2;138;138;154m 0 review[39m  [38;2;61;220;132m●[38;2;138;138;154m no profile[38;2;35;35;46m│[39m
[38;2;35;35;46m│[39m [38;2;138;138;154m 1 board [39m  [38;2;138;138;154m 2 term [39m  [38;2;138;138;154m 3 road [39m  [38;2;138;138;154m 4 chat [39m  [38;2;138;138;154m 5 tree [39m  [38;2;138;138;154m 6 set [39m  [1m[48;2;255;107;53m[38;2;5;5;7m 7 agents [39m[49m[22m                                     [38;2;35;35;46m│[39m
[38;2;35;35;46m│[39m [38;2;138;138;154m 1 swarm [39m [38;2;138;138;154m 2 graph [39m [1m[48;2;255;107;53m[38;2;5;5;7m 3 inspect [39m[49m[22m [38;2;138;138;154m 4 trace [39m [38;2;138;138;154m 5 tokens [39m [38;2;138;138;154m 6 waits [39m [38;2;74;74;88m1 agent · esc then 1-7 to switch tabs[39m       [38;2;35;35;46m│[39m
[38;2;35;35;46m│[39m                                                                                                            [38;2;35;35;46m│[39m
[38;2;35;35;46m│[39m [38;2;255;107;53m┌──────────────────────────────────────┐[39m [38;2;35;35;46m┌───────────────────────────────────────────────────────────────┐[39m [38;2;35;35;46m│[39m
[38;2;35;35;46m│[39m [38;2;255;107;53m│[39m [1m[38;2;255;107;53mAGENT · 002-fix-terminal-bla[39m[22m         [38;2;255;107;53m│[39m [38;2;35;35;46m│[39m [38;2;138;138;154mTOOL GRANTS (from AGENT_CONFIGS)[39m                              [38;2;35;35;46m│[39m [38;2;35;35;46m│[39m
[38;2;35;35;46m│[39m [38;2;255;107;53m│[39m [38;2;138;138;154mtype[39m         [38;2;255;107;53mcoder[39m                   [38;2;255;107;53m│[39m [38;2;35;35;46m│[39m [38;2;74;74;88mBUILTIN[39m                                                       [38;2;35;35;46m│[39m [38;2;35;35;46m│[39m
[38;2;35;35;46m│[39m [38;2;255;107;53m│[39m [38;2;138;138;154mstate[39m        [38;2;255;107;53mRUNNING[39m                 [38;2;255;107;53m│[39m [38;2;35;35;46m│[39m [38;2;56;189;248mRead  Glob  Grep  Write  Edit  Bash  WebFetch  WebSearch[39m      [38;2;35;35;46m│[39m [38;2;35;35;46m│[39m
[38;2;35;35;46m│[39m [38;2;255;107;53m│[39m [38;2;138;138;154mphase[39m        [38;2;232;232;240mcoding [38;2;255;107;53m▪ structured[39m     [38;2;255;107;53m│[39m [38;2;35;35;46m│[39m [38;2;74;74;88mMCP SERVERS[39m                                                   [38;2;35;35;46m│[39m [38;2;35;35;46m│[39m
[38;2;35;35;46m│[39m [38;2;255;107;53m│[39m [38;2;138;138;154mmodel[39m     [38;2;232;232;240mkimi/kimi-for-coding · [39m    [38;2;255;107;53m│[39m [38;2;35;35;46m│[39m [38;2;255;62;138mcontext7  memory  auto-claude[39m                                 [38;2;35;35;46m│[39m [38;2;35;35;46m│[39m
[38;2;35;35;46m│[39m [38;2;255;107;53m│[39m           [38;2;232;232;240mthinking:low[39m               [38;2;255;107;53m│[39m [38;2;35;35;46m│[39m [38;2;74;74;88mAUTO-CLAUDE MCP[39m                                               [38;2;35;35;46m│[39m [38;2;35;35;46m│[39m
[38;2;35;35;46m│[39m [38;2;255;107;53m│[39m [38;2;138;138;154msteps[39m        [38;2;232;232;240m0/1000[39m                  [38;2;255;107;53m│[39m [38;2;35;35;46m│[39m [38;2;255;107;53mmcp__auto-claude__update_subtask_status  [39m                     [38;2;35;35;46m│[39m [38;2;35;35;46m│[39m
[38;2;35;35;46m│[39m [38;2;255;107;53m│[39m [38;2;138;138;154msession[39m      [38;2;232;232;240m#1 · continuations 0/5[39m  [38;2;255;107;53m│[39m [38;2;35;35;46m│[39m [38;2;255;107;53mmcp__auto-claude__get_build_progress  [39m                        [38;2;35;35;46m│[39m [38;2;35;35;46m│[39m
[38;2;35;35;46m│[39m [38;2;255;107;53m│[39m [38;2;138;138;154melapsed[39m      [38;2;138;138;154m29s[39m                     [38;2;255;107;53m│[39m [38;2;35;35;46m│[39m [38;2;255;107;53mmcp__auto-claude__record_discovery  [39m                          [38;2;35;35;46m│[39m [38;2;35;35;46m│[39m
[38;2;35;35;46m│[39m [38;2;255;107;53m│[39m [38;2;138;138;154mlast[39m        [38;2;74;74;88mSession complete (coding)[38;2;255;107;53m│[39m [38;2;35;35;46m│[39m [38;2;255;107;53mmcp__auto-claude__record_gotcha  [39m                             [38;2;35;35;46m│[39m [38;2;35;35;46m│[39m
[38;2;35;35;46m│[39m [38;2;255;107;53m│[39m                                      [38;2;255;107;53m│[39m [38;2;35;35;46m│[39m [38;2;255;107;53mmcp__auto-claude__get_session_context[39m                         [38;2;35;35;46m│[39m [38;2;35;35;46m│[39m
[38;2;35;35;46m│[39m [38;2;255;107;53m└──────────────────────────────────────┘[39m [38;2;35;35;46m│[39m                                                               [38;2;35;35;46m│[39m [38;2;35;35;46m│[39m
[38;2;35;35;46m│[39m                                          [38;2;35;35;46m│[39m [38;2;74;74;88mgrants resolved from AGENT_CONFIGS[coder][39m                     [38;2;35;35;46m│[39m [38;2;35;35;46m│[39m
[38;2;35;35;46m│[39m [38;2;35;35;46m┌──────────────────────────────────────┐[39m [38;2;35;35;46m│[39m [38;2;74;74;88mwrites contained to allowedWritePaths[39m                         [38;2;35;35;46m│[39m [38;2;35;35;46m│[39m
[38;2;35;35;46m│[39m [38;2;35;35;46m│[39m [38;2;138;138;154mWAIT STATE[39m                           [38;2;35;35;46m│[39m [38;2;35;35;46m│[39m                                                               [38;2;35;35;46m│[39m [38;2;35;35;46m│[39m
[38;2;35;35;46m│[39m [38;2;35;35;46m│[39m [38;2;61;220;132m● executing — not blocked[39m            [38;2;35;35;46m│[39m [38;2;35;35;46m│[39m                                                               [38;2;35;35;46m│[39m [38;2;35;35;46m│[39m
[38;2;35;35;46m│[39m [38;2;35;35;46m└──────────────────────────────────────┘[39m [38;2;35;35;46m│[39m                                                               [38;2;35;35;46m│[39m [38;2;35;35;46m│[39m
[38;2;35;35;46m│[39m                                          [38;2;35;35;46m│[39m                                                               [38;2;35;35;46m│[39m [38;2;35;35;46m│[39m
[38;2;35;35;46m│[39m [38;2;35;35;46m┌──────────────────────────────────────┐[39m [38;2;35;35;46m│[39m                                                               [38;2;35;35;46m│[39m [38;2;35;35;46m│[39m
[38;2;35;35;46m│[39m [38;2;35;35;46m│[39m [38;2;138;138;154mTOKEN / CONTEXT[39m                      [38;2;35;35;46m│[39m [38;2;35;35;46m│[39m                                                               [38;2;35;35;46m│[39m [38;2;35;35;46m│[39m
[38;2;35;35;46m│[39m [38;2;35;35;46m│[39m [38;2;61;220;132m░░░░░░░░░░░░░░░░░░░░░░░░░░░░░░[39m       [38;2;35;35;46m│[39m [38;2;35;35;46m│[39m                                                               [38;2;35;35;46m│[39m [38;2;35;35;46m│[39m
[38;2;35;35;46m│[39m [38;2;35;35;46m│[39m [38;2;138;138;154m0 / 200.0k · 0%[39m                      [38;2;35;35;46m│[39m [38;2;35;35;46m│[39m                                                               [38;2;35;35;46m│[39m [38;2;35;35;46m│[39m
[38;2;35;35;46m│[39m [38;2;35;35;46m│[39m [38;2;74;74;88mwarn @70% · continuation @90% · hard [38;2;35;35;46m│[39m [38;2;35;35;46m│[39m                                                               [38;2;35;35;46m│[39m [38;2;35;35;46m│[39m
[38;2;35;35;46m│[39m [38;2;35;35;46m│[39m [38;2;74;74;88mabort @95%[39m                           [38;2;35;35;46m│[39m [38;2;35;35;46m│[39m                                                               [38;2;35;35;46m│[39m [38;2;35;35;46m│[39m
[38;2;35;35;46m│[39m [38;2;35;35;46m│[39m [38;2;138;138;154mprompt[39m       [38;2;232;232;240m0[39m                       [38;2;35;35;46m│[39m [38;2;35;35;46m│[39m                                                               [38;2;35;35;46m│[39m [38;2;35;35;46m│[39m
[38;2;35;35;46m│[39m [38;2;35;35;46m│[39m [38;2;138;138;154mcompletion[39m   [38;2;232;232;240m0[39m                       [38;2;35;35;46m│[39m [38;2;35;35;46m│[39m                                                               [38;2;35;35;46m│[39m [38;2;35;35;46m│[39m
[38;2;35;35;46m│[39m [38;2;35;35;46m│[39m [38;2;138;138;154mthinking[39m     [38;2;56;189;248m0[39m                       [38;2;35;35;46m│[39m [38;2;35;35;46m│[39m                                                               [38;2;35;35;46m│[39m [38;2;35;35;46m│[39m
[38;2;35;35;46m│[39m [38;2;35;35;46m│[39m [38;2;138;138;154mcache hit[39m    [38;2;61;220;132m░░░░░░░░░░ 0%[39m           [38;2;35;35;46m│[39m [38;2;35;35;46m│[39m                                                               [38;2;35;35;46m│[39m [38;2;35;35;46m│[39m
[38;2;35;35;46m│[39m [38;2;35;35;46m│[39m [38;2;138;138;154mtotal[39m        [38;2;255;107;53m0[39m                       [38;2;35;35;46m│[39m [38;2;35;35;46m│[39m                                                               [38;2;35;35;46m│[39m [38;2;35;35;46m│[39m
[38;2;35;35;46m│[39m [38;2;35;35;46m└──────────────────────────────────────┘[39m [38;2;35;35;46m└───────────────────────────────────────────────────────────────┘[39m [38;2;35;35;46m│[39m
[38;2;35;35;46m│[1m[48;2;255;107;53m[38;2;5;5;7m AGENTS [39m[49m[22m [38;2;138;138;154m1-6 sub-view · j/k select · ⏎ inspect · f filter · r resume[39m                           [38;2;255;107;53m:[38;2;74;74;88m cmd  [38;2;255;107;53m?[38;2;74;74;88m help[38;2;35;35;46m│[39m
[38;2;35;35;46m└────────────────────────────────────────────────────────────────────────────────────────────────────────────┘[39m[2J[3J[H[38;2;35;35;46m┌────────────────────────────────────────────────────────────────────────────────────────────────────────────┐[39m
[38;2;35;35;46m│[1m[38;2;255;107;53mAPERANT[39m[22m [38;2;74;74;88m│[39m [38;2;138;138;154maperant-fixture[39m [38;2;74;74;88m/tmp/aperant-fixture[39m [38;2;74;74;88m│[39m [38;2;56;189;248m⑂ develop[39m             [38;2;255;107;53m◉[38;2;138;138;154m 1 running[39m  [38;2;255;176;0m◆[38;2;138;138;154m 0 review[39m  [38;2;61;220;132m●[38;2;138;138;154m no profile[38;2;35;35;46m│[39m
[38;2;35;35;46m│[39m [38;2;138;138;154m 1 board [39m  [38;2;138;138;154m 2 term [39m  [38;2;138;138;154m 3 road [39m  [38;2;138;138;154m 4 chat [39m  [38;2;138;138;154m 5 tree [39m  [38;2;138;138;154m 6 set [39m  [1m[48;2;255;107;53m[38;2;5;5;7m 7 agents [39m[49m[22m                                     [38;2;35;35;46m│[39m
[38;2;35;35;46m│[39m [38;2;138;138;154m 1 swarm [39m [38;2;138;138;154m 2 graph [39m [1m[48;2;255;107;53m[38;2;5;5;7m 3 inspect [39m[49m[22m [38;2;138;138;154m 4 trace [39m [38;2;138;138;154m 5 tokens [39m [38;2;138;138;154m 6 waits [39m [38;2;74;74;88m1 agent · esc then 1-7 to switch tabs[39m       [38;2;35;35;46m│[39m
[38;2;35;35;46m│[39m                                                                                                            [38;2;35;35;46m│[39m
[38;2;35;35;46m│[39m [38;2;255;107;53m┌──────────────────────────────────────┐[39m [38;2;35;35;46m┌───────────────────────────────────────────────────────────────┐[39m [38;2;35;35;46m│[39m
[38;2;35;35;46m│[39m [38;2;255;107;53m│[39m [1m[38;2;255;107;53mAGENT · 002-fix-terminal-bla[39m[22m         [38;2;255;107;53m│[39m [38;2;35;35;46m│[39m [38;2;138;138;154mTOOL GRANTS (from AGENT_CONFIGS)[39m                              [38;2;35;35;46m│[39m [38;2;35;35;46m│[39m
[38;2;35;35;46m│[39m [38;2;255;107;53m│[39m [38;2;138;138;154mtype[39m         [38;2;255;107;53mcoder[39m                   [38;2;255;107;53m│[39m [38;2;35;35;46m│[39m [38;2;74;74;88mBUILTIN[39m                                                       [38;2;35;35;46m│[39m [38;2;35;35;46m│[39m
[38;2;35;35;46m│[39m [38;2;255;107;53m│[39m [38;2;138;138;154mstate[39m        [38;2;255;107;53mRUNNING[39m                 [38;2;255;107;53m│[39m [38;2;35;35;46m│[39m [38;2;56;189;248mRead  Glob  Grep  Write  Edit  Bash  WebFetch  WebSearch[39m      [38;2;35;35;46m│[39m [38;2;35;35;46m│[39m
[38;2;35;35;46m│[39m [38;2;255;107;53m│[39m [38;2;138;138;154mphase[39m        [38;2;232;232;240mcoding [38;2;255;107;53m▪ structured[39m     [38;2;255;107;53m│[39m [38;2;35;35;46m│[39m [38;2;74;74;88mMCP SERVERS[39m                                                   [38;2;35;35;46m│[39m [38;2;35;35;46m│[39m
[38;2;35;35;46m│[39m [38;2;255;107;53m│[39m [38;2;138;138;154mmodel[39m     [38;2;232;232;240mkimi/kimi-for-coding · [39m    [38;2;255;107;53m│[39m [38;2;35;35;46m│[39m [38;2;255;62;138mcontext7  memory  auto-claude[39m                                 [38;2;35;35;46m│[39m [38;2;35;35;46m│[39m
[38;2;35;35;46m│[39m [38;2;255;107;53m│[39m           [38;2;232;232;240mthinking:low[39m               [38;2;255;107;53m│[39m [38;2;35;35;46m│[39m [38;2;74;74;88mAUTO-CLAUDE MCP[39m                                               [38;2;35;35;46m│[39m [38;2;35;35;46m│[39m
[38;2;35;35;46m│[39m [38;2;255;107;53m│[39m [38;2;138;138;154msteps[39m        [38;2;232;232;240m0/1000[39m                  [38;2;255;107;53m│[39m [38;2;35;35;46m│[39m [38;2;255;107;53mmcp__auto-claude__update_subtask_status  [39m                     [38;2;35;35;46m│[39m [38;2;35;35;46m│[39m
[38;2;35;35;46m│[39m [38;2;255;107;53m│[39m [38;2;138;138;154msession[39m      [38;2;232;232;240m#1 · continuations 0/5[39m  [38;2;255;107;53m│[39m [38;2;35;35;46m│[39m [38;2;255;107;53mmcp__auto-claude__get_build_progress  [39m                        [38;2;35;35;46m│[39m [38;2;35;35;46m│[39m
[38;2;35;35;46m│[39m [38;2;255;107;53m│[39m [38;2;138;138;154melapsed[39m      [38;2;138;138;154m30s[39m                     [38;2;255;107;53m│[39m [38;2;35;35;46m│[39m [38;2;255;107;53mmcp__auto-claude__record_discovery  [39m                          [38;2;35;35;46m│[39m [38;2;35;35;46m│[39m
[38;2;35;35;46m│[39m [38;2;255;107;53m│[39m [38;2;138;138;154mlast[39m        [38;2;74;74;88mSession complete (coding)[38;2;255;107;53m│[39m [38;2;35;35;46m│[39m [38;2;255;107;53mmcp__auto-claude__record_gotcha  [39m                             [38;2;35;35;46m│[39m [38;2;35;35;46m│[39m
[38;2;35;35;46m│[39m [38;2;255;107;53m│[39m                                      [38;2;255;107;53m│[39m [38;2;35;35;46m│[39m [38;2;255;107;53mmcp__auto-claude__get_session_context[39m                         [38;2;35;35;46m│[39m [38;2;35;35;46m│[39m
[38;2;35;35;46m│[39m [38;2;255;107;53m└──────────────────────────────────────┘[39m [38;2;35;35;46m│[39m                                                               [38;2;35;35;46m│[39m [38;2;35;35;46m│[39m
[38;2;35;35;46m│[39m                                          [38;2;35;35;46m│[39m [38;2;74;74;88mgrants resolved from AGENT_CONFIGS[coder][39m                     [38;2;35;35;46m│[39m [38;2;35;35;46m│[39m
[38;2;35;35;46m│[39m [38;2;35;35;46m┌──────────────────────────────────────┐[39m [38;2;35;35;46m│[39m [38;2;74;74;88mwrites contained to allowedWritePaths[39m                         [38;2;35;35;46m│[39m [38;2;35;35;46m│[39m
[38;2;35;35;46m│[39m [38;2;35;35;46m│[39m [38;2;138;138;154mWAIT STATE[39m                           [38;2;35;35;46m│[39m [38;2;35;35;46m│[39m                                                               [38;2;35;35;46m│[39m [38;2;35;35;46m│[39m
[38;2;35;35;46m│[39m [38;2;35;35;46m│[39m [38;2;61;220;132m● executing — not blocked[39m            [38;2;35;35;46m│[39m [38;2;35;35;46m│[39m                                                               [38;2;35;35;46m│[39m [38;2;35;35;46m│[39m
[38;2;35;35;46m│[39m [38;2;35;35;46m└──────────────────────────────────────┘[39m [38;2;35;35;46m│[39m                                                               [38;2;35;35;46m│[39m [38;2;35;35;46m│[39m
[38;2;35;35;46m│[39m                                          [38;2;35;35;46m│[39m                                                               [38;2;35;35;46m│[39m [38;2;35;35;46m│[39m
[38;2;35;35;46m│[39m [38;2;35;35;46m┌──────────────────────────────────────┐[39m [38;2;35;35;46m│[39m                                                               [38;2;35;35;46m│[39m [38;2;35;35;46m│[39m
[38;2;35;35;46m│[39m [38;2;35;35;46m│[39m [38;2;138;138;154mTOKEN / CONTEXT[39m                      [38;2;35;35;46m│[39m [38;2;35;35;46m│[39m                                                               [38;2;35;35;46m│[39m [38;2;35;35;46m│[39m
[38;2;35;35;46m│[39m [38;2;35;35;46m│[39m [38;2;61;220;132m░░░░░░░░░░░░░░░░░░░░░░░░░░░░░░[39m       [38;2;35;35;46m│[39m [38;2;35;35;46m│[39m                                                               [38;2;35;35;46m│[39m [38;2;35;35;46m│[39m
[38;2;35;35;46m│[39m [38;2;35;35;46m│[39m [38;2;138;138;154m0 / 200.0k · 0%[39m                      [38;2;35;35;46m│[39m [38;2;35;35;46m│[39m                                                               [38;2;35;35;46m│[39m [38;2;35;35;46m│[39m
[38;2;35;35;46m│[39m [38;2;35;35;46m│[39m [38;2;74;74;88mwarn @70% · continuation @90% · hard [38;2;35;35;46m│[39m [38;2;35;35;46m│[39m                                                               [38;2;35;35;46m│[39m [38;2;35;35;46m│[39m
[38;2;35;35;46m│[39m [38;2;35;35;46m│[39m [38;2;74;74;88mabort @95%[39m                           [38;2;35;35;46m│[39m [38;2;35;35;46m│[39m                                                               [38;2;35;35;46m│[39m [38;2;35;35;46m│[39m
[38;2;35;35;46m│[39m [38;2;35;35;46m│[39m [38;2;138;138;154mprompt[39m       [38;2;232;232;240m0[39m                       [38;2;35;35;46m│[39m [38;2;35;35;46m│[39m                                                               [38;2;35;35;46m│[39m [38;2;35;35;46m│[39m
[38;2;35;35;46m│[39m [38;2;35;35;46m│[39m [38;2;138;138;154mcompletion[39m   [38;2;232;232;240m0[39m                       [38;2;35;35;46m│[39m [38;2;35;35;46m│[39m                                                               [38;2;35;35;46m│[39m [38;2;35;35;46m│[39m
[38;2;35;35;46m│[39m [38;2;35;35;46m│[39m [38;2;138;138;154mthinking[39m     [38;2;56;189;248m0[39m                       [38;2;35;35;46m│[39m [38;2;35;35;46m│[39m                                                               [38;2;35;35;46m│[39m [38;2;35;35;46m│[39m
[38;2;35;35;46m│[39m [38;2;35;35;46m│[39m [38;2;138;138;154mcache hit[39m    [38;2;61;220;132m░░░░░░░░░░ 0%[39m           [38;2;35;35;46m│[39m [38;2;35;35;46m│[39m                                                               [38;2;35;35;46m│[39m [38;2;35;35;46m│[39m
[38;2;35;35;46m│[39m [38;2;35;35;46m│[39m [38;2;138;138;154mtotal[39m        [38;2;255;107;53m0[39m                       [38;2;35;35;46m│[39m [38;2;35;35;46m│[39m                                                               [38;2;35;35;46m│[39m [38;2;35;35;46m│[39m
[38;2;35;35;46m│[39m [38;2;35;35;46m└──────────────────────────────────────┘[39m [38;2;35;35;46m└───────────────────────────────────────────────────────────────┘[39m [38;2;35;35;46m│[39m
[38;2;35;35;46m│[1m[48;2;255;107;53m[38;2;5;5;7m AGENTS [39m[49m[22m [38;2;138;138;154m1-6 sub-view · j/k select · ⏎ inspect · f filter · r resume[39m                           [38;2;255;107;53m:[38;2;74;74;88m cmd  [38;2;255;107;53m?[38;2;74;74;88m help[38;2;35;35;46m│[39m
[38;2;35;35;46m└────────────────────────────────────────────────────────────────────────────────────────────────────────────┘[39m[2J[3J[H[38;2;35;35;46m┌────────────────────────────────────────────────────────────────────────────────────────────────────────────┐[39m
[38;2;35;35;46m│[1m[38;2;255;107;53mAPERANT[39m[22m [38;2;74;74;88m│[39m [38;2;138;138;154maperant-fixture[39m [38;2;74;74;88m/tmp/aperant-fixture[39m [38;2;74;74;88m│[39m [38;2;56;189;248m⑂ develop[39m             [38;2;255;107;53m◉[38;2;138;138;154m 1 running[39m  [38;2;255;176;0m◆[38;2;138;138;154m 0 review[39m  [38;2;61;220;132m●[38;2;138;138;154m no profile[38;2;35;35;46m│[39m
[38;2;35;35;46m│[39m [38;2;138;138;154m 1 board [39m  [38;2;138;138;154m 2 term [39m  [38;2;138;138;154m 3 road [39m  [38;2;138;138;154m 4 chat [39m  [38;2;138;138;154m 5 tree [39m  [38;2;138;138;154m 6 set [39m  [1m[48;2;255;107;53m[38;2;5;5;7m 7 agents [39m[49m[22m                                     [38;2;35;35;46m│[39m
[38;2;35;35;46m│[39m [38;2;138;138;154m 1 swarm [39m [38;2;138;138;154m 2 graph [39m [1m[48;2;255;107;53m[38;2;5;5;7m 3 inspect [39m[49m[22m [38;2;138;138;154m 4 trace [39m [38;2;138;138;154m 5 tokens [39m [38;2;138;138;154m 6 waits [39m [38;2;74;74;88m1 agent · esc then 1-7 to switch tabs[39m       [38;2;35;35;46m│[39m
[38;2;35;35;46m│[39m                                                                                                            [38;2;35;35;46m│[39m
[38;2;35;35;46m│[39m [38;2;255;107;53m┌──────────────────────────────────────┐[39m [38;2;35;35;46m┌───────────────────────────────────────────────────────────────┐[39m [38;2;35;35;46m│[39m
[38;2;35;35;46m│[39m [38;2;255;107;53m│[39m [1m[38;2;255;107;53mAGENT · 002-fix-terminal-bla[39m[22m         [38;2;255;107;53m│[39m [38;2;35;35;46m│[39m [38;2;138;138;154mTOOL GRANTS (from AGENT_CONFIGS)[39m                              [38;2;35;35;46m│[39m [38;2;35;35;46m│[39m
[38;2;35;35;46m│[39m [38;2;255;107;53m│[39m [38;2;138;138;154mtype[39m         [38;2;255;107;53mcoder[39m                   [38;2;255;107;53m│[39m [38;2;35;35;46m│[39m [38;2;74;74;88mBUILTIN[39m                                                       [38;2;35;35;46m│[39m [38;2;35;35;46m│[39m
[38;2;35;35;46m│[39m [38;2;255;107;53m│[39m [38;2;138;138;154mstate[39m        [38;2;255;107;53mRUNNING[39m                 [38;2;255;107;53m│[39m [38;2;35;35;46m│[39m [38;2;56;189;248mRead  Glob  Grep  Write  Edit  Bash  WebFetch  WebSearch[39m      [38;2;35;35;46m│[39m [38;2;35;35;46m│[39m
[38;2;35;35;46m│[39m [38;2;255;107;53m│[39m [38;2;138;138;154mphase[39m        [38;2;232;232;240mcoding [38;2;255;107;53m▪ structured[39m     [38;2;255;107;53m│[39m [38;2;35;35;46m│[39m [38;2;74;74;88mMCP SERVERS[39m                                                   [38;2;35;35;46m│[39m [38;2;35;35;46m│[39m
[38;2;35;35;46m│[39m [38;2;255;107;53m│[39m [38;2;138;138;154mmodel[39m     [38;2;232;232;240mkimi/kimi-for-coding · [39m    [38;2;255;107;53m│[39m [38;2;35;35;46m│[39m [38;2;255;62;138mcontext7  memory  auto-claude[39m                                 [38;2;35;35;46m│[39m [38;2;35;35;46m│[39m
[38;2;35;35;46m│[39m [38;2;255;107;53m│[39m           [38;2;232;232;240mthinking:low[39m               [38;2;255;107;53m│[39m [38;2;35;35;46m│[39m [38;2;74;74;88mAUTO-CLAUDE MCP[39m                                               [38;2;35;35;46m│[39m [38;2;35;35;46m│[39m
[38;2;35;35;46m│[39m [38;2;255;107;53m│[39m [38;2;138;138;154msteps[39m        [38;2;232;232;240m0/1000[39m                  [38;2;255;107;53m│[39m [38;2;35;35;46m│[39m [38;2;255;107;53mmcp__auto-claude__update_subtask_status  [39m                     [38;2;35;35;46m│[39m [38;2;35;35;46m│[39m
[38;2;35;35;46m│[39m [38;2;255;107;53m│[39m [38;2;138;138;154msession[39m      [38;2;232;232;240m#1 · continuations 0/5[39m  [38;2;255;107;53m│[39m [38;2;35;35;46m│[39m [38;2;255;107;53mmcp__auto-claude__get_build_progress  [39m                        [38;2;35;35;46m│[39m [38;2;35;35;46m│[39m
[38;2;35;35;46m│[39m [38;2;255;107;53m│[39m [38;2;138;138;154melapsed[39m      [38;2;138;138;154m30s[39m                     [38;2;255;107;53m│[39m [38;2;35;35;46m│[39m [38;2;255;107;53mmcp__auto-claude__record_discovery  [39m                          [38;2;35;35;46m│[39m [38;2;35;35;46m│[39m
[38;2;35;35;46m│[39m [38;2;255;107;53m│[39m [38;2;138;138;154mlast[39m        [38;2;74;74;88mSession complete (coding)[38;2;255;107;53m│[39m [38;2;35;35;46m│[39m [38;2;255;107;53mmcp__auto-claude__record_gotcha  [39m                             [38;2;35;35;46m│[39m [38;2;35;35;46m│[39m
[38;2;35;35;46m│[39m [38;2;255;107;53m│[39m                                      [38;2;255;107;53m│[39m [38;2;35;35;46m│[39m [38;2;255;107;53mmcp__auto-claude__get_session_context[39m                         [38;2;35;35;46m│[39m [38;2;35;35;46m│[39m
[38;2;35;35;46m│[39m [38;2;255;107;53m└──────────────────────────────────────┘[39m [38;2;35;35;46m│[39m                                                               [38;2;35;35;46m│[39m [38;2;35;35;46m│[39m
[38;2;35;35;46m│[39m                                          [38;2;35;35;46m│[39m [38;2;74;74;88mgrants resolved from AGENT_CONFIGS[coder][39m                     [38;2;35;35;46m│[39m [38;2;35;35;46m│[39m
[38;2;35;35;46m│[39m [38;2;35;35;46m┌──────────────────────────────────────┐[39m [38;2;35;35;46m│[39m [38;2;74;74;88mwrites contained to allowedWritePaths[39m                         [38;2;35;35;46m│[39m [38;2;35;35;46m│[39m
[38;2;35;35;46m│[39m [38;2;35;35;46m│[39m [38;2;138;138;154mWAIT STATE[39m                           [38;2;35;35;46m│[39m [38;2;35;35;46m│[39m                                                               [38;2;35;35;46m│[39m [38;2;35;35;46m│[39m
[38;2;35;35;46m│[39m [38;2;35;35;46m│[39m [38;2;61;220;132m● executing — not blocked[39m            [38;2;35;35;46m│[39m [38;2;35;35;46m│[39m                                                               [38;2;35;35;46m│[39m [38;2;35;35;46m│[39m
[38;2;35;35;46m│[39m [38;2;35;35;46m└──────────────────────────────────────┘[39m [38;2;35;35;46m│[39m                                                               [38;2;35;35;46m│[39m [38;2;35;35;46m│[39m
[38;2;35;35;46m│[39m                                          [38;2;35;35;46m│[39m                                                               [38;2;35;35;46m│[39m [38;2;35;35;46m│[39m
[38;2;35;35;46m│[39m [38;2;35;35;46m┌──────────────────────────────────────┐[39m [38;2;35;35;46m│[39m                                                               [38;2;35;35;46m│[39m [38;2;35;35;46m│[39m
[38;2;35;35;46m│[39m [38;2;35;35;46m│[39m [38;2;138;138;154mTOKEN / CONTEXT[39m                      [38;2;35;35;46m│[39m [38;2;35;35;46m│[39m                                                               [38;2;35;35;46m│[39m [38;2;35;35;46m│[39m
[38;2;35;35;46m│[39m [38;2;35;35;46m│[39m [38;2;61;220;132m░░░░░░░░░░░░░░░░░░░░░░░░░░░░░░[39m       [38;2;35;35;46m│[39m [38;2;35;35;46m│[39m                                                               [38;2;35;35;46m│[39m [38;2;35;35;46m│[39m
[38;2;35;35;46m│[39m [38;2;35;35;46m│[39m [38;2;138;138;154m0 / 200.0k · 0%[39m                      [38;2;35;35;46m│[39m [38;2;35;35;46m│[39m                                                               [38;2;35;35;46m│[39m [38;2;35;35;46m│[39m
[38;2;35;35;46m│[39m [38;2;35;35;46m│[39m [38;2;74;74;88mwarn @70% · continuation @90% · hard [38;2;35;35;46m│[39m [38;2;35;35;46m│[39m                                                               [38;2;35;35;46m│[39m [38;2;35;35;46m│[39m
[38;2;35;35;46m│[39m [38;2;35;35;46m│[39m [38;2;74;74;88mabort @95%[39m                           [38;2;35;35;46m│[39m [38;2;35;35;46m│[39m                                                               [38;2;35;35;46m│[39m [38;2;35;35;46m│[39m
[38;2;35;35;46m│[39m [38;2;35;35;46m│[39m [38;2;138;138;154mprompt[39m       [38;2;232;232;240m0[39m                       [38;2;35;35;46m│[39m [38;2;35;35;46m│[39m                                                               [38;2;35;35;46m│[39m [38;2;35;35;46m│[39m
[38;2;35;35;46m│[39m [38;2;35;35;46m│[39m [38;2;138;138;154mcompletion[39m   [38;2;232;232;240m0[39m                       [38;2;35;35;46m│[39m [38;2;35;35;46m│[39m                                                               [38;2;35;35;46m│[39m [38;2;35;35;46m│[39m
[38;2;35;35;46m│[39m [38;2;35;35;46m│[39m [38;2;138;138;154mthinking[39m     [38;2;56;189;248m0[39m                       [38;2;35;35;46m│[39m [38;2;35;35;46m│[39m                                                               [38;2;35;35;46m│[39m [38;2;35;35;46m│[39m
[38;2;35;35;46m│[39m [38;2;35;35;46m│[39m [38;2;138;138;154mcache hit[39m    [38;2;61;220;132m░░░░░░░░░░ 0%[39m           [38;2;35;35;46m│[39m [38;2;35;35;46m│[39m                                                               [38;2;35;35;46m│[39m [38;2;35;35;46m│[39m
[38;2;35;35;46m│[39m [38;2;35;35;46m│[39m [38;2;138;138;154mtotal[39m        [38;2;255;107;53m0[39m                       [38;2;35;35;46m│[39m [38;2;35;35;46m│[39m                                                               [38;2;35;35;46m│[39m [38;2;35;35;46m│[39m
[38;2;35;35;46m│[39m [38;2;35;35;46m└──────────────────────────────────────┘[39m [38;2;35;35;46m└───────────────────────────────────────────────────────────────┘[39m [38;2;35;35;46m│[39m
[38;2;35;35;46m│[1m[48;2;255;107;53m[38;2;5;5;7m AGENTS [39m[49m[22m [38;2;138;138;154m1-6 sub-view · j/k select · ⏎ inspect · f filter · r resume[39m                           [38;2;255;107;53m:[38;2;74;74;88m cmd  [38;2;255;107;53m?[38;2;74;74;88m help[38;2;35;35;46m│[39m
[38;2;35;35;46m└────────────────────────────────────────────────────────────────────────────────────────────────────────────┘[39m[2J[3J[H[38;2;35;35;46m┌────────────────────────────────────────────────────────────────────────────────────────────────────────────┐[39m
[38;2;35;35;46m│[1m[38;2;255;107;53mAPERANT[39m[22m [38;2;74;74;88m│[39m [38;2;138;138;154maperant-fixture[39m [38;2;74;74;88m/tmp/aperant-fixture[39m [38;2;74;74;88m│[39m [38;2;56;189;248m⑂ develop[39m             [38;2;255;107;53m◉[38;2;138;138;154m 1 running[39m  [38;2;255;176;0m◆[38;2;138;138;154m 0 review[39m  [38;2;61;220;132m●[38;2;138;138;154m no profile[38;2;35;35;46m│[39m
[38;2;35;35;46m│[39m [38;2;138;138;154m 1 board [39m  [38;2;138;138;154m 2 term [39m  [38;2;138;138;154m 3 road [39m  [38;2;138;138;154m 4 chat [39m  [38;2;138;138;154m 5 tree [39m  [38;2;138;138;154m 6 set [39m  [1m[48;2;255;107;53m[38;2;5;5;7m 7 agents [39m[49m[22m                                     [38;2;35;35;46m│[39m
[38;2;35;35;46m│[39m [38;2;138;138;154m 1 swarm [39m [38;2;138;138;154m 2 graph [39m [1m[48;2;255;107;53m[38;2;5;5;7m 3 inspect [39m[49m[22m [38;2;138;138;154m 4 trace [39m [38;2;138;138;154m 5 tokens [39m [38;2;138;138;154m 6 waits [39m [38;2;74;74;88m1 agent · esc then 1-7 to switch tabs[39m       [38;2;35;35;46m│[39m
[38;2;35;35;46m│[39m                                                                                                            [38;2;35;35;46m│[39m
[38;2;35;35;46m│[39m [38;2;255;107;53m┌──────────────────────────────────────┐[39m [38;2;35;35;46m┌───────────────────────────────────────────────────────────────┐[39m [38;2;35;35;46m│[39m
[38;2;35;35;46m│[39m [38;2;255;107;53m│[39m [1m[38;2;255;107;53mAGENT · 002-fix-terminal-bla[39m[22m         [38;2;255;107;53m│[39m [38;2;35;35;46m│[39m [38;2;138;138;154mTOOL GRANTS (from AGENT_CONFIGS)[39m                              [38;2;35;35;46m│[39m [38;2;35;35;46m│[39m
[38;2;35;35;46m│[39m [38;2;255;107;53m│[39m [38;2;138;138;154mtype[39m         [38;2;255;107;53mcoder[39m                   [38;2;255;107;53m│[39m [38;2;35;35;46m│[39m [38;2;74;74;88mBUILTIN[39m                                                       [38;2;35;35;46m│[39m [38;2;35;35;46m│[39m
[38;2;35;35;46m│[39m [38;2;255;107;53m│[39m [38;2;138;138;154mstate[39m        [38;2;255;107;53mRUNNING[39m                 [38;2;255;107;53m│[39m [38;2;35;35;46m│[39m [38;2;56;189;248mRead  Glob  Grep  Write  Edit  Bash  WebFetch  WebSearch[39m      [38;2;35;35;46m│[39m [38;2;35;35;46m│[39m
[38;2;35;35;46m│[39m [38;2;255;107;53m│[39m [38;2;138;138;154mphase[39m        [38;2;232;232;240mcoding [38;2;255;107;53m▪ structured[39m     [38;2;255;107;53m│[39m [38;2;35;35;46m│[39m [38;2;74;74;88mMCP SERVERS[39m                                                   [38;2;35;35;46m│[39m [38;2;35;35;46m│[39m
[38;2;35;35;46m│[39m [38;2;255;107;53m│[39m [38;2;138;138;154mmodel[39m     [38;2;232;232;240mkimi/kimi-for-coding · [39m    [38;2;255;107;53m│[39m [38;2;35;35;46m│[39m [38;2;255;62;138mcontext7  memory  auto-claude[39m                                 [38;2;35;35;46m│[39m [38;2;35;35;46m│[39m
[38;2;35;35;46m│[39m [38;2;255;107;53m│[39m           [38;2;232;232;240mthinking:low[39m               [38;2;255;107;53m│[39m [38;2;35;35;46m│[39m [38;2;74;74;88mAUTO-CLAUDE MCP[39m                                               [38;2;35;35;46m│[39m [38;2;35;35;46m│[39m
[38;2;35;35;46m│[39m [38;2;255;107;53m│[39m [38;2;138;138;154msteps[39m        [38;2;232;232;240m0/1000[39m                  [38;2;255;107;53m│[39m [38;2;35;35;46m│[39m [38;2;255;107;53mmcp__auto-claude__update_subtask_status  [39m                     [38;2;35;35;46m│[39m [38;2;35;35;46m│[39m
[38;2;35;35;46m│[39m [38;2;255;107;53m│[39m [38;2;138;138;154msession[39m      [38;2;232;232;240m#1 · continuations 0/5[39m  [38;2;255;107;53m│[39m [38;2;35;35;46m│[39m [38;2;255;107;53mmcp__auto-claude__get_build_progress  [39m                        [38;2;35;35;46m│[39m [38;2;35;35;46m│[39m
[38;2;35;35;46m│[39m [38;2;255;107;53m│[39m [38;2;138;138;154melapsed[39m      [38;2;138;138;154m31s[39m                     [38;2;255;107;53m│[39m [38;2;35;35;46m│[39m [38;2;255;107;53mmcp__auto-claude__record_discovery  [39m                          [38;2;35;35;46m│[39m [38;2;35;35;46m│[39m
[38;2;35;35;46m│[39m [38;2;255;107;53m│[39m [38;2;138;138;154mlast[39m        [38;2;74;74;88mSession complete (coding)[38;2;255;107;53m│[39m [38;2;35;35;46m│[39m [38;2;255;107;53mmcp__auto-claude__record_gotcha  [39m                             [38;2;35;35;46m│[39m [38;2;35;35;46m│[39m
[38;2;35;35;46m│[39m [38;2;255;107;53m│[39m                                      [38;2;255;107;53m│[39m [38;2;35;35;46m│[39m [38;2;255;107;53mmcp__auto-claude__get_session_context[39m                         [38;2;35;35;46m│[39m [38;2;35;35;46m│[39m
[38;2;35;35;46m│[39m [38;2;255;107;53m└──────────────────────────────────────┘[39m [38;2;35;35;46m│[39m                                                               [38;2;35;35;46m│[39m [38;2;35;35;46m│[39m
[38;2;35;35;46m│[39m                                          [38;2;35;35;46m│[39m [38;2;74;74;88mgrants resolved from AGENT_CONFIGS[coder][39m                     [38;2;35;35;46m│[39m [38;2;35;35;46m│[39m
[38;2;35;35;46m│[39m [38;2;35;35;46m┌──────────────────────────────────────┐[39m [38;2;35;35;46m│[39m [38;2;74;74;88mwrites contained to allowedWritePaths[39m                         [38;2;35;35;46m│[39m [38;2;35;35;46m│[39m
[38;2;35;35;46m│[39m [38;2;35;35;46m│[39m [38;2;138;138;154mWAIT STATE[39m                           [38;2;35;35;46m│[39m [38;2;35;35;46m│[39m                                                               [38;2;35;35;46m│[39m [38;2;35;35;46m│[39m
[38;2;35;35;46m│[39m [38;2;35;35;46m│[39m [38;2;61;220;132m● executing — not blocked[39m            [38;2;35;35;46m│[39m [38;2;35;35;46m│[39m                                                               [38;2;35;35;46m│[39m [38;2;35;35;46m│[39m
[38;2;35;35;46m│[39m [38;2;35;35;46m└──────────────────────────────────────┘[39m [38;2;35;35;46m│[39m                                                               [38;2;35;35;46m│[39m [38;2;35;35;46m│[39m
[38;2;35;35;46m│[39m                                          [38;2;35;35;46m│[39m                                                               [38;2;35;35;46m│[39m [38;2;35;35;46m│[39m
[38;2;35;35;46m│[39m [38;2;35;35;46m┌──────────────────────────────────────┐[39m [38;2;35;35;46m│[39m                                                               [38;2;35;35;46m│[39m [38;2;35;35;46m│[39m
[38;2;35;35;46m│[39m [38;2;35;35;46m│[39m [38;2;138;138;154mTOKEN / CONTEXT[39m                      [38;2;35;35;46m│[39m [38;2;35;35;46m│[39m                                                               [38;2;35;35;46m│[39m [38;2;35;35;46m│[39m
[38;2;35;35;46m│[39m [38;2;35;35;46m│[39m [38;2;61;220;132m░░░░░░░░░░░░░░░░░░░░░░░░░░░░░░[39m       [38;2;35;35;46m│[39m [38;2;35;35;46m│[39m                                                               [38;2;35;35;46m│[39m [38;2;35;35;46m│[39m
[38;2;35;35;46m│[39m [38;2;35;35;46m│[39m [38;2;138;138;154m0 / 200.0k · 0%[39m                      [38;2;35;35;46m│[39m [38;2;35;35;46m│[39m                                                               [38;2;35;35;46m│[39m [38;2;35;35;46m│[39m
[38;2;35;35;46m│[39m [38;2;35;35;46m│[39m [38;2;74;74;88mwarn @70% · continuation @90% · hard [38;2;35;35;46m│[39m [38;2;35;35;46m│[39m                                                               [38;2;35;35;46m│[39m [38;2;35;35;46m│[39m
[38;2;35;35;46m│[39m [38;2;35;35;46m│[39m [38;2;74;74;88mabort @95%[39m                           [38;2;35;35;46m│[39m [38;2;35;35;46m│[39m                                                               [38;2;35;35;46m│[39m [38;2;35;35;46m│[39m
[38;2;35;35;46m│[39m [38;2;35;35;46m│[39m [38;2;138;138;154mprompt[39m       [38;2;232;232;240m0[39m                       [38;2;35;35;46m│[39m [38;2;35;35;46m│[39m                                                               [38;2;35;35;46m│[39m [38;2;35;35;46m│[39m
[38;2;35;35;46m│[39m [38;2;35;35;46m│[39m [38;2;138;138;154mcompletion[39m   [38;2;232;232;240m0[39m                       [38;2;35;35;46m│[39m [38;2;35;35;46m│[39m                                                               [38;2;35;35;46m│[39m [38;2;35;35;46m│[39m
[38;2;35;35;46m│[39m [38;2;35;35;46m│[39m [38;2;138;138;154mthinking[39m     [38;2;56;189;248m0[39m                       [38;2;35;35;46m│[39m [38;2;35;35;46m│[39m                                                               [38;2;35;35;46m│[39m [38;2;35;35;46m│[39m
[38;2;35;35;46m│[39m [38;2;35;35;46m│[39m [38;2;138;138;154mcache hit[39m    [38;2;61;220;132m░░░░░░░░░░ 0%[39m           [38;2;35;35;46m│[39m [38;2;35;35;46m│[39m                                                               [38;2;35;35;46m│[39m [38;2;35;35;46m│[39m
[38;2;35;35;46m│[39m [38;2;35;35;46m│[39m [38;2;138;138;154mtotal[39m        [38;2;255;107;53m0[39m                       [38;2;35;35;46m│[39m [38;2;35;35;46m│[39m                                                               [38;2;35;35;46m│[39m [38;2;35;35;46m│[39m
[38;2;35;35;46m│[39m [38;2;35;35;46m└──────────────────────────────────────┘[39m [38;2;35;35;46m└───────────────────────────────────────────────────────────────┘[39m [38;2;35;35;46m│[39m
[38;2;35;35;46m│[1m[48;2;255;107;53m[38;2;5;5;7m AGENTS [39m[49m[22m [38;2;138;138;154m1-6 sub-view · j/k select · ⏎ inspect · f filter · r resume[39m                           [38;2;255;107;53m:[38;2;74;74;88m cmd  [38;2;255;107;53m?[38;2;74;74;88m help[38;2;35;35;46m│[39m
[38;2;35;35;46m└────────────────────────────────────────────────────────────────────────────────────────────────────────────┘[39m[2J[3J[H[38;2;35;35;46m┌────────────────────────────────────────────────────────────────────────────────────────────────────────────┐[39m
[38;2;35;35;46m│[1m[38;2;255;107;53mAPERANT[39m[22m [38;2;74;74;88m│[39m [38;2;138;138;154maperant-fixture[39m [38;2;74;74;88m/tmp/aperant-fixture[39m [38;2;74;74;88m│[39m [38;2;56;189;248m⑂ develop[39m             [38;2;255;107;53m◉[38;2;138;138;154m 1 running[39m  [38;2;255;176;0m◆[38;2;138;138;154m 0 review[39m  [38;2;61;220;132m●[38;2;138;138;154m no profile[38;2;35;35;46m│[39m
[38;2;35;35;46m│[39m [38;2;138;138;154m 1 board [39m  [38;2;138;138;154m 2 term [39m  [38;2;138;138;154m 3 road [39m  [38;2;138;138;154m 4 chat [39m  [38;2;138;138;154m 5 tree [39m  [38;2;138;138;154m 6 set [39m  [1m[48;2;255;107;53m[38;2;5;5;7m 7 agents [39m[49m[22m                                     [38;2;35;35;46m│[39m
[38;2;35;35;46m│[39m [38;2;138;138;154m 1 swarm [39m [38;2;138;138;154m 2 graph [39m [1m[48;2;255;107;53m[38;2;5;5;7m 3 inspect [39m[49m[22m [38;2;138;138;154m 4 trace [39m [38;2;138;138;154m 5 tokens [39m [38;2;138;138;154m 6 waits [39m [38;2;74;74;88m1 agent · esc then 1-7 to switch tabs[39m       [38;2;35;35;46m│[39m
[38;2;35;35;46m│[39m                                                                                                            [38;2;35;35;46m│[39m
[38;2;35;35;46m│[39m [38;2;255;107;53m┌──────────────────────────────────────┐[39m [38;2;35;35;46m┌───────────────────────────────────────────────────────────────┐[39m [38;2;35;35;46m│[39m
[38;2;35;35;46m│[39m [38;2;255;107;53m│[39m [1m[38;2;255;107;53mAGENT · 002-fix-terminal-bla[39m[22m         [38;2;255;107;53m│[39m [38;2;35;35;46m│[39m [38;2;138;138;154mTOOL GRANTS (from AGENT_CONFIGS)[39m                              [38;2;35;35;46m│[39m [38;2;35;35;46m│[39m
[38;2;35;35;46m│[39m [38;2;255;107;53m│[39m [38;2;138;138;154mtype[39m         [38;2;255;107;53mcoder[39m                   [38;2;255;107;53m│[39m [38;2;35;35;46m│[39m [38;2;74;74;88mBUILTIN[39m                                                       [38;2;35;35;46m│[39m [38;2;35;35;46m│[39m
[38;2;35;35;46m│[39m [38;2;255;107;53m│[39m [38;2;138;138;154mstate[39m        [38;2;255;107;53mRUNNING[39m                 [38;2;255;107;53m│[39m [38;2;35;35;46m│[39m [38;2;56;189;248mRead  Glob  Grep  Write  Edit  Bash  WebFetch  WebSearch[39m      [38;2;35;35;46m│[39m [38;2;35;35;46m│[39m
[38;2;35;35;46m│[39m [38;2;255;107;53m│[39m [38;2;138;138;154mphase[39m        [38;2;232;232;240mcoding [38;2;255;107;53m▪ structured[39m     [38;2;255;107;53m│[39m [38;2;35;35;46m│[39m [38;2;74;74;88mMCP SERVERS[39m                                                   [38;2;35;35;46m│[39m [38;2;35;35;46m│[39m
[38;2;35;35;46m│[39m [38;2;255;107;53m│[39m [38;2;138;138;154mmodel[39m     [38;2;232;232;240mkimi/kimi-for-coding · [39m    [38;2;255;107;53m│[39m [38;2;35;35;46m│[39m [38;2;255;62;138mcontext7  memory  auto-claude[39m                                 [38;2;35;35;46m│[39m [38;2;35;35;46m│[39m
[38;2;35;35;46m│[39m [38;2;255;107;53m│[39m           [38;2;232;232;240mthinking:low[39m               [38;2;255;107;53m│[39m [38;2;35;35;46m│[39m [38;2;74;74;88mAUTO-CLAUDE MCP[39m                                               [38;2;35;35;46m│[39m [38;2;35;35;46m│[39m
[38;2;35;35;46m│[39m [38;2;255;107;53m│[39m [38;2;138;138;154msteps[39m        [38;2;232;232;240m0/1000[39m                  [38;2;255;107;53m│[39m [38;2;35;35;46m│[39m [38;2;255;107;53mmcp__auto-claude__update_subtask_status  [39m                     [38;2;35;35;46m│[39m [38;2;35;35;46m│[39m
[38;2;35;35;46m│[39m [38;2;255;107;53m│[39m [38;2;138;138;154msession[39m      [38;2;232;232;240m#1 · continuations 0/5[39m  [38;2;255;107;53m│[39m [38;2;35;35;46m│[39m [38;2;255;107;53mmcp__auto-claude__get_build_progress  [39m                        [38;2;35;35;46m│[39m [38;2;35;35;46m│[39m
[38;2;35;35;46m│[39m [38;2;255;107;53m│[39m [38;2;138;138;154melapsed[39m      [38;2;138;138;154m31s[39m                     [38;2;255;107;53m│[39m [38;2;35;35;46m│[39m [38;2;255;107;53mmcp__auto-claude__record_discovery  [39m                          [38;2;35;35;46m│[39m [38;2;35;35;46m│[39m
[38;2;35;35;46m│[39m [38;2;255;107;53m│[39m [38;2;138;138;154mlast[39m         [38;2;74;74;88mIteration 2 (coding)[39m    [38;2;255;107;53m│[39m [38;2;35;35;46m│[39m [38;2;255;107;53mmcp__auto-claude__record_gotcha  [39m                             [38;2;35;35;46m│[39m [38;2;35;35;46m│[39m
[38;2;35;35;46m│[39m [38;2;255;107;53m└──────────────────────────────────────┘[39m [38;2;35;35;46m│[39m [38;2;255;107;53mmcp__auto-claude__get_session_context[39m                         [38;2;35;35;46m│[39m [38;2;35;35;46m│[39m
[38;2;35;35;46m│[39m                                          [38;2;35;35;46m│[39m                                                               [38;2;35;35;46m│[39m [38;2;35;35;46m│[39m
[38;2;35;35;46m│[39m [38;2;35;35;46m┌──────────────────────────────────────┐[39m [38;2;35;35;46m│[39m [38;2;74;74;88mgrants resolved from AGENT_CONFIGS[coder][39m                     [38;2;35;35;46m│[39m [38;2;35;35;46m│[39m
[38;2;35;35;46m│[39m [38;2;35;35;46m│[39m [38;2;138;138;154mWAIT STATE[39m                           [38;2;35;35;46m│[39m [38;2;35;35;46m│[39m [38;2;74;74;88mwrites contained to allowedWritePaths[39m                         [38;2;35;35;46m│[39m [38;2;35;35;46m│[39m
[38;2;35;35;46m│[39m [38;2;35;35;46m│[39m [38;2;61;220;132m● executing — not blocked[39m            [38;2;35;35;46m│[39m [38;2;35;35;46m│[39m                                                               [38;2;35;35;46m│[39m [38;2;35;35;46m│[39m
[38;2;35;35;46m│[39m [38;2;35;35;46m└──────────────────────────────────────┘[39m [38;2;35;35;46m│[39m                                                               [38;2;35;35;46m│[39m [38;2;35;35;46m│[39m
[38;2;35;35;46m│[39m                                          [38;2;35;35;46m│[39m                                                               [38;2;35;35;46m│[39m [38;2;35;35;46m│[39m
[38;2;35;35;46m│[39m [38;2;35;35;46m┌──────────────────────────────────────┐[39m [38;2;35;35;46m│[39m                                                               [38;2;35;35;46m│[39m [38;2;35;35;46m│[39m
[38;2;35;35;46m│[39m [38;2;35;35;46m│[39m [38;2;138;138;154mTOKEN / CONTEXT[39m                      [38;2;35;35;46m│[39m [38;2;35;35;46m│[39m                                                               [38;2;35;35;46m│[39m [38;2;35;35;46m│[39m
[38;2;35;35;46m│[39m [38;2;35;35;46m│[39m [38;2;61;220;132m░░░░░░░░░░░░░░░░░░░░░░░░░░░░░░[39m       [38;2;35;35;46m│[39m [38;2;35;35;46m│[39m                                                               [38;2;35;35;46m│[39m [38;2;35;35;46m│[39m
[38;2;35;35;46m│[39m [38;2;35;35;46m│[39m [38;2;138;138;154m0 / 200.0k · 0%[39m                      [38;2;35;35;46m│[39m [38;2;35;35;46m│[39m                                                               [38;2;35;35;46m│[39m [38;2;35;35;46m│[39m
[38;2;35;35;46m│[39m [38;2;35;35;46m│[39m [38;2;74;74;88mwarn @70% · continuation @90% · hard [38;2;35;35;46m│[39m [38;2;35;35;46m│[39m                                                               [38;2;35;35;46m│[39m [38;2;35;35;46m│[39m
[38;2;35;35;46m│[39m [38;2;35;35;46m│[39m [38;2;74;74;88mabort @95%[39m                           [38;2;35;35;46m│[39m [38;2;35;35;46m│[39m                                                               [38;2;35;35;46m│[39m [38;2;35;35;46m│[39m
[38;2;35;35;46m│[39m [38;2;35;35;46m│[39m [38;2;138;138;154mprompt[39m       [38;2;232;232;240m0[39m                       [38;2;35;35;46m│[39m [38;2;35;35;46m│[39m                                                               [38;2;35;35;46m│[39m [38;2;35;35;46m│[39m
[38;2;35;35;46m│[39m [38;2;35;35;46m│[39m [38;2;138;138;154mcompletion[39m   [38;2;232;232;240m0[39m                       [38;2;35;35;46m│[39m [38;2;35;35;46m│[39m                                                               [38;2;35;35;46m│[39m [38;2;35;35;46m│[39m
[38;2;35;35;46m│[39m [38;2;35;35;46m│[39m [38;2;138;138;154mthinking[39m     [38;2;56;189;248m0[39m                       [38;2;35;35;46m│[39m [38;2;35;35;46m│[39m                                                               [38;2;35;35;46m│[39m [38;2;35;35;46m│[39m
[38;2;35;35;46m│[39m [38;2;35;35;46m│[39m [38;2;138;138;154mcache hit[39m    [38;2;61;220;132m░░░░░░░░░░ 0%[39m           [38;2;35;35;46m│[39m [38;2;35;35;46m│[39m                                                               [38;2;35;35;46m│[39m [38;2;35;35;46m│[39m
[38;2;35;35;46m│[39m [38;2;35;35;46m│[39m [38;2;138;138;154mtotal[39m        [38;2;255;107;53m0[39m                       [38;2;35;35;46m│[39m [38;2;35;35;46m│[39m                                                               [38;2;35;35;46m│[39m [38;2;35;35;46m│[39m
[38;2;35;35;46m│[39m [38;2;35;35;46m└──────────────────────────────────────┘[39m [38;2;35;35;46m└───────────────────────────────────────────────────────────────┘[39m [38;2;35;35;46m│[39m
[38;2;35;35;46m│[1m[48;2;255;107;53m[38;2;5;5;7m AGENTS [39m[49m[22m [38;2;138;138;154m1-6 sub-view · j/k select · ⏎ inspect · f filter · r resume[39m                           [38;2;255;107;53m:[38;2;74;74;88m cmd  [38;2;255;107;53m?[38;2;74;74;88m help[38;2;35;35;46m│[39m
[38;2;35;35;46m└────────────────────────────────────────────────────────────────────────────────────────────────────────────┘[39m[2J[3J[H[38;2;35;35;46m┌────────────────────────────────────────────────────────────────────────────────────────────────────────────┐[39m
[38;2;35;35;46m│[1m[38;2;255;107;53mAPERANT[39m[22m [38;2;74;74;88m│[39m [38;2;138;138;154maperant-fixture[39m [38;2;74;74;88m/tmp/aperant-fixture[39m [38;2;74;74;88m│[39m [38;2;56;189;248m⑂ develop[39m             [38;2;255;107;53m◉[38;2;138;138;154m 1 running[39m  [38;2;255;176;0m◆[38;2;138;138;154m 0 review[39m  [38;2;61;220;132m●[38;2;138;138;154m no profile[38;2;35;35;46m│[39m
[38;2;35;35;46m│[39m [38;2;138;138;154m 1 board [39m  [38;2;138;138;154m 2 term [39m  [38;2;138;138;154m 3 road [39m  [38;2;138;138;154m 4 chat [39m  [38;2;138;138;154m 5 tree [39m  [38;2;138;138;154m 6 set [39m  [1m[48;2;255;107;53m[38;2;5;5;7m 7 agents [39m[49m[22m                                     [38;2;35;35;46m│[39m
[38;2;35;35;46m│[39m [38;2;138;138;154m 1 swarm [39m [38;2;138;138;154m 2 graph [39m [1m[48;2;255;107;53m[38;2;5;5;7m 3 inspect [39m[49m[22m [38;2;138;138;154m 4 trace [39m [38;2;138;138;154m 5 tokens [39m [38;2;138;138;154m 6 waits [39m [38;2;74;74;88m1 agent · esc then 1-7 to switch tabs[39m       [38;2;35;35;46m│[39m
[38;2;35;35;46m│[39m                                                                                                            [38;2;35;35;46m│[39m
[38;2;35;35;46m│[39m [38;2;255;107;53m┌──────────────────────────────────────┐[39m [38;2;35;35;46m┌───────────────────────────────────────────────────────────────┐[39m [38;2;35;35;46m│[39m
[38;2;35;35;46m│[39m [38;2;255;107;53m│[39m [1m[38;2;255;107;53mAGENT · 002-fix-terminal-bla[39m[22m         [38;2;255;107;53m│[39m [38;2;35;35;46m│[39m [38;2;138;138;154mTOOL GRANTS (from AGENT_CONFIGS)[39m                              [38;2;35;35;46m│[39m [38;2;35;35;46m│[39m
[38;2;35;35;46m│[39m [38;2;255;107;53m│[39m [38;2;138;138;154mtype[39m         [38;2;255;107;53mcoder[39m                   [38;2;255;107;53m│[39m [38;2;35;35;46m│[39m [38;2;74;74;88mBUILTIN[39m                                                       [38;2;35;35;46m│[39m [38;2;35;35;46m│[39m
[38;2;35;35;46m│[39m [38;2;255;107;53m│[39m [38;2;138;138;154mstate[39m        [38;2;255;107;53mRUNNING[39m                 [38;2;255;107;53m│[39m [38;2;35;35;46m│[39m [38;2;56;189;248mRead  Glob  Grep  Write  Edit  Bash  WebFetch  WebSearch[39m      [38;2;35;35;46m│[39m [38;2;35;35;46m│[39m
[38;2;35;35;46m│[39m [38;2;255;107;53m│[39m [38;2;138;138;154mphase[39m        [38;2;232;232;240mcoding [38;2;255;107;53m▪ structured[39m     [38;2;255;107;53m│[39m [38;2;35;35;46m│[39m [38;2;74;74;88mMCP SERVERS[39m                                                   [38;2;35;35;46m│[39m [38;2;35;35;46m│[39m
[38;2;35;35;46m│[39m [38;2;255;107;53m│[39m [38;2;138;138;154mmodel[39m     [38;2;232;232;240mkimi/kimi-for-coding · [39m    [38;2;255;107;53m│[39m [38;2;35;35;46m│[39m [38;2;255;62;138mcontext7  memory  auto-claude[39m                                 [38;2;35;35;46m│[39m [38;2;35;35;46m│[39m
[38;2;35;35;46m│[39m [38;2;255;107;53m│[39m           [38;2;232;232;240mthinking:low[39m               [38;2;255;107;53m│[39m [38;2;35;35;46m│[39m [38;2;74;74;88mAUTO-CLAUDE MCP[39m                                               [38;2;35;35;46m│[39m [38;2;35;35;46m│[39m
[38;2;35;35;46m│[39m [38;2;255;107;53m│[39m [38;2;138;138;154msteps[39m        [38;2;232;232;240m0/1000[39m                  [38;2;255;107;53m│[39m [38;2;35;35;46m│[39m [38;2;255;107;53mmcp__auto-claude__update_subtask_status  [39m                     [38;2;35;35;46m│[39m [38;2;35;35;46m│[39m
[38;2;35;35;46m│[39m [38;2;255;107;53m│[39m [38;2;138;138;154msession[39m      [38;2;232;232;240m#1 · continuations 0/5[39m  [38;2;255;107;53m│[39m [38;2;35;35;46m│[39m [38;2;255;107;53mmcp__auto-claude__get_build_progress  [39m                        [38;2;35;35;46m│[39m [38;2;35;35;46m│[39m
[38;2;35;35;46m│[39m [38;2;255;107;53m│[39m [38;2;138;138;154melapsed[39m      [38;2;138;138;154m32s[39m                     [38;2;255;107;53m│[39m [38;2;35;35;46m│[39m [38;2;255;107;53mmcp__auto-claude__record_discovery  [39m                          [38;2;35;35;46m│[39m [38;2;35;35;46m│[39m
[38;2;35;35;46m│[39m [38;2;255;107;53m│[39m [38;2;138;138;154mlast[39m         [38;2;74;74;88mIteration 2 (coding)[39m    [38;2;255;107;53m│[39m [38;2;35;35;46m│[39m [38;2;255;107;53mmcp__auto-claude__record_gotcha  [39m                             [38;2;35;35;46m│[39m [38;2;35;35;46m│[39m
[38;2;35;35;46m│[39m [38;2;255;107;53m└──────────────────────────────────────┘[39m [38;2;35;35;46m│[39m [38;2;255;107;53mmcp__auto-claude__get_session_context[39m                         [38;2;35;35;46m│[39m [38;2;35;35;46m│[39m
[38;2;35;35;46m│[39m                                          [38;2;35;35;46m│[39m                                                               [38;2;35;35;46m│[39m [38;2;35;35;46m│[39m
[38;2;35;35;46m│[39m [38;2;35;35;46m┌──────────────────────────────────────┐[39m [38;2;35;35;46m│[39m [38;2;74;74;88mgrants resolved from AGENT_CONFIGS[coder][39m                     [38;2;35;35;46m│[39m [38;2;35;35;46m│[39m
[38;2;35;35;46m│[39m [38;2;35;35;46m│[39m [38;2;138;138;154mWAIT STATE[39m                           [38;2;35;35;46m│[39m [38;2;35;35;46m│[39m [38;2;74;74;88mwrites contained to allowedWritePaths[39m                         [38;2;35;35;46m│[39m [38;2;35;35;46m│[39m
[38;2;35;35;46m│[39m [38;2;35;35;46m│[39m [38;2;61;220;132m● executing — not blocked[39m            [38;2;35;35;46m│[39m [38;2;35;35;46m│[39m                                                               [38;2;35;35;46m│[39m [38;2;35;35;46m│[39m
[38;2;35;35;46m│[39m [38;2;35;35;46m└──────────────────────────────────────┘[39m [38;2;35;35;46m│[39m                                                               [38;2;35;35;46m│[39m [38;2;35;35;46m│[39m
[38;2;35;35;46m│[39m                                          [38;2;35;35;46m│[39m                                                               [38;2;35;35;46m│[39m [38;2;35;35;46m│[39m
[38;2;35;35;46m│[39m [38;2;35;35;46m┌──────────────────────────────────────┐[39m [38;2;35;35;46m│[39m                                                               [38;2;35;35;46m│[39m [38;2;35;35;46m│[39m
[38;2;35;35;46m│[39m [38;2;35;35;46m│[39m [38;2;138;138;154mTOKEN / CONTEXT[39m                      [38;2;35;35;46m│[39m [38;2;35;35;46m│[39m                                                               [38;2;35;35;46m│[39m [38;2;35;35;46m│[39m
[38;2;35;35;46m│[39m [38;2;35;35;46m│[39m [38;2;61;220;132m░░░░░░░░░░░░░░░░░░░░░░░░░░░░░░[39m       [38;2;35;35;46m│[39m [38;2;35;35;46m│[39m                                                               [38;2;35;35;46m│[39m [38;2;35;35;46m│[39m
[38;2;35;35;46m│[39m [38;2;35;35;46m│[39m [38;2;138;138;154m0 / 200.0k · 0%[39m                      [38;2;35;35;46m│[39m [38;2;35;35;46m│[39m                                                               [38;2;35;35;46m│[39m [38;2;35;35;46m│[39m
[38;2;35;35;46m│[39m [38;2;35;35;46m│[39m [38;2;74;74;88mwarn @70% · continuation @90% · hard [38;2;35;35;46m│[39m [38;2;35;35;46m│[39m                                                               [38;2;35;35;46m│[39m [38;2;35;35;46m│[39m
[38;2;35;35;46m│[39m [38;2;35;35;46m│[39m [38;2;74;74;88mabort @95%[39m                           [38;2;35;35;46m│[39m [38;2;35;35;46m│[39m                                                               [38;2;35;35;46m│[39m [38;2;35;35;46m│[39m
[38;2;35;35;46m│[39m [38;2;35;35;46m│[39m [38;2;138;138;154mprompt[39m       [38;2;232;232;240m0[39m                       [38;2;35;35;46m│[39m [38;2;35;35;46m│[39m                                                               [38;2;35;35;46m│[39m [38;2;35;35;46m│[39m
[38;2;35;35;46m│[39m [38;2;35;35;46m│[39m [38;2;138;138;154mcompletion[39m   [38;2;232;232;240m0[39m                       [38;2;35;35;46m│[39m [38;2;35;35;46m│[39m                                                               [38;2;35;35;46m│[39m [38;2;35;35;46m│[39m
[38;2;35;35;46m│[39m [38;2;35;35;46m│[39m [38;2;138;138;154mthinking[39m     [38;2;56;189;248m0[39m                       [38;2;35;35;46m│[39m [38;2;35;35;46m│[39m                                                               [38;2;35;35;46m│[39m [38;2;35;35;46m│[39m
[38;2;35;35;46m│[39m [38;2;35;35;46m│[39m [38;2;138;138;154mcache hit[39m    [38;2;61;220;132m░░░░░░░░░░ 0%[39m           [38;2;35;35;46m│[39m [38;2;35;35;46m│[39m                                                               [38;2;35;35;46m│[39m [38;2;35;35;46m│[39m
[38;2;35;35;46m│[39m [38;2;35;35;46m│[39m [38;2;138;138;154mtotal[39m        [38;2;255;107;53m0[39m                       [38;2;35;35;46m│[39m [38;2;35;35;46m│[39m                                                               [38;2;35;35;46m│[39m [38;2;35;35;46m│[39m
[38;2;35;35;46m│[39m [38;2;35;35;46m└──────────────────────────────────────┘[39m [38;2;35;35;46m└───────────────────────────────────────────────────────────────┘[39m [38;2;35;35;46m│[39m
[38;2;35;35;46m│[1m[48;2;255;107;53m[38;2;5;5;7m AGENTS [39m[49m[22m [38;2;138;138;154m1-6 sub-view · j/k select · ⏎ inspect · f filter · r resume[39m                           [38;2;255;107;53m:[38;2;74;74;88m cmd  [38;2;255;107;53m?[38;2;74;74;88m help[38;2;35;35;46m│[39m
[38;2;35;35;46m└────────────────────────────────────────────────────────────────────────────────────────────────────────────┘[39m[2J[3J[H[38;2;35;35;46m┌────────────────────────────────────────────────────────────────────────────────────────────────────────────┐[39m
[38;2;35;35;46m│[1m[38;2;255;107;53mAPERANT[39m[22m [38;2;74;74;88m│[39m [38;2;138;138;154maperant-fixture[39m [38;2;74;74;88m/tmp/aperant-fixture[39m [38;2;74;74;88m│[39m [38;2;56;189;248m⑂ develop[39m             [38;2;255;107;53m◉[38;2;138;138;154m 1 running[39m  [38;2;255;176;0m◆[38;2;138;138;154m 0 review[39m  [38;2;61;220;132m●[38;2;138;138;154m no profile[38;2;35;35;46m│[39m
[38;2;35;35;46m│[39m [38;2;138;138;154m 1 board [39m  [38;2;138;138;154m 2 term [39m  [38;2;138;138;154m 3 road [39m  [38;2;138;138;154m 4 chat [39m  [38;2;138;138;154m 5 tree [39m  [38;2;138;138;154m 6 set [39m  [1m[48;2;255;107;53m[38;2;5;5;7m 7 agents [39m[49m[22m                                     [38;2;35;35;46m│[39m
[38;2;35;35;46m│[39m [38;2;138;138;154m 1 swarm [39m [38;2;138;138;154m 2 graph [39m [1m[48;2;255;107;53m[38;2;5;5;7m 3 inspect [39m[49m[22m [38;2;138;138;154m 4 trace [39m [38;2;138;138;154m 5 tokens [39m [38;2;138;138;154m 6 waits [39m [38;2;74;74;88m1 agent · esc then 1-7 to switch tabs[39m       [38;2;35;35;46m│[39m
[38;2;35;35;46m│[39m                                                                                                            [38;2;35;35;46m│[39m
[38;2;35;35;46m│[39m [38;2;255;107;53m┌──────────────────────────────────────┐[39m [38;2;35;35;46m┌───────────────────────────────────────────────────────────────┐[39m [38;2;35;35;46m│[39m
[38;2;35;35;46m│[39m [38;2;255;107;53m│[39m [1m[38;2;255;107;53mAGENT · 002-fix-terminal-bla[39m[22m         [38;2;255;107;53m│[39m [38;2;35;35;46m│[39m [38;2;138;138;154mTOOL GRANTS (from AGENT_CONFIGS)[39m                              [38;2;35;35;46m│[39m [38;2;35;35;46m│[39m
[38;2;35;35;46m│[39m [38;2;255;107;53m│[39m [38;2;138;138;154mtype[39m         [38;2;255;107;53mcoder[39m                   [38;2;255;107;53m│[39m [38;2;35;35;46m│[39m [38;2;74;74;88mBUILTIN[39m                                                       [38;2;35;35;46m│[39m [38;2;35;35;46m│[39m
[38;2;35;35;46m│[39m [38;2;255;107;53m│[39m [38;2;138;138;154mstate[39m        [38;2;255;107;53mRUNNING[39m                 [38;2;255;107;53m│[39m [38;2;35;35;46m│[39m [38;2;56;189;248mRead  Glob  Grep  Write  Edit  Bash  WebFetch  WebSearch[39m      [38;2;35;35;46m│[39m [38;2;35;35;46m│[39m
[38;2;35;35;46m│[39m [38;2;255;107;53m│[39m [38;2;138;138;154mphase[39m        [38;2;232;232;240mcoding [38;2;255;107;53m▪ structured[39m     [38;2;255;107;53m│[39m [38;2;35;35;46m│[39m [38;2;74;74;88mMCP SERVERS[39m                                                   [38;2;35;35;46m│[39m [38;2;35;35;46m│[39m
[38;2;35;35;46m│[39m [38;2;255;107;53m│[39m [38;2;138;138;154mmodel[39m     [38;2;232;232;240mkimi/kimi-for-coding · [39m    [38;2;255;107;53m│[39m [38;2;35;35;46m│[39m [38;2;255;62;138mcontext7  memory  auto-claude[39m                                 [38;2;35;35;46m│[39m [38;2;35;35;46m│[39m
[38;2;35;35;46m│[39m [38;2;255;107;53m│[39m           [38;2;232;232;240mthinking:low[39m               [38;2;255;107;53m│[39m [38;2;35;35;46m│[39m [38;2;74;74;88mAUTO-CLAUDE MCP[39m                                               [38;2;35;35;46m│[39m [38;2;35;35;46m│[39m
[38;2;35;35;46m│[39m [38;2;255;107;53m│[39m [38;2;138;138;154msteps[39m        [38;2;232;232;240m0/1000[39m                  [38;2;255;107;53m│[39m [38;2;35;35;46m│[39m [38;2;255;107;53mmcp__auto-claude__update_subtask_status  [39m                     [38;2;35;35;46m│[39m [38;2;35;35;46m│[39m
[38;2;35;35;46m│[39m [38;2;255;107;53m│[39m [38;2;138;138;154msession[39m      [38;2;232;232;240m#1 · continuations 0/5[39m  [38;2;255;107;53m│[39m [38;2;35;35;46m│[39m [38;2;255;107;53mmcp__auto-claude__get_build_progress  [39m                        [38;2;35;35;46m│[39m [38;2;35;35;46m│[39m
[38;2;35;35;46m│[39m [38;2;255;107;53m│[39m [38;2;138;138;154melapsed[39m      [38;2;138;138;154m32s[39m                     [38;2;255;107;53m│[39m [38;2;35;35;46m│[39m [38;2;255;107;53mmcp__auto-claude__record_discovery  [39m                          [38;2;35;35;46m│[39m [38;2;35;35;46m│[39m
[38;2;35;35;46m│[39m [38;2;255;107;53m│[39m [38;2;138;138;154mlast[39m         [38;2;74;74;88mIteration 2 (coding)[39m    [38;2;255;107;53m│[39m [38;2;35;35;46m│[39m [38;2;255;107;53mmcp__auto-claude__record_gotcha  [39m                             [38;2;35;35;46m│[39m [38;2;35;35;46m│[39m
[38;2;35;35;46m│[39m [38;2;255;107;53m└──────────────────────────────────────┘[39m [38;2;35;35;46m│[39m [38;2;255;107;53mmcp__auto-claude__get_session_context[39m                         [38;2;35;35;46m│[39m [38;2;35;35;46m│[39m
[38;2;35;35;46m│[39m                                          [38;2;35;35;46m│[39m                                                               [38;2;35;35;46m│[39m [38;2;35;35;46m│[39m
[38;2;35;35;46m│[39m [38;2;35;35;46m┌──────────────────────────────────────┐[39m [38;2;35;35;46m│[39m [38;2;74;74;88mgrants resolved from AGENT_CONFIGS[coder][39m                     [38;2;35;35;46m│[39m [38;2;35;35;46m│[39m
[38;2;35;35;46m│[39m [38;2;35;35;46m│[39m [38;2;138;138;154mWAIT STATE[39m                           [38;2;35;35;46m│[39m [38;2;35;35;46m│[39m [38;2;74;74;88mwrites contained to allowedWritePaths[39m                         [38;2;35;35;46m│[39m [38;2;35;35;46m│[39m
[38;2;35;35;46m│[39m [38;2;35;35;46m│[39m [38;2;61;220;132m● executing — not blocked[39m            [38;2;35;35;46m│[39m [38;2;35;35;46m│[39m                                                               [38;2;35;35;46m│[39m [38;2;35;35;46m│[39m
[38;2;35;35;46m│[39m [38;2;35;35;46m└──────────────────────────────────────┘[39m [38;2;35;35;46m│[39m                                                               [38;2;35;35;46m│[39m [38;2;35;35;46m│[39m
[38;2;35;35;46m│[39m                                          [38;2;35;35;46m│[39m                                                               [38;2;35;35;46m│[39m [38;2;35;35;46m│[39m
[38;2;35;35;46m│[39m [38;2;35;35;46m┌──────────────────────────────────────┐[39m [38;2;35;35;46m│[39m                                                               [38;2;35;35;46m│[39m [38;2;35;35;46m│[39m
[38;2;35;35;46m│[39m [38;2;35;35;46m│[39m [38;2;138;138;154mTOKEN / CONTEXT[39m                      [38;2;35;35;46m│[39m [38;2;35;35;46m│[39m                                                               [38;2;35;35;46m│[39m [38;2;35;35;46m│[39m
[38;2;35;35;46m│[39m [38;2;35;35;46m│[39m [38;2;61;220;132m░░░░░░░░░░░░░░░░░░░░░░░░░░░░░░[39m       [38;2;35;35;46m│[39m [38;2;35;35;46m│[39m                                                               [38;2;35;35;46m│[39m [38;2;35;35;46m│[39m
[38;2;35;35;46m│[39m [38;2;35;35;46m│[39m [38;2;138;138;154m0 / 200.0k · 0%[39m                      [38;2;35;35;46m│[39m [38;2;35;35;46m│[39m                                                               [38;2;35;35;46m│[39m [38;2;35;35;46m│[39m
[38;2;35;35;46m│[39m [38;2;35;35;46m│[39m [38;2;74;74;88mwarn @70% · continuation @90% · hard [38;2;35;35;46m│[39m [38;2;35;35;46m│[39m                                                               [38;2;35;35;46m│[39m [38;2;35;35;46m│[39m
[38;2;35;35;46m│[39m [38;2;35;35;46m│[39m [38;2;74;74;88mabort @95%[39m                           [38;2;35;35;46m│[39m [38;2;35;35;46m│[39m                                                               [38;2;35;35;46m│[39m [38;2;35;35;46m│[39m
[38;2;35;35;46m│[39m [38;2;35;35;46m│[39m [38;2;138;138;154mprompt[39m       [38;2;232;232;240m0[39m                       [38;2;35;35;46m│[39m [38;2;35;35;46m│[39m                                                               [38;2;35;35;46m│[39m [38;2;35;35;46m│[39m
[38;2;35;35;46m│[39m [38;2;35;35;46m│[39m [38;2;138;138;154mcompletion[39m   [38;2;232;232;240m0[39m                       [38;2;35;35;46m│[39m [38;2;35;35;46m│[39m                                                               [38;2;35;35;46m│[39m [38;2;35;35;46m│[39m
[38;2;35;35;46m│[39m [38;2;35;35;46m│[39m [38;2;138;138;154mthinking[39m     [38;2;56;189;248m0[39m                       [38;2;35;35;46m│[39m [38;2;35;35;46m│[39m                                                               [38;2;35;35;46m│[39m [38;2;35;35;46m│[39m
[38;2;35;35;46m│[39m [38;2;35;35;46m│[39m [38;2;138;138;154mcache hit[39m    [38;2;61;220;132m░░░░░░░░░░ 0%[39m           [38;2;35;35;46m│[39m [38;2;35;35;46m│[39m                                                               [38;2;35;35;46m│[39m [38;2;35;35;46m│[39m
[38;2;35;35;46m│[39m [38;2;35;35;46m│[39m [38;2;138;138;154mtotal[39m        [38;2;255;107;53m0[39m                       [38;2;35;35;46m│[39m [38;2;35;35;46m│[39m                                                               [38;2;35;35;46m│[39m [38;2;35;35;46m│[39m
[38;2;35;35;46m│[39m [38;2;35;35;46m└──────────────────────────────────────┘[39m [38;2;35;35;46m└───────────────────────────────────────────────────────────────┘[39m [38;2;35;35;46m│[39m
[38;2;35;35;46m│[1m[48;2;255;107;53m[38;2;5;5;7m AGENTS [39m[49m[22m [38;2;138;138;154m1-6 sub-view · j/k select · ⏎ inspect · f filter · r resume[39m                           [38;2;255;107;53m:[38;2;74;74;88m cmd  [38;2;255;107;53m?[38;2;74;74;88m help[38;2;35;35;46m│[39m
[38;2;35;35;46m└────────────────────────────────────────────────────────────────────────────────────────────────────────────┘[39m[2J[3J[H[38;2;35;35;46m┌────────────────────────────────────────────────────────────────────────────────────────────────────────────┐[39m
[38;2;35;35;46m│[1m[38;2;255;107;53mAPERANT[39m[22m [38;2;74;74;88m│[39m [38;2;138;138;154maperant-fixture[39m [38;2;74;74;88m/tmp/aperant-fixture[39m [38;2;74;74;88m│[39m [38;2;56;189;248m⑂ develop[39m             [38;2;255;107;53m◉[38;2;138;138;154m 1 running[39m  [38;2;255;176;0m◆[38;2;138;138;154m 0 review[39m  [38;2;61;220;132m●[38;2;138;138;154m no profile[38;2;35;35;46m│[39m
[38;2;35;35;46m│[39m [38;2;138;138;154m 1 board [39m  [38;2;138;138;154m 2 term [39m  [38;2;138;138;154m 3 road [39m  [38;2;138;138;154m 4 chat [39m  [38;2;138;138;154m 5 tree [39m  [38;2;138;138;154m 6 set [39m  [1m[48;2;255;107;53m[38;2;5;5;7m 7 agents [39m[49m[22m                                     [38;2;35;35;46m│[39m
[38;2;35;35;46m│[39m [38;2;138;138;154m 1 swarm [39m [38;2;138;138;154m 2 graph [39m [1m[48;2;255;107;53m[38;2;5;5;7m 3 inspect [39m[49m[22m [38;2;138;138;154m 4 trace [39m [38;2;138;138;154m 5 tokens [39m [38;2;138;138;154m 6 waits [39m [38;2;74;74;88m1 agent · esc then 1-7 to switch tabs[39m       [38;2;35;35;46m│[39m
[38;2;35;35;46m│[39m                                                                                                            [38;2;35;35;46m│[39m
[38;2;35;35;46m│[39m [38;2;255;107;53m┌──────────────────────────────────────┐[39m [38;2;35;35;46m┌───────────────────────────────────────────────────────────────┐[39m [38;2;35;35;46m│[39m
[38;2;35;35;46m│[39m [38;2;255;107;53m│[39m [1m[38;2;255;107;53mAGENT · 002-fix-terminal-bla[39m[22m         [38;2;255;107;53m│[39m [38;2;35;35;46m│[39m [38;2;138;138;154mTOOL GRANTS (from AGENT_CONFIGS)[39m                              [38;2;35;35;46m│[39m [38;2;35;35;46m│[39m
[38;2;35;35;46m│[39m [38;2;255;107;53m│[39m [38;2;138;138;154mtype[39m         [38;2;255;107;53mcoder[39m                   [38;2;255;107;53m│[39m [38;2;35;35;46m│[39m [38;2;74;74;88mBUILTIN[39m                                                       [38;2;35;35;46m│[39m [38;2;35;35;46m│[39m
[38;2;35;35;46m│[39m [38;2;255;107;53m│[39m [38;2;138;138;154mstate[39m        [38;2;255;107;53mRUNNING[39m                 [38;2;255;107;53m│[39m [38;2;35;35;46m│[39m [38;2;56;189;248mRead  Glob  Grep  Write  Edit  Bash  WebFetch  WebSearch[39m      [38;2;35;35;46m│[39m [38;2;35;35;46m│[39m
[38;2;35;35;46m│[39m [38;2;255;107;53m│[39m [38;2;138;138;154mphase[39m        [38;2;232;232;240mcoding [38;2;255;107;53m▪ structured[39m     [38;2;255;107;53m│[39m [38;2;35;35;46m│[39m [38;2;74;74;88mMCP SERVERS[39m                                                   [38;2;35;35;46m│[39m [38;2;35;35;46m│[39m
[38;2;35;35;46m│[39m [38;2;255;107;53m│[39m [38;2;138;138;154mmodel[39m     [38;2;232;232;240mkimi/kimi-for-coding · [39m    [38;2;255;107;53m│[39m [38;2;35;35;46m│[39m [38;2;255;62;138mcontext7  memory  auto-claude[39m                                 [38;2;35;35;46m│[39m [38;2;35;35;46m│[39m
[38;2;35;35;46m│[39m [38;2;255;107;53m│[39m           [38;2;232;232;240mthinking:low[39m               [38;2;255;107;53m│[39m [38;2;35;35;46m│[39m [38;2;74;74;88mAUTO-CLAUDE MCP[39m                                               [38;2;35;35;46m│[39m [38;2;35;35;46m│[39m
[38;2;35;35;46m│[39m [38;2;255;107;53m│[39m [38;2;138;138;154msteps[39m        [38;2;232;232;240m0/1000[39m                  [38;2;255;107;53m│[39m [38;2;35;35;46m│[39m [38;2;255;107;53mmcp__auto-claude__update_subtask_status  [39m                     [38;2;35;35;46m│[39m [38;2;35;35;46m│[39m
[38;2;35;35;46m│[39m [38;2;255;107;53m│[39m [38;2;138;138;154msession[39m      [38;2;232;232;240m#1 · continuations 0/5[39m  [38;2;255;107;53m│[39m [38;2;35;35;46m│[39m [38;2;255;107;53mmcp__auto-claude__get_build_progress  [39m                        [38;2;35;35;46m│[39m [38;2;35;35;46m│[39m
[38;2;35;35;46m│[39m [38;2;255;107;53m│[39m [38;2;138;138;154melapsed[39m      [38;2;138;138;154m33s[39m                     [38;2;255;107;53m│[39m [38;2;35;35;46m│[39m [38;2;255;107;53mmcp__auto-claude__record_discovery  [39m                          [38;2;35;35;46m│[39m [38;2;35;35;46m│[39m
[38;2;35;35;46m│[39m [38;2;255;107;53m│[39m [38;2;138;138;154mlast[39m         [38;2;74;74;88mIteration 2 (coding)[39m    [38;2;255;107;53m│[39m [38;2;35;35;46m│[39m [38;2;255;107;53mmcp__auto-claude__record_gotcha  [39m                             [38;2;35;35;46m│[39m [38;2;35;35;46m│[39m
[38;2;35;35;46m│[39m [38;2;255;107;53m└──────────────────────────────────────┘[39m [38;2;35;35;46m│[39m [38;2;255;107;53mmcp__auto-claude__get_session_context[39m                         [38;2;35;35;46m│[39m [38;2;35;35;46m│[39m
[38;2;35;35;46m│[39m                                          [38;2;35;35;46m│[39m                                                               [38;2;35;35;46m│[39m [38;2;35;35;46m│[39m
[38;2;35;35;46m│[39m [38;2;35;35;46m┌──────────────────────────────────────┐[39m [38;2;35;35;46m│[39m [38;2;74;74;88mgrants resolved from AGENT_CONFIGS[coder][39m                     [38;2;35;35;46m│[39m [38;2;35;35;46m│[39m
[38;2;35;35;46m│[39m [38;2;35;35;46m│[39m [38;2;138;138;154mWAIT STATE[39m                           [38;2;35;35;46m│[39m [38;2;35;35;46m│[39m [38;2;74;74;88mwrites contained to allowedWritePaths[39m                         [38;2;35;35;46m│[39m [38;2;35;35;46m│[39m
[38;2;35;35;46m│[39m [38;2;35;35;46m│[39m [38;2;61;220;132m● executing — not blocked[39m            [38;2;35;35;46m│[39m [38;2;35;35;46m│[39m                                                               [38;2;35;35;46m│[39m [38;2;35;35;46m│[39m
[38;2;35;35;46m│[39m [38;2;35;35;46m└──────────────────────────────────────┘[39m [38;2;35;35;46m│[39m                                                               [38;2;35;35;46m│[39m [38;2;35;35;46m│[39m
[38;2;35;35;46m│[39m                                          [38;2;35;35;46m│[39m                                                               [38;2;35;35;46m│[39m [38;2;35;35;46m│[39m
[38;2;35;35;46m│[39m [38;2;35;35;46m┌──────────────────────────────────────┐[39m [38;2;35;35;46m│[39m                                                               [38;2;35;35;46m│[39m [38;2;35;35;46m│[39m
[38;2;35;35;46m│[39m [38;2;35;35;46m│[39m [38;2;138;138;154mTOKEN / CONTEXT[39m                      [38;2;35;35;46m│[39m [38;2;35;35;46m│[39m                                                               [38;2;35;35;46m│[39m [38;2;35;35;46m│[39m
[38;2;35;35;46m│[39m [38;2;35;35;46m│[39m [38;2;61;220;132m░░░░░░░░░░░░░░░░░░░░░░░░░░░░░░[39m       [38;2;35;35;46m│[39m [38;2;35;35;46m│[39m                                                               [38;2;35;35;46m│[39m [38;2;35;35;46m│[39m
[38;2;35;35;46m│[39m [38;2;35;35;46m│[39m [38;2;138;138;154m0 / 200.0k · 0%[39m                      [38;2;35;35;46m│[39m [38;2;35;35;46m│[39m                                                               [38;2;35;35;46m│[39m [38;2;35;35;46m│[39m
[38;2;35;35;46m│[39m [38;2;35;35;46m│[39m [38;2;74;74;88mwarn @70% · continuation @90% · hard [38;2;35;35;46m│[39m [38;2;35;35;46m│[39m                                                               [38;2;35;35;46m│[39m [38;2;35;35;46m│[39m
[38;2;35;35;46m│[39m [38;2;35;35;46m│[39m [38;2;74;74;88mabort @95%[39m                           [38;2;35;35;46m│[39m [38;2;35;35;46m│[39m                                                               [38;2;35;35;46m│[39m [38;2;35;35;46m│[39m
[38;2;35;35;46m│[39m [38;2;35;35;46m│[39m [38;2;138;138;154mprompt[39m       [38;2;232;232;240m0[39m                       [38;2;35;35;46m│[39m [38;2;35;35;46m│[39m                                                               [38;2;35;35;46m│[39m [38;2;35;35;46m│[39m
[38;2;35;35;46m│[39m [38;2;35;35;46m│[39m [38;2;138;138;154mcompletion[39m   [38;2;232;232;240m0[39m                       [38;2;35;35;46m│[39m [38;2;35;35;46m│[39m                                                               [38;2;35;35;46m│[39m [38;2;35;35;46m│[39m
[38;2;35;35;46m│[39m [38;2;35;35;46m│[39m [38;2;138;138;154mthinking[39m     [38;2;56;189;248m0[39m                       [38;2;35;35;46m│[39m [38;2;35;35;46m│[39m                                                               [38;2;35;35;46m│[39m [38;2;35;35;46m│[39m
[38;2;35;35;46m│[39m [38;2;35;35;46m│[39m [38;2;138;138;154mcache hit[39m    [38;2;61;220;132m░░░░░░░░░░ 0%[39m           [38;2;35;35;46m│[39m [38;2;35;35;46m│[39m                                                               [38;2;35;35;46m│[39m [38;2;35;35;46m│[39m
[38;2;35;35;46m│[39m [38;2;35;35;46m│[39m [38;2;138;138;154mtotal[39m        [38;2;255;107;53m0[39m                       [38;2;35;35;46m│[39m [38;2;35;35;46m│[39m                                                               [38;2;35;35;46m│[39m [38;2;35;35;46m│[39m
[38;2;35;35;46m│[39m [38;2;35;35;46m└──────────────────────────────────────┘[39m [38;2;35;35;46m└───────────────────────────────────────────────────────────────┘[39m [38;2;35;35;46m│[39m
[38;2;35;35;46m│[1m[48;2;255;107;53m[38;2;5;5;7m AGENTS [39m[49m[22m [38;2;138;138;154m1-6 sub-view · j/k select · ⏎ inspect · f filter · r resume[39m                           [38;2;255;107;53m:[38;2;74;74;88m cmd  [38;2;255;107;53m?[38;2;74;74;88m help[38;2;35;35;46m│[39m
[38;2;35;35;46m└────────────────────────────────────────────────────────────────────────────────────────────────────────────┘[39m[2J[3J[H[38;2;35;35;46m┌────────────────────────────────────────────────────────────────────────────────────────────────────────────┐[39m
[38;2;35;35;46m│[1m[38;2;255;107;53mAPERANT[39m[22m [38;2;74;74;88m│[39m [38;2;138;138;154maperant-fixture[39m [38;2;74;74;88m/tmp/aperant-fixture[39m [38;2;74;74;88m│[39m [38;2;56;189;248m⑂ develop[39m             [38;2;255;107;53m◉[38;2;138;138;154m 1 running[39m  [38;2;255;176;0m◆[38;2;138;138;154m 0 review[39m  [38;2;61;220;132m●[38;2;138;138;154m no profile[38;2;35;35;46m│[39m
[38;2;35;35;46m│[39m [38;2;138;138;154m 1 board [39m  [38;2;138;138;154m 2 term [39m  [38;2;138;138;154m 3 road [39m  [38;2;138;138;154m 4 chat [39m  [38;2;138;138;154m 5 tree [39m  [38;2;138;138;154m 6 set [39m  [1m[48;2;255;107;53m[38;2;5;5;7m 7 agents [39m[49m[22m                                     [38;2;35;35;46m│[39m
[38;2;35;35;46m│[39m [38;2;138;138;154m 1 swarm [39m [38;2;138;138;154m 2 graph [39m [1m[48;2;255;107;53m[38;2;5;5;7m 3 inspect [39m[49m[22m [38;2;138;138;154m 4 trace [39m [38;2;138;138;154m 5 tokens [39m [38;2;138;138;154m 6 waits [39m [38;2;74;74;88m1 agent · esc then 1-7 to switch tabs[39m       [38;2;35;35;46m│[39m
[38;2;35;35;46m│[39m                                                                                                            [38;2;35;35;46m│[39m
[38;2;35;35;46m│[39m [38;2;255;107;53m┌──────────────────────────────────────┐[39m [38;2;35;35;46m┌───────────────────────────────────────────────────────────────┐[39m [38;2;35;35;46m│[39m
[38;2;35;35;46m│[39m [38;2;255;107;53m│[39m [1m[38;2;255;107;53mAGENT · 002-fix-terminal-bla[39m[22m         [38;2;255;107;53m│[39m [38;2;35;35;46m│[39m [38;2;138;138;154mTOOL GRANTS (from AGENT_CONFIGS)[39m                              [38;2;35;35;46m│[39m [38;2;35;35;46m│[39m
[38;2;35;35;46m│[39m [38;2;255;107;53m│[39m [38;2;138;138;154mtype[39m         [38;2;255;107;53mcoder[39m                   [38;2;255;107;53m│[39m [38;2;35;35;46m│[39m [38;2;74;74;88mBUILTIN[39m                                                       [38;2;35;35;46m│[39m [38;2;35;35;46m│[39m
[38;2;35;35;46m│[39m [38;2;255;107;53m│[39m [38;2;138;138;154mstate[39m        [38;2;255;107;53mRUNNING[39m                 [38;2;255;107;53m│[39m [38;2;35;35;46m│[39m [38;2;56;189;248mRead  Glob  Grep  Write  Edit  Bash  WebFetch  WebSearch[39m      [38;2;35;35;46m│[39m [38;2;35;35;46m│[39m
[38;2;35;35;46m│[39m [38;2;255;107;53m│[39m [38;2;138;138;154mphase[39m        [38;2;232;232;240mcoding [38;2;255;107;53m▪ structured[39m     [38;2;255;107;53m│[39m [38;2;35;35;46m│[39m [38;2;74;74;88mMCP SERVERS[39m                                                   [38;2;35;35;46m│[39m [38;2;35;35;46m│[39m
[38;2;35;35;46m│[39m [38;2;255;107;53m│[39m [38;2;138;138;154mmodel[39m     [38;2;232;232;240mkimi/kimi-for-coding · [39m    [38;2;255;107;53m│[39m [38;2;35;35;46m│[39m [38;2;255;62;138mcontext7  memory  auto-claude[39m                                 [38;2;35;35;46m│[39m [38;2;35;35;46m│[39m
[38;2;35;35;46m│[39m [38;2;255;107;53m│[39m           [38;2;232;232;240mthinking:low[39m               [38;2;255;107;53m│[39m [38;2;35;35;46m│[39m [38;2;74;74;88mAUTO-CLAUDE MCP[39m                                               [38;2;35;35;46m│[39m [38;2;35;35;46m│[39m
[38;2;35;35;46m│[39m [38;2;255;107;53m│[39m [38;2;138;138;154msteps[39m        [38;2;232;232;240m0/1000[39m                  [38;2;255;107;53m│[39m [38;2;35;35;46m│[39m [38;2;255;107;53mmcp__auto-claude__update_subtask_status  [39m                     [38;2;35;35;46m│[39m [38;2;35;35;46m│[39m
[38;2;35;35;46m│[39m [38;2;255;107;53m│[39m [38;2;138;138;154msession[39m      [38;2;232;232;240m#1 · continuations 0/5[39m  [38;2;255;107;53m│[39m [38;2;35;35;46m│[39m [38;2;255;107;53mmcp__auto-claude__get_build_progress  [39m                        [38;2;35;35;46m│[39m [38;2;35;35;46m│[39m
[38;2;35;35;46m│[39m [38;2;255;107;53m│[39m [38;2;138;138;154melapsed[39m      [38;2;138;138;154m34s[39m                     [38;2;255;107;53m│[39m [38;2;35;35;46m│[39m [38;2;255;107;53mmcp__auto-claude__record_discovery  [39m                          [38;2;35;35;46m│[39m [38;2;35;35;46m│[39m
[38;2;35;35;46m│[39m [38;2;255;107;53m│[39m [38;2;138;138;154mlast[39m         [38;2;74;74;88mIteration 2 (coding)[39m    [38;2;255;107;53m│[39m [38;2;35;35;46m│[39m [38;2;255;107;53mmcp__auto-claude__record_gotcha  [39m                             [38;2;35;35;46m│[39m [38;2;35;35;46m│[39m
[38;2;35;35;46m│[39m [38;2;255;107;53m└──────────────────────────────────────┘[39m [38;2;35;35;46m│[39m [38;2;255;107;53mmcp__auto-claude__get_session_context[39m                         [38;2;35;35;46m│[39m [38;2;35;35;46m│[39m
[38;2;35;35;46m│[39m                                          [38;2;35;35;46m│[39m                                                               [38;2;35;35;46m│[39m [38;2;35;35;46m│[39m
[38;2;35;35;46m│[39m [38;2;35;35;46m┌──────────────────────────────────────┐[39m [38;2;35;35;46m│[39m [38;2;74;74;88mgrants resolved from AGENT_CONFIGS[coder][39m                     [38;2;35;35;46m│[39m [38;2;35;35;46m│[39m
[38;2;35;35;46m│[39m [38;2;35;35;46m│[39m [38;2;138;138;154mWAIT STATE[39m                           [38;2;35;35;46m│[39m [38;2;35;35;46m│[39m [38;2;74;74;88mwrites contained to allowedWritePaths[39m                         [38;2;35;35;46m│[39m [38;2;35;35;46m│[39m
[38;2;35;35;46m│[39m [38;2;35;35;46m│[39m [38;2;61;220;132m● executing — not blocked[39m            [38;2;35;35;46m│[39m [38;2;35;35;46m│[39m                                                               [38;2;35;35;46m│[39m [38;2;35;35;46m│[39m
[38;2;35;35;46m│[39m [38;2;35;35;46m└──────────────────────────────────────┘[39m [38;2;35;35;46m│[39m                                                               [38;2;35;35;46m│[39m [38;2;35;35;46m│[39m
[38;2;35;35;46m│[39m                                          [38;2;35;35;46m│[39m                                                               [38;2;35;35;46m│[39m [38;2;35;35;46m│[39m
[38;2;35;35;46m│[39m [38;2;35;35;46m┌──────────────────────────────────────┐[39m [38;2;35;35;46m│[39m                                                               [38;2;35;35;46m│[39m [38;2;35;35;46m│[39m
[38;2;35;35;46m│[39m [38;2;35;35;46m│[39m [38;2;138;138;154mTOKEN / CONTEXT[39m                      [38;2;35;35;46m│[39m [38;2;35;35;46m│[39m                                                               [38;2;35;35;46m│[39m [38;2;35;35;46m│[39m
[38;2;35;35;46m│[39m [38;2;35;35;46m│[39m [38;2;61;220;132m░░░░░░░░░░░░░░░░░░░░░░░░░░░░░░[39m       [38;2;35;35;46m│[39m [38;2;35;35;46m│[39m                                                               [38;2;35;35;46m│[39m [38;2;35;35;46m│[39m
[38;2;35;35;46m│[39m [38;2;35;35;46m│[39m [38;2;138;138;154m0 / 200.0k · 0%[39m                      [38;2;35;35;46m│[39m [38;2;35;35;46m│[39m                                                               [38;2;35;35;46m│[39m [38;2;35;35;46m│[39m
[38;2;35;35;46m│[39m [38;2;35;35;46m│[39m [38;2;74;74;88mwarn @70% · continuation @90% · hard [38;2;35;35;46m│[39m [38;2;35;35;46m│[39m                                                               [38;2;35;35;46m│[39m [38;2;35;35;46m│[39m
[38;2;35;35;46m│[39m [38;2;35;35;46m│[39m [38;2;74;74;88mabort @95%[39m                           [38;2;35;35;46m│[39m [38;2;35;35;46m│[39m                                                               [38;2;35;35;46m│[39m [38;2;35;35;46m│[39m
[38;2;35;35;46m│[39m [38;2;35;35;46m│[39m [38;2;138;138;154mprompt[39m       [38;2;232;232;240m0[39m                       [38;2;35;35;46m│[39m [38;2;35;35;46m│[39m                                                               [38;2;35;35;46m│[39m [38;2;35;35;46m│[39m
[38;2;35;35;46m│[39m [38;2;35;35;46m│[39m [38;2;138;138;154mcompletion[39m   [38;2;232;232;240m0[39m                       [38;2;35;35;46m│[39m [38;2;35;35;46m│[39m                                                               [38;2;35;35;46m│[39m [38;2;35;35;46m│[39m
[38;2;35;35;46m│[39m [38;2;35;35;46m│[39m [38;2;138;138;154mthinking[39m     [38;2;56;189;248m0[39m                       [38;2;35;35;46m│[39m [38;2;35;35;46m│[39m                                                               [38;2;35;35;46m│[39m [38;2;35;35;46m│[39m
[38;2;35;35;46m│[39m [38;2;35;35;46m│[39m [38;2;138;138;154mcache hit[39m    [38;2;61;220;132m░░░░░░░░░░ 0%[39m           [38;2;35;35;46m│[39m [38;2;35;35;46m│[39m                                                               [38;2;35;35;46m│[39m [38;2;35;35;46m│[39m
[38;2;35;35;46m│[39m [38;2;35;35;46m│[39m [38;2;138;138;154mtotal[39m        [38;2;255;107;53m0[39m                       [38;2;35;35;46m│[39m [38;2;35;35;46m│[39m                                                               [38;2;35;35;46m│[39m [38;2;35;35;46m│[39m
[38;2;35;35;46m│[39m [38;2;35;35;46m└──────────────────────────────────────┘[39m [38;2;35;35;46m└───────────────────────────────────────────────────────────────┘[39m [38;2;35;35;46m│[39m
[38;2;35;35;46m│[1m[48;2;255;107;53m[38;2;5;5;7m AGENTS [39m[49m[22m [38;2;138;138;154m1-6 sub-view · j/k select · ⏎ inspect · f filter · r resume[39m                           [38;2;255;107;53m:[38;2;74;74;88m cmd  [38;2;255;107;53m?[38;2;74;74;88m help[38;2;35;35;46m│[39m
[38;2;35;35;46m└────────────────────────────────────────────────────────────────────────────────────────────────────────────┘[39m[2J[3J[H[38;2;35;35;46m┌────────────────────────────────────────────────────────────────────────────────────────────────────────────┐[39m
[38;2;35;35;46m│[1m[38;2;255;107;53mAPERANT[39m[22m [38;2;74;74;88m│[39m [38;2;138;138;154maperant-fixture[39m [38;2;74;74;88m/tmp/aperant-fixture[39m [38;2;74;74;88m│[39m [38;2;56;189;248m⑂ develop[39m             [38;2;255;107;53m◉[38;2;138;138;154m 1 running[39m  [38;2;255;176;0m◆[38;2;138;138;154m 0 review[39m  [38;2;61;220;132m●[38;2;138;138;154m no profile[38;2;35;35;46m│[39m
[38;2;35;35;46m│[39m [38;2;138;138;154m 1 board [39m  [38;2;138;138;154m 2 term [39m  [38;2;138;138;154m 3 road [39m  [38;2;138;138;154m 4 chat [39m  [38;2;138;138;154m 5 tree [39m  [38;2;138;138;154m 6 set [39m  [1m[48;2;255;107;53m[38;2;5;5;7m 7 agents [39m[49m[22m                                     [38;2;35;35;46m│[39m
[38;2;35;35;46m│[39m [38;2;138;138;154m 1 swarm [39m [38;2;138;138;154m 2 graph [39m [1m[48;2;255;107;53m[38;2;5;5;7m 3 inspect [39m[49m[22m [38;2;138;138;154m 4 trace [39m [38;2;138;138;154m 5 tokens [39m [38;2;138;138;154m 6 waits [39m [38;2;74;74;88m1 agent · esc then 1-7 to switch tabs[39m       [38;2;35;35;46m│[39m
[38;2;35;35;46m│[39m                                                                                                            [38;2;35;35;46m│[39m
[38;2;35;35;46m│[39m [38;2;255;107;53m┌──────────────────────────────────────┐[39m [38;2;35;35;46m┌───────────────────────────────────────────────────────────────┐[39m [38;2;35;35;46m│[39m
[38;2;35;35;46m│[39m [38;2;255;107;53m│[39m [1m[38;2;255;107;53mAGENT · 002-fix-terminal-bla[39m[22m         [38;2;255;107;53m│[39m [38;2;35;35;46m│[39m [38;2;138;138;154mTOOL GRANTS (from AGENT_CONFIGS)[39m                              [38;2;35;35;46m│[39m [38;2;35;35;46m│[39m
[38;2;35;35;46m│[39m [38;2;255;107;53m│[39m [38;2;138;138;154mtype[39m         [38;2;255;107;53mcoder[39m                   [38;2;255;107;53m│[39m [38;2;35;35;46m│[39m [38;2;74;74;88mBUILTIN[39m                                                       [38;2;35;35;46m│[39m [38;2;35;35;46m│[39m
[38;2;35;35;46m│[39m [38;2;255;107;53m│[39m [38;2;138;138;154mstate[39m        [38;2;255;107;53mRUNNING[39m                 [38;2;255;107;53m│[39m [38;2;35;35;46m│[39m [38;2;56;189;248mRead  Glob  Grep  Write  Edit  Bash  WebFetch  WebSearch[39m      [38;2;35;35;46m│[39m [38;2;35;35;46m│[39m
[38;2;35;35;46m│[39m [38;2;255;107;53m│[39m [38;2;138;138;154mphase[39m        [38;2;232;232;240mcoding [38;2;255;107;53m▪ structured[39m     [38;2;255;107;53m│[39m [38;2;35;35;46m│[39m [38;2;74;74;88mMCP SERVERS[39m                                                   [38;2;35;35;46m│[39m [38;2;35;35;46m│[39m
[38;2;35;35;46m│[39m [38;2;255;107;53m│[39m [38;2;138;138;154mmodel[39m     [38;2;232;232;240mkimi/kimi-for-coding · [39m    [38;2;255;107;53m│[39m [38;2;35;35;46m│[39m [38;2;255;62;138mcontext7  memory  auto-claude[39m                                 [38;2;35;35;46m│[39m [38;2;35;35;46m│[39m
[38;2;35;35;46m│[39m [38;2;255;107;53m│[39m           [38;2;232;232;240mthinking:low[39m               [38;2;255;107;53m│[39m [38;2;35;35;46m│[39m [38;2;74;74;88mAUTO-CLAUDE MCP[39m                                               [38;2;35;35;46m│[39m [38;2;35;35;46m│[39m
[38;2;35;35;46m│[39m [38;2;255;107;53m│[39m [38;2;138;138;154msteps[39m        [38;2;232;232;240m0/1000[39m                  [38;2;255;107;53m│[39m [38;2;35;35;46m│[39m [38;2;255;107;53mmcp__auto-claude__update_subtask_status  [39m                     [38;2;35;35;46m│[39m [38;2;35;35;46m│[39m
[38;2;35;35;46m│[39m [38;2;255;107;53m│[39m [38;2;138;138;154msession[39m      [38;2;232;232;240m#1 · continuations 0/5[39m  [38;2;255;107;53m│[39m [38;2;35;35;46m│[39m [38;2;255;107;53mmcp__auto-claude__get_build_progress  [39m                        [38;2;35;35;46m│[39m [38;2;35;35;46m│[39m
[38;2;35;35;46m│[39m [38;2;255;107;53m│[39m [38;2;138;138;154melapsed[39m      [38;2;138;138;154m34s[39m                     [38;2;255;107;53m│[39m [38;2;35;35;46m│[39m [38;2;255;107;53mmcp__auto-claude__record_discovery  [39m                          [38;2;35;35;46m│[39m [38;2;35;35;46m│[39m
[38;2;35;35;46m│[39m [38;2;255;107;53m│[39m [38;2;138;138;154mlast[39m         [38;2;74;74;88mIteration 2 (coding)[39m    [38;2;255;107;53m│[39m [38;2;35;35;46m│[39m [38;2;255;107;53mmcp__auto-claude__record_gotcha  [39m                             [38;2;35;35;46m│[39m [38;2;35;35;46m│[39m
[38;2;35;35;46m│[39m [38;2;255;107;53m└──────────────────────────────────────┘[39m [38;2;35;35;46m│[39m [38;2;255;107;53mmcp__auto-claude__get_session_context[39m                         [38;2;35;35;46m│[39m [38;2;35;35;46m│[39m
[38;2;35;35;46m│[39m                                          [38;2;35;35;46m│[39m                                                               [38;2;35;35;46m│[39m [38;2;35;35;46m│[39m
[38;2;35;35;46m│[39m [38;2;35;35;46m┌──────────────────────────────────────┐[39m [38;2;35;35;46m│[39m [38;2;74;74;88mgrants resolved from AGENT_CONFIGS[coder][39m                     [38;2;35;35;46m│[39m [38;2;35;35;46m│[39m
[38;2;35;35;46m│[39m [38;2;35;35;46m│[39m [38;2;138;138;154mWAIT STATE[39m                           [38;2;35;35;46m│[39m [38;2;35;35;46m│[39m [38;2;74;74;88mwrites contained to allowedWritePaths[39m                         [38;2;35;35;46m│[39m [38;2;35;35;46m│[39m
[38;2;35;35;46m│[39m [38;2;35;35;46m│[39m [38;2;61;220;132m● executing — not blocked[39m            [38;2;35;35;46m│[39m [38;2;35;35;46m│[39m                                                               [38;2;35;35;46m│[39m [38;2;35;35;46m│[39m
[38;2;35;35;46m│[39m [38;2;35;35;46m└──────────────────────────────────────┘[39m [38;2;35;35;46m│[39m                                                               [38;2;35;35;46m│[39m [38;2;35;35;46m│[39m
[38;2;35;35;46m│[39m                                          [38;2;35;35;46m│[39m                                                               [38;2;35;35;46m│[39m [38;2;35;35;46m│[39m
[38;2;35;35;46m│[39m [38;2;35;35;46m┌──────────────────────────────────────┐[39m [38;2;35;35;46m│[39m                                                               [38;2;35;35;46m│[39m [38;2;35;35;46m│[39m
[38;2;35;35;46m│[39m [38;2;35;35;46m│[39m [38;2;138;138;154mTOKEN / CONTEXT[39m                      [38;2;35;35;46m│[39m [38;2;35;35;46m│[39m                                                               [38;2;35;35;46m│[39m [38;2;35;35;46m│[39m
[38;2;35;35;46m│[39m [38;2;35;35;46m│[39m [38;2;61;220;132m░░░░░░░░░░░░░░░░░░░░░░░░░░░░░░[39m       [38;2;35;35;46m│[39m [38;2;35;35;46m│[39m                                                               [38;2;35;35;46m│[39m [38;2;35;35;46m│[39m
[38;2;35;35;46m│[39m [38;2;35;35;46m│[39m [38;2;138;138;154m0 / 200.0k · 0%[39m                      [38;2;35;35;46m│[39m [38;2;35;35;46m│[39m                                                               [38;2;35;35;46m│[39m [38;2;35;35;46m│[39m
[38;2;35;35;46m│[39m [38;2;35;35;46m│[39m [38;2;74;74;88mwarn @70% · continuation @90% · hard [38;2;35;35;46m│[39m [38;2;35;35;46m│[39m                                                               [38;2;35;35;46m│[39m [38;2;35;35;46m│[39m
[38;2;35;35;46m│[39m [38;2;35;35;46m│[39m [38;2;74;74;88mabort @95%[39m                           [38;2;35;35;46m│[39m [38;2;35;35;46m│[39m                                                               [38;2;35;35;46m│[39m [38;2;35;35;46m│[39m
[38;2;35;35;46m│[39m [38;2;35;35;46m│[39m [38;2;138;138;154mprompt[39m       [38;2;232;232;240m0[39m                       [38;2;35;35;46m│[39m [38;2;35;35;46m│[39m                                                               [38;2;35;35;46m│[39m [38;2;35;35;46m│[39m
[38;2;35;35;46m│[39m [38;2;35;35;46m│[39m [38;2;138;138;154mcompletion[39m   [38;2;232;232;240m0[39m                       [38;2;35;35;46m│[39m [38;2;35;35;46m│[39m                                                               [38;2;35;35;46m│[39m [38;2;35;35;46m│[39m
[38;2;35;35;46m│[39m [38;2;35;35;46m│[39m [38;2;138;138;154mthinking[39m     [38;2;56;189;248m0[39m                       [38;2;35;35;46m│[39m [38;2;35;35;46m│[39m                                                               [38;2;35;35;46m│[39m [38;2;35;35;46m│[39m
[38;2;35;35;46m│[39m [38;2;35;35;46m│[39m [38;2;138;138;154mcache hit[39m    [38;2;61;220;132m░░░░░░░░░░ 0%[39m           [38;2;35;35;46m│[39m [38;2;35;35;46m│[39m                                                               [38;2;35;35;46m│[39m [38;2;35;35;46m│[39m
[38;2;35;35;46m│[39m [38;2;35;35;46m│[39m [38;2;138;138;154mtotal[39m        [38;2;255;107;53m0[39m                       [38;2;35;35;46m│[39m [38;2;35;35;46m│[39m                                                               [38;2;35;35;46m│[39m [38;2;35;35;46m│[39m
[38;2;35;35;46m│[39m [38;2;35;35;46m└──────────────────────────────────────┘[39m [38;2;35;35;46m└───────────────────────────────────────────────────────────────┘[39m [38;2;35;35;46m│[39m
[38;2;35;35;46m│[1m[48;2;255;107;53m[38;2;5;5;7m AGENTS [39m[49m[22m [38;2;138;138;154m1-6 sub-view · j/k select · ⏎ inspect · f filter · r resume[39m                           [38;2;255;107;53m:[38;2;74;74;88m cmd  [38;2;255;107;53m?[38;2;74;74;88m help[38;2;35;35;46m│[39m
[38;2;35;35;46m└────────────────────────────────────────────────────────────────────────────────────────────────────────────┘[39m[2J[3J[H[38;2;35;35;46m┌────────────────────────────────────────────────────────────────────────────────────────────────────────────┐[39m
[38;2;35;35;46m│[1m[38;2;255;107;53mAPERANT[39m[22m [38;2;74;74;88m│[39m [38;2;138;138;154maperant-fixture[39m [38;2;74;74;88m/tmp/aperant-fixture[39m [38;2;74;74;88m│[39m [38;2;56;189;248m⑂ develop[39m             [38;2;255;107;53m◉[38;2;138;138;154m 1 running[39m  [38;2;255;176;0m◆[38;2;138;138;154m 0 review[39m  [38;2;61;220;132m●[38;2;138;138;154m no profile[38;2;35;35;46m│[39m
[38;2;35;35;46m│[39m [38;2;138;138;154m 1 board [39m  [38;2;138;138;154m 2 term [39m  [38;2;138;138;154m 3 road [39m  [38;2;138;138;154m 4 chat [39m  [38;2;138;138;154m 5 tree [39m  [38;2;138;138;154m 6 set [39m  [1m[48;2;255;107;53m[38;2;5;5;7m 7 agents [39m[49m[22m                                     [38;2;35;35;46m│[39m
[38;2;35;35;46m│[39m [38;2;138;138;154m 1 swarm [39m [38;2;138;138;154m 2 graph [39m [1m[48;2;255;107;53m[38;2;5;5;7m 3 inspect [39m[49m[22m [38;2;138;138;154m 4 trace [39m [38;2;138;138;154m 5 tokens [39m [38;2;138;138;154m 6 waits [39m [38;2;74;74;88m1 agent · esc then 1-7 to switch tabs[39m       [38;2;35;35;46m│[39m
[38;2;35;35;46m│[39m                                                                                                            [38;2;35;35;46m│[39m
[38;2;35;35;46m│[39m [38;2;255;107;53m┌──────────────────────────────────────┐[39m [38;2;35;35;46m┌───────────────────────────────────────────────────────────────┐[39m [38;2;35;35;46m│[39m
[38;2;35;35;46m│[39m [38;2;255;107;53m│[39m [1m[38;2;255;107;53mAGENT · 002-fix-terminal-bla[39m[22m         [38;2;255;107;53m│[39m [38;2;35;35;46m│[39m [38;2;138;138;154mTOOL GRANTS (from AGENT_CONFIGS)[39m                              [38;2;35;35;46m│[39m [38;2;35;35;46m│[39m
[38;2;35;35;46m│[39m [38;2;255;107;53m│[39m [38;2;138;138;154mtype[39m         [38;2;255;107;53mcoder[39m                   [38;2;255;107;53m│[39m [38;2;35;35;46m│[39m [38;2;74;74;88mBUILTIN[39m                                                       [38;2;35;35;46m│[39m [38;2;35;35;46m│[39m
[38;2;35;35;46m│[39m [38;2;255;107;53m│[39m [38;2;138;138;154mstate[39m        [38;2;255;107;53mRUNNING[39m                 [38;2;255;107;53m│[39m [38;2;35;35;46m│[39m [38;2;56;189;248mRead  Glob  Grep  Write  Edit  Bash  WebFetch  WebSearch[39m      [38;2;35;35;46m│[39m [38;2;35;35;46m│[39m
[38;2;35;35;46m│[39m [38;2;255;107;53m│[39m [38;2;138;138;154mphase[39m        [38;2;232;232;240mcoding [38;2;255;107;53m▪ structured[39m     [38;2;255;107;53m│[39m [38;2;35;35;46m│[39m [38;2;74;74;88mMCP SERVERS[39m                                                   [38;2;35;35;46m│[39m [38;2;35;35;46m│[39m
[38;2;35;35;46m│[39m [38;2;255;107;53m│[39m [38;2;138;138;154mmodel[39m     [38;2;232;232;240mkimi/kimi-for-coding · [39m    [38;2;255;107;53m│[39m [38;2;35;35;46m│[39m [38;2;255;62;138mcontext7  memory  auto-claude[39m                                 [38;2;35;35;46m│[39m [38;2;35;35;46m│[39m
[38;2;35;35;46m│[39m [38;2;255;107;53m│[39m           [38;2;232;232;240mthinking:low[39m               [38;2;255;107;53m│[39m [38;2;35;35;46m│[39m [38;2;74;74;88mAUTO-CLAUDE MCP[39m                                               [38;2;35;35;46m│[39m [38;2;35;35;46m│[39m
[38;2;35;35;46m│[39m [38;2;255;107;53m│[39m [38;2;138;138;154msteps[39m        [38;2;232;232;240m0/1000[39m                  [38;2;255;107;53m│[39m [38;2;35;35;46m│[39m [38;2;255;107;53mmcp__auto-claude__update_subtask_status  [39m                     [38;2;35;35;46m│[39m [38;2;35;35;46m│[39m
[38;2;35;35;46m│[39m [38;2;255;107;53m│[39m [38;2;138;138;154msession[39m      [38;2;232;232;240m#1 · continuations 0/5[39m  [38;2;255;107;53m│[39m [38;2;35;35;46m│[39m [38;2;255;107;53mmcp__auto-claude__get_build_progress  [39m                        [38;2;35;35;46m│[39m [38;2;35;35;46m│[39m
[38;2;35;35;46m│[39m [38;2;255;107;53m│[39m [38;2;138;138;154melapsed[39m      [38;2;138;138;154m35s[39m                     [38;2;255;107;53m│[39m [38;2;35;35;46m│[39m [38;2;255;107;53mmcp__auto-claude__record_discovery  [39m                          [38;2;35;35;46m│[39m [38;2;35;35;46m│[39m
[38;2;35;35;46m│[39m [38;2;255;107;53m│[39m [38;2;138;138;154mlast[39m         [38;2;74;74;88mIteration 2 (coding)[39m    [38;2;255;107;53m│[39m [38;2;35;35;46m│[39m [38;2;255;107;53mmcp__auto-claude__record_gotcha  [39m                             [38;2;35;35;46m│[39m [38;2;35;35;46m│[39m
[38;2;35;35;46m│[39m [38;2;255;107;53m└──────────────────────────────────────┘[39m [38;2;35;35;46m│[39m [38;2;255;107;53mmcp__auto-claude__get_session_context[39m                         [38;2;35;35;46m│[39m [38;2;35;35;46m│[39m
[38;2;35;35;46m│[39m                                          [38;2;35;35;46m│[39m                                                               [38;2;35;35;46m│[39m [38;2;35;35;46m│[39m
[38;2;35;35;46m│[39m [38;2;35;35;46m┌──────────────────────────────────────┐[39m [38;2;35;35;46m│[39m [38;2;74;74;88mgrants resolved from AGENT_CONFIGS[coder][39m                     [38;2;35;35;46m│[39m [38;2;35;35;46m│[39m
[38;2;35;35;46m│[39m [38;2;35;35;46m│[39m [38;2;138;138;154mWAIT STATE[39m                           [38;2;35;35;46m│[39m [38;2;35;35;46m│[39m [38;2;74;74;88mwrites contained to allowedWritePaths[39m                         [38;2;35;35;46m│[39m [38;2;35;35;46m│[39m
[38;2;35;35;46m│[39m [38;2;35;35;46m│[39m [38;2;61;220;132m● executing — not blocked[39m            [38;2;35;35;46m│[39m [38;2;35;35;46m│[39m                                                               [38;2;35;35;46m│[39m [38;2;35;35;46m│[39m
[38;2;35;35;46m│[39m [38;2;35;35;46m└──────────────────────────────────────┘[39m [38;2;35;35;46m│[39m                                                               [38;2;35;35;46m│[39m [38;2;35;35;46m│[39m
[38;2;35;35;46m│[39m                                          [38;2;35;35;46m│[39m                                                               [38;2;35;35;46m│[39m [38;2;35;35;46m│[39m
[38;2;35;35;46m│[39m [38;2;35;35;46m┌──────────────────────────────────────┐[39m [38;2;35;35;46m│[39m                                                               [38;2;35;35;46m│[39m [38;2;35;35;46m│[39m
[38;2;35;35;46m│[39m [38;2;35;35;46m│[39m [38;2;138;138;154mTOKEN / CONTEXT[39m                      [38;2;35;35;46m│[39m [38;2;35;35;46m│[39m                                                               [38;2;35;35;46m│[39m [38;2;35;35;46m│[39m
[38;2;35;35;46m│[39m [38;2;35;35;46m│[39m [38;2;61;220;132m░░░░░░░░░░░░░░░░░░░░░░░░░░░░░░[39m       [38;2;35;35;46m│[39m [38;2;35;35;46m│[39m                                                               [38;2;35;35;46m│[39m [38;2;35;35;46m│[39m
[38;2;35;35;46m│[39m [38;2;35;35;46m│[39m [38;2;138;138;154m0 / 200.0k · 0%[39m                      [38;2;35;35;46m│[39m [38;2;35;35;46m│[39m                                                               [38;2;35;35;46m│[39m [38;2;35;35;46m│[39m
[38;2;35;35;46m│[39m [38;2;35;35;46m│[39m [38;2;74;74;88mwarn @70% · continuation @90% · hard [38;2;35;35;46m│[39m [38;2;35;35;46m│[39m                                                               [38;2;35;35;46m│[39m [38;2;35;35;46m│[39m
[38;2;35;35;46m│[39m [38;2;35;35;46m│[39m [38;2;74;74;88mabort @95%[39m                           [38;2;35;35;46m│[39m [38;2;35;35;46m│[39m                                                               [38;2;35;35;46m│[39m [38;2;35;35;46m│[39m
[38;2;35;35;46m│[39m [38;2;35;35;46m│[39m [38;2;138;138;154mprompt[39m       [38;2;232;232;240m0[39m                       [38;2;35;35;46m│[39m [38;2;35;35;46m│[39m                                                               [38;2;35;35;46m│[39m [38;2;35;35;46m│[39m
[38;2;35;35;46m│[39m [38;2;35;35;46m│[39m [38;2;138;138;154mcompletion[39m   [38;2;232;232;240m0[39m                       [38;2;35;35;46m│[39m [38;2;35;35;46m│[39m                                                               [38;2;35;35;46m│[39m [38;2;35;35;46m│[39m
[38;2;35;35;46m│[39m [38;2;35;35;46m│[39m [38;2;138;138;154mthinking[39m     [38;2;56;189;248m0[39m                       [38;2;35;35;46m│[39m [38;2;35;35;46m│[39m                                                               [38;2;35;35;46m│[39m [38;2;35;35;46m│[39m
[38;2;35;35;46m│[39m [38;2;35;35;46m│[39m [38;2;138;138;154mcache hit[39m    [38;2;61;220;132m░░░░░░░░░░ 0%[39m           [38;2;35;35;46m│[39m [38;2;35;35;46m│[39m                                                               [38;2;35;35;46m│[39m [38;2;35;35;46m│[39m
[38;2;35;35;46m│[39m [38;2;35;35;46m│[39m [38;2;138;138;154mtotal[39m        [38;2;255;107;53m0[39m                       [38;2;35;35;46m│[39m [38;2;35;35;46m│[39m                                                               [38;2;35;35;46m│[39m [38;2;35;35;46m│[39m
[38;2;35;35;46m│[39m [38;2;35;35;46m└──────────────────────────────────────┘[39m [38;2;35;35;46m└───────────────────────────────────────────────────────────────┘[39m [38;2;35;35;46m│[39m
[38;2;35;35;46m│[1m[48;2;255;107;53m[38;2;5;5;7m AGENTS [39m[49m[22m [38;2;138;138;154m1-6 sub-view · j/k select · ⏎ inspect · f filter · r resume[39m                           [38;2;255;107;53m:[38;2;74;74;88m cmd  [38;2;255;107;53m?[38;2;74;74;88m help[38;2;35;35;46m│[39m
[38;2;35;35;46m└────────────────────────────────────────────────────────────────────────────────────────────────────────────┘[39m[2J[3J[H[38;2;35;35;46m┌────────────────────────────────────────────────────────────────────────────────────────────────────────────┐[39m
[38;2;35;35;46m│[1m[38;2;255;107;53mAPERANT[39m[22m [38;2;74;74;88m│[39m [38;2;138;138;154maperant-fixture[39m [38;2;74;74;88m/tmp/aperant-fixture[39m [38;2;74;74;88m│[39m [38;2;56;189;248m⑂ develop[39m             [38;2;255;107;53m◉[38;2;138;138;154m 1 running[39m  [38;2;255;176;0m◆[38;2;138;138;154m 0 review[39m  [38;2;61;220;132m●[38;2;138;138;154m no profile[38;2;35;35;46m│[39m
[38;2;35;35;46m│[39m [38;2;138;138;154m 1 board [39m  [38;2;138;138;154m 2 term [39m  [38;2;138;138;154m 3 road [39m  [38;2;138;138;154m 4 chat [39m  [38;2;138;138;154m 5 tree [39m  [38;2;138;138;154m 6 set [39m  [1m[48;2;255;107;53m[38;2;5;5;7m 7 agents [39m[49m[22m                                     [38;2;35;35;46m│[39m
[38;2;35;35;46m│[39m [38;2;138;138;154m 1 swarm [39m [38;2;138;138;154m 2 graph [39m [1m[48;2;255;107;53m[38;2;5;5;7m 3 inspect [39m[49m[22m [38;2;138;138;154m 4 trace [39m [38;2;138;138;154m 5 tokens [39m [38;2;138;138;154m 6 waits [39m [38;2;74;74;88m1 agent · esc then 1-7 to switch tabs[39m       [38;2;35;35;46m│[39m
[38;2;35;35;46m│[39m                                                                                                            [38;2;35;35;46m│[39m
[38;2;35;35;46m│[39m [38;2;255;107;53m┌──────────────────────────────────────┐[39m [38;2;35;35;46m┌───────────────────────────────────────────────────────────────┐[39m [38;2;35;35;46m│[39m
[38;2;35;35;46m│[39m [38;2;255;107;53m│[39m [1m[38;2;255;107;53mAGENT · 002-fix-terminal-bla[39m[22m         [38;2;255;107;53m│[39m [38;2;35;35;46m│[39m [38;2;138;138;154mTOOL GRANTS (from AGENT_CONFIGS)[39m                              [38;2;35;35;46m│[39m [38;2;35;35;46m│[39m
[38;2;35;35;46m│[39m [38;2;255;107;53m│[39m [38;2;138;138;154mtype[39m         [38;2;255;107;53mcoder[39m                   [38;2;255;107;53m│[39m [38;2;35;35;46m│[39m [38;2;74;74;88mBUILTIN[39m                                                       [38;2;35;35;46m│[39m [38;2;35;35;46m│[39m
[38;2;35;35;46m│[39m [38;2;255;107;53m│[39m [38;2;138;138;154mstate[39m        [38;2;255;107;53mRUNNING[39m                 [38;2;255;107;53m│[39m [38;2;35;35;46m│[39m [38;2;56;189;248mRead  Glob  Grep  Write  Edit  Bash  WebFetch  WebSearch[39m      [38;2;35;35;46m│[39m [38;2;35;35;46m│[39m
[38;2;35;35;46m│[39m [38;2;255;107;53m│[39m [38;2;138;138;154mphase[39m        [38;2;232;232;240mcoding [38;2;255;107;53m▪ structured[39m     [38;2;255;107;53m│[39m [38;2;35;35;46m│[39m [38;2;74;74;88mMCP SERVERS[39m                                                   [38;2;35;35;46m│[39m [38;2;35;35;46m│[39m
[38;2;35;35;46m│[39m [38;2;255;107;53m│[39m [38;2;138;138;154mmodel[39m     [38;2;232;232;240mkimi/kimi-for-coding · [39m    [38;2;255;107;53m│[39m [38;2;35;35;46m│[39m [38;2;255;62;138mcontext7  memory  auto-claude[39m                                 [38;2;35;35;46m│[39m [38;2;35;35;46m│[39m
[38;2;35;35;46m│[39m [38;2;255;107;53m│[39m           [38;2;232;232;240mthinking:low[39m               [38;2;255;107;53m│[39m [38;2;35;35;46m│[39m [38;2;74;74;88mAUTO-CLAUDE MCP[39m                                               [38;2;35;35;46m│[39m [38;2;35;35;46m│[39m
[38;2;35;35;46m│[39m [38;2;255;107;53m│[39m [38;2;138;138;154msteps[39m        [38;2;232;232;240m0/1000[39m                  [38;2;255;107;53m│[39m [38;2;35;35;46m│[39m [38;2;255;107;53mmcp__auto-claude__update_subtask_status  [39m                     [38;2;35;35;46m│[39m [38;2;35;35;46m│[39m
[38;2;35;35;46m│[39m [38;2;255;107;53m│[39m [38;2;138;138;154msession[39m      [38;2;232;232;240m#1 · continuations 0/5[39m  [38;2;255;107;53m│[39m [38;2;35;35;46m│[39m [38;2;255;107;53mmcp__auto-claude__get_build_progress  [39m                        [38;2;35;35;46m│[39m [38;2;35;35;46m│[39m
[38;2;35;35;46m│[39m [38;2;255;107;53m│[39m [38;2;138;138;154melapsed[39m      [38;2;138;138;154m36s[39m                     [38;2;255;107;53m│[39m [38;2;35;35;46m│[39m [38;2;255;107;53mmcp__auto-claude__record_discovery  [39m                          [38;2;35;35;46m│[39m [38;2;35;35;46m│[39m
[38;2;35;35;46m│[39m [38;2;255;107;53m│[39m [38;2;138;138;154mlast[39m         [38;2;74;74;88mIteration 2 (coding)[39m    [38;2;255;107;53m│[39m [38;2;35;35;46m│[39m [38;2;255;107;53mmcp__auto-claude__record_gotcha  [39m                             [38;2;35;35;46m│[39m [38;2;35;35;46m│[39m
[38;2;35;35;46m│[39m [38;2;255;107;53m└──────────────────────────────────────┘[39m [38;2;35;35;46m│[39m [38;2;255;107;53mmcp__auto-claude__get_session_context[39m                         [38;2;35;35;46m│[39m [38;2;35;35;46m│[39m
[38;2;35;35;46m│[39m                                          [38;2;35;35;46m│[39m                                                               [38;2;35;35;46m│[39m [38;2;35;35;46m│[39m
[38;2;35;35;46m│[39m [38;2;35;35;46m┌──────────────────────────────────────┐[39m [38;2;35;35;46m│[39m [38;2;74;74;88mgrants resolved from AGENT_CONFIGS[coder][39m                     [38;2;35;35;46m│[39m [38;2;35;35;46m│[39m
[38;2;35;35;46m│[39m [38;2;35;35;46m│[39m [38;2;138;138;154mWAIT STATE[39m                           [38;2;35;35;46m│[39m [38;2;35;35;46m│[39m [38;2;74;74;88mwrites contained to allowedWritePaths[39m                         [38;2;35;35;46m│[39m [38;2;35;35;46m│[39m
[38;2;35;35;46m│[39m [38;2;35;35;46m│[39m [38;2;61;220;132m● executing — not blocked[39m            [38;2;35;35;46m│[39m [38;2;35;35;46m│[39m                                                               [38;2;35;35;46m│[39m [38;2;35;35;46m│[39m
[38;2;35;35;46m│[39m [38;2;35;35;46m└──────────────────────────────────────┘[39m [38;2;35;35;46m│[39m                                                               [38;2;35;35;46m│[39m [38;2;35;35;46m│[39m
[38;2;35;35;46m│[39m                                          [38;2;35;35;46m│[39m                                                               [38;2;35;35;46m│[39m [38;2;35;35;46m│[39m
[38;2;35;35;46m│[39m [38;2;35;35;46m┌──────────────────────────────────────┐[39m [38;2;35;35;46m│[39m                                                               [38;2;35;35;46m│[39m [38;2;35;35;46m│[39m
[38;2;35;35;46m│[39m [38;2;35;35;46m│[39m [38;2;138;138;154mTOKEN / CONTEXT[39m                      [38;2;35;35;46m│[39m [38;2;35;35;46m│[39m                                                               [38;2;35;35;46m│[39m [38;2;35;35;46m│[39m
[38;2;35;35;46m│[39m [38;2;35;35;46m│[39m [38;2;61;220;132m░░░░░░░░░░░░░░░░░░░░░░░░░░░░░░[39m       [38;2;35;35;46m│[39m [38;2;35;35;46m│[39m                                                               [38;2;35;35;46m│[39m [38;2;35;35;46m│[39m
[38;2;35;35;46m│[39m [38;2;35;35;46m│[39m [38;2;138;138;154m0 / 200.0k · 0%[39m                      [38;2;35;35;46m│[39m [38;2;35;35;46m│[39m                                                               [38;2;35;35;46m│[39m [38;2;35;35;46m│[39m
[38;2;35;35;46m│[39m [38;2;35;35;46m│[39m [38;2;74;74;88mwarn @70% · continuation @90% · hard [38;2;35;35;46m│[39m [38;2;35;35;46m│[39m                                                               [38;2;35;35;46m│[39m [38;2;35;35;46m│[39m
[38;2;35;35;46m│[39m [38;2;35;35;46m│[39m [38;2;74;74;88mabort @95%[39m                           [38;2;35;35;46m│[39m [38;2;35;35;46m│[39m                                                               [38;2;35;35;46m│[39m [38;2;35;35;46m│[39m
[38;2;35;35;46m│[39m [38;2;35;35;46m│[39m [38;2;138;138;154mprompt[39m       [38;2;232;232;240m0[39m                       [38;2;35;35;46m│[39m [38;2;35;35;46m│[39m                                                               [38;2;35;35;46m│[39m [38;2;35;35;46m│[39m
[38;2;35;35;46m│[39m [38;2;35;35;46m│[39m [38;2;138;138;154mcompletion[39m   [38;2;232;232;240m0[39m                       [38;2;35;35;46m│[39m [38;2;35;35;46m│[39m                                                               [38;2;35;35;46m│[39m [38;2;35;35;46m│[39m
[38;2;35;35;46m│[39m [38;2;35;35;46m│[39m [38;2;138;138;154mthinking[39m     [38;2;56;189;248m0[39m                       [38;2;35;35;46m│[39m [38;2;35;35;46m│[39m                                                               [38;2;35;35;46m│[39m [38;2;35;35;46m│[39m
[38;2;35;35;46m│[39m [38;2;35;35;46m│[39m [38;2;138;138;154mcache hit[39m    [38;2;61;220;132m░░░░░░░░░░ 0%[39m           [38;2;35;35;46m│[39m [38;2;35;35;46m│[39m                                                               [38;2;35;35;46m│[39m [38;2;35;35;46m│[39m
[38;2;35;35;46m│[39m [38;2;35;35;46m│[39m [38;2;138;138;154mtotal[39m        [38;2;255;107;53m0[39m                       [38;2;35;35;46m│[39m [38;2;35;35;46m│[39m                                                               [38;2;35;35;46m│[39m [38;2;35;35;46m│[39m
[38;2;35;35;46m│[39m [38;2;35;35;46m└──────────────────────────────────────┘[39m [38;2;35;35;46m└───────────────────────────────────────────────────────────────┘[39m [38;2;35;35;46m│[39m
[38;2;35;35;46m│[1m[48;2;255;107;53m[38;2;5;5;7m AGENTS [39m[49m[22m [38;2;138;138;154m1-6 sub-view · j/k select · ⏎ inspect · f filter · r resume[39m                           [38;2;255;107;53m:[38;2;74;74;88m cmd  [38;2;255;107;53m?[38;2;74;74;88m help[38;2;35;35;46m│[39m
[38;2;35;35;46m└────────────────────────────────────────────────────────────────────────────────────────────────────────────┘[39m[2J[3J[H[38;2;35;35;46m┌────────────────────────────────────────────────────────────────────────────────────────────────────────────┐[39m
[38;2;35;35;46m│[1m[38;2;255;107;53mAPERANT[39m[22m [38;2;74;74;88m│[39m [38;2;138;138;154maperant-fixture[39m [38;2;74;74;88m/tmp/aperant-fixture[39m [38;2;74;74;88m│[39m [38;2;56;189;248m⑂ develop[39m             [38;2;255;107;53m◉[38;2;138;138;154m 1 running[39m  [38;2;255;176;0m◆[38;2;138;138;154m 0 review[39m  [38;2;61;220;132m●[38;2;138;138;154m no profile[38;2;35;35;46m│[39m
[38;2;35;35;46m│[39m [38;2;138;138;154m 1 board [39m  [38;2;138;138;154m 2 term [39m  [38;2;138;138;154m 3 road [39m  [38;2;138;138;154m 4 chat [39m  [38;2;138;138;154m 5 tree [39m  [38;2;138;138;154m 6 set [39m  [1m[48;2;255;107;53m[38;2;5;5;7m 7 agents [39m[49m[22m                                     [38;2;35;35;46m│[39m
[38;2;35;35;46m│[39m [38;2;138;138;154m 1 swarm [39m [38;2;138;138;154m 2 graph [39m [1m[48;2;255;107;53m[38;2;5;5;7m 3 inspect [39m[49m[22m [38;2;138;138;154m 4 trace [39m [38;2;138;138;154m 5 tokens [39m [38;2;138;138;154m 6 waits [39m [38;2;74;74;88m1 agent · esc then 1-7 to switch tabs[39m       [38;2;35;35;46m│[39m
[38;2;35;35;46m│[39m                                                                                                            [38;2;35;35;46m│[39m
[38;2;35;35;46m│[39m [38;2;255;107;53m┌──────────────────────────────────────┐[39m [38;2;35;35;46m┌───────────────────────────────────────────────────────────────┐[39m [38;2;35;35;46m│[39m
[38;2;35;35;46m│[39m [38;2;255;107;53m│[39m [1m[38;2;255;107;53mAGENT · 002-fix-terminal-bla[39m[22m         [38;2;255;107;53m│[39m [38;2;35;35;46m│[39m [38;2;138;138;154mTOOL GRANTS (from AGENT_CONFIGS)[39m                              [38;2;35;35;46m│[39m [38;2;35;35;46m│[39m
[38;2;35;35;46m│[39m [38;2;255;107;53m│[39m [38;2;138;138;154mtype[39m         [38;2;255;107;53mcoder[39m                   [38;2;255;107;53m│[39m [38;2;35;35;46m│[39m [38;2;74;74;88mBUILTIN[39m                                                       [38;2;35;35;46m│[39m [38;2;35;35;46m│[39m
[38;2;35;35;46m│[39m [38;2;255;107;53m│[39m [38;2;138;138;154mstate[39m        [38;2;255;107;53mRUNNING[39m                 [38;2;255;107;53m│[39m [38;2;35;35;46m│[39m [38;2;56;189;248mRead  Glob  Grep  Write  Edit  Bash  WebFetch  WebSearch[39m      [38;2;35;35;46m│[39m [38;2;35;35;46m│[39m
[38;2;35;35;46m│[39m [38;2;255;107;53m│[39m [38;2;138;138;154mphase[39m        [38;2;232;232;240mcoding [38;2;255;107;53m▪ structured[39m     [38;2;255;107;53m│[39m [38;2;35;35;46m│[39m [38;2;74;74;88mMCP SERVERS[39m                                                   [38;2;35;35;46m│[39m [38;2;35;35;46m│[39m
[38;2;35;35;46m│[39m [38;2;255;107;53m│[39m [38;2;138;138;154mmodel[39m     [38;2;232;232;240mkimi/kimi-for-coding · [39m    [38;2;255;107;53m│[39m [38;2;35;35;46m│[39m [38;2;255;62;138mcontext7  memory  auto-claude[39m                                 [38;2;35;35;46m│[39m [38;2;35;35;46m│[39m
[38;2;35;35;46m│[39m [38;2;255;107;53m│[39m           [38;2;232;232;240mthinking:low[39m               [38;2;255;107;53m│[39m [38;2;35;35;46m│[39m [38;2;74;74;88mAUTO-CLAUDE MCP[39m                                               [38;2;35;35;46m│[39m [38;2;35;35;46m│[39m
[38;2;35;35;46m│[39m [38;2;255;107;53m│[39m [38;2;138;138;154msteps[39m        [38;2;232;232;240m0/1000[39m                  [38;2;255;107;53m│[39m [38;2;35;35;46m│[39m [38;2;255;107;53mmcp__auto-claude__update_subtask_status  [39m                     [38;2;35;35;46m│[39m [38;2;35;35;46m│[39m
[38;2;35;35;46m│[39m [38;2;255;107;53m│[39m [38;2;138;138;154msession[39m      [38;2;232;232;240m#1 · continuations 0/5[39m  [38;2;255;107;53m│[39m [38;2;35;35;46m│[39m [38;2;255;107;53mmcp__auto-claude__get_build_progress  [39m                        [38;2;35;35;46m│[39m [38;2;35;35;46m│[39m
[38;2;35;35;46m│[39m [38;2;255;107;53m│[39m [38;2;138;138;154melapsed[39m      [38;2;138;138;154m36s[39m                     [38;2;255;107;53m│[39m [38;2;35;35;46m│[39m [38;2;255;107;53mmcp__auto-claude__record_discovery  [39m                          [38;2;35;35;46m│[39m [38;2;35;35;46m│[39m
[38;2;35;35;46m│[39m [38;2;255;107;53m│[39m [38;2;138;138;154mlast[39m         [38;2;74;74;88mIteration 2 (coding)[39m    [38;2;255;107;53m│[39m [38;2;35;35;46m│[39m [38;2;255;107;53mmcp__auto-claude__record_gotcha  [39m                             [38;2;35;35;46m│[39m [38;2;35;35;46m│[39m
[38;2;35;35;46m│[39m [38;2;255;107;53m└──────────────────────────────────────┘[39m [38;2;35;35;46m│[39m [38;2;255;107;53mmcp__auto-claude__get_session_context[39m                         [38;2;35;35;46m│[39m [38;2;35;35;46m│[39m
[38;2;35;35;46m│[39m                                          [38;2;35;35;46m│[39m                                                               [38;2;35;35;46m│[39m [38;2;35;35;46m│[39m
[38;2;35;35;46m│[39m [38;2;35;35;46m┌──────────────────────────────────────┐[39m [38;2;35;35;46m│[39m [38;2;74;74;88mgrants resolved from AGENT_CONFIGS[coder][39m                     [38;2;35;35;46m│[39m [38;2;35;35;46m│[39m
[38;2;35;35;46m│[39m [38;2;35;35;46m│[39m [38;2;138;138;154mWAIT STATE[39m                           [38;2;35;35;46m│[39m [38;2;35;35;46m│[39m [38;2;74;74;88mwrites contained to allowedWritePaths[39m                         [38;2;35;35;46m│[39m [38;2;35;35;46m│[39m
[38;2;35;35;46m│[39m [38;2;35;35;46m│[39m [38;2;61;220;132m● executing — not blocked[39m            [38;2;35;35;46m│[39m [38;2;35;35;46m│[39m                                                               [38;2;35;35;46m│[39m [38;2;35;35;46m│[39m
[38;2;35;35;46m│[39m [38;2;35;35;46m└──────────────────────────────────────┘[39m [38;2;35;35;46m│[39m                                                               [38;2;35;35;46m│[39m [38;2;35;35;46m│[39m
[38;2;35;35;46m│[39m                                          [38;2;35;35;46m│[39m                                                               [38;2;35;35;46m│[39m [38;2;35;35;46m│[39m
[38;2;35;35;46m│[39m [38;2;35;35;46m┌──────────────────────────────────────┐[39m [38;2;35;35;46m│[39m                                                               [38;2;35;35;46m│[39m [38;2;35;35;46m│[39m
[38;2;35;35;46m│[39m [38;2;35;35;46m│[39m [38;2;138;138;154mTOKEN / CONTEXT[39m                      [38;2;35;35;46m│[39m [38;2;35;35;46m│[39m                                                               [38;2;35;35;46m│[39m [38;2;35;35;46m│[39m
[38;2;35;35;46m│[39m [38;2;35;35;46m│[39m [38;2;61;220;132m░░░░░░░░░░░░░░░░░░░░░░░░░░░░░░[39m       [38;2;35;35;46m│[39m [38;2;35;35;46m│[39m                                                               [38;2;35;35;46m│[39m [38;2;35;35;46m│[39m
[38;2;35;35;46m│[39m [38;2;35;35;46m│[39m [38;2;138;138;154m0 / 200.0k · 0%[39m                      [38;2;35;35;46m│[39m [38;2;35;35;46m│[39m                                                               [38;2;35;35;46m│[39m [38;2;35;35;46m│[39m
[38;2;35;35;46m│[39m [38;2;35;35;46m│[39m [38;2;74;74;88mwarn @70% · continuation @90% · hard [38;2;35;35;46m│[39m [38;2;35;35;46m│[39m                                                               [38;2;35;35;46m│[39m [38;2;35;35;46m│[39m
[38;2;35;35;46m│[39m [38;2;35;35;46m│[39m [38;2;74;74;88mabort @95%[39m                           [38;2;35;35;46m│[39m [38;2;35;35;46m│[39m                                                               [38;2;35;35;46m│[39m [38;2;35;35;46m│[39m
[38;2;35;35;46m│[39m [38;2;35;35;46m│[39m [38;2;138;138;154mprompt[39m       [38;2;232;232;240m0[39m                       [38;2;35;35;46m│[39m [38;2;35;35;46m│[39m                                                               [38;2;35;35;46m│[39m [38;2;35;35;46m│[39m
[38;2;35;35;46m│[39m [38;2;35;35;46m│[39m [38;2;138;138;154mcompletion[39m   [38;2;232;232;240m0[39m                       [38;2;35;35;46m│[39m [38;2;35;35;46m│[39m                                                               [38;2;35;35;46m│[39m [38;2;35;35;46m│[39m
[38;2;35;35;46m│[39m [38;2;35;35;46m│[39m [38;2;138;138;154mthinking[39m     [38;2;56;189;248m0[39m                       [38;2;35;35;46m│[39m [38;2;35;35;46m│[39m                                                               [38;2;35;35;46m│[39m [38;2;35;35;46m│[39m
[38;2;35;35;46m│[39m [38;2;35;35;46m│[39m [38;2;138;138;154mcache hit[39m    [38;2;61;220;132m░░░░░░░░░░ 0%[39m           [38;2;35;35;46m│[39m [38;2;35;35;46m│[39m                                                               [38;2;35;35;46m│[39m [38;2;35;35;46m│[39m
[38;2;35;35;46m│[39m [38;2;35;35;46m│[39m [38;2;138;138;154mtotal[39m        [38;2;255;107;53m0[39m                       [38;2;35;35;46m│[39m [38;2;35;35;46m│[39m                                                               [38;2;35;35;46m│[39m [38;2;35;35;46m│[39m
[38;2;35;35;46m│[39m [38;2;35;35;46m└──────────────────────────────────────┘[39m [38;2;35;35;46m└───────────────────────────────────────────────────────────────┘[39m [38;2;35;35;46m│[39m
[38;2;35;35;46m│[1m[48;2;255;107;53m[38;2;5;5;7m AGENTS [39m[49m[22m [38;2;138;138;154m1-6 sub-view · j/k select · ⏎ inspect · f filter · r resume[39m                           [38;2;255;107;53m:[38;2;74;74;88m cmd  [38;2;255;107;53m?[38;2;74;74;88m help[38;2;35;35;46m│[39m
[38;2;35;35;46m└────────────────────────────────────────────────────────────────────────────────────────────────────────────┘[39m[2J[3J[H[38;2;35;35;46m┌────────────────────────────────────────────────────────────────────────────────────────────────────────────┐[39m
[38;2;35;35;46m│[1m[38;2;255;107;53mAPERANT[39m[22m [38;2;74;74;88m│[39m [38;2;138;138;154maperant-fixture[39m [38;2;74;74;88m/tmp/aperant-fixture[39m [38;2;74;74;88m│[39m [38;2;56;189;248m⑂ develop[39m             [38;2;255;107;53m◉[38;2;138;138;154m 1 running[39m  [38;2;255;176;0m◆[38;2;138;138;154m 0 review[39m  [38;2;61;220;132m●[38;2;138;138;154m no profile[38;2;35;35;46m│[39m
[38;2;35;35;46m│[39m [38;2;138;138;154m 1 board [39m  [38;2;138;138;154m 2 term [39m  [38;2;138;138;154m 3 road [39m  [38;2;138;138;154m 4 chat [39m  [38;2;138;138;154m 5 tree [39m  [38;2;138;138;154m 6 set [39m  [1m[48;2;255;107;53m[38;2;5;5;7m 7 agents [39m[49m[22m                                     [38;2;35;35;46m│[39m
[38;2;35;35;46m│[39m [38;2;138;138;154m 1 swarm [39m [38;2;138;138;154m 2 graph [39m [1m[48;2;255;107;53m[38;2;5;5;7m 3 inspect [39m[49m[22m [38;2;138;138;154m 4 trace [39m [38;2;138;138;154m 5 tokens [39m [38;2;138;138;154m 6 waits [39m [38;2;74;74;88m1 agent · esc then 1-7 to switch tabs[39m       [38;2;35;35;46m│[39m
[38;2;35;35;46m│[39m                                                                                                            [38;2;35;35;46m│[39m
[38;2;35;35;46m│[39m [38;2;255;107;53m┌──────────────────────────────────────┐[39m [38;2;35;35;46m┌───────────────────────────────────────────────────────────────┐[39m [38;2;35;35;46m│[39m
[38;2;35;35;46m│[39m [38;2;255;107;53m│[39m [1m[38;2;255;107;53mAGENT · 002-fix-terminal-bla[39m[22m         [38;2;255;107;53m│[39m [38;2;35;35;46m│[39m [38;2;138;138;154mTOOL GRANTS (from AGENT_CONFIGS)[39m                              [38;2;35;35;46m│[39m [38;2;35;35;46m│[39m
[38;2;35;35;46m│[39m [38;2;255;107;53m│[39m [38;2;138;138;154mtype[39m         [38;2;255;107;53mcoder[39m                   [38;2;255;107;53m│[39m [38;2;35;35;46m│[39m [38;2;74;74;88mBUILTIN[39m                                                       [38;2;35;35;46m│[39m [38;2;35;35;46m│[39m
[38;2;35;35;46m│[39m [38;2;255;107;53m│[39m [38;2;138;138;154mstate[39m        [38;2;255;107;53mRUNNING[39m                 [38;2;255;107;53m│[39m [38;2;35;35;46m│[39m [38;2;56;189;248mRead  Glob  Grep  Write  Edit  Bash  WebFetch  WebSearch[39m      [38;2;35;35;46m│[39m [38;2;35;35;46m│[39m
[38;2;35;35;46m│[39m [38;2;255;107;53m│[39m [38;2;138;138;154mphase[39m        [38;2;232;232;240mcoding [38;2;255;107;53m▪ structured[39m     [38;2;255;107;53m│[39m [38;2;35;35;46m│[39m [38;2;74;74;88mMCP SERVERS[39m                                                   [38;2;35;35;46m│[39m [38;2;35;35;46m│[39m
[38;2;35;35;46m│[39m [38;2;255;107;53m│[39m [38;2;138;138;154mmodel[39m     [38;2;232;232;240mkimi/kimi-for-coding · [39m    [38;2;255;107;53m│[39m [38;2;35;35;46m│[39m [38;2;255;62;138mcontext7  memory  auto-claude[39m                                 [38;2;35;35;46m│[39m [38;2;35;35;46m│[39m
[38;2;35;35;46m│[39m [38;2;255;107;53m│[39m           [38;2;232;232;240mthinking:low[39m               [38;2;255;107;53m│[39m [38;2;35;35;46m│[39m [38;2;74;74;88mAUTO-CLAUDE MCP[39m                                               [38;2;35;35;46m│[39m [38;2;35;35;46m│[39m
[38;2;35;35;46m│[39m [38;2;255;107;53m│[39m [38;2;138;138;154msteps[39m        [38;2;232;232;240m0/1000[39m                  [38;2;255;107;53m│[39m [38;2;35;35;46m│[39m [38;2;255;107;53mmcp__auto-claude__update_subtask_status  [39m                     [38;2;35;35;46m│[39m [38;2;35;35;46m│[39m
[38;2;35;35;46m│[39m [38;2;255;107;53m│[39m [38;2;138;138;154msession[39m      [38;2;232;232;240m#1 · continuations 0/5[39m  [38;2;255;107;53m│[39m [38;2;35;35;46m│[39m [38;2;255;107;53mmcp__auto-claude__get_build_progress  [39m                        [38;2;35;35;46m│[39m [38;2;35;35;46m│[39m
[38;2;35;35;46m│[39m [38;2;255;107;53m│[39m [38;2;138;138;154melapsed[39m      [38;2;138;138;154m37s[39m                     [38;2;255;107;53m│[39m [38;2;35;35;46m│[39m [38;2;255;107;53mmcp__auto-claude__record_discovery  [39m                          [38;2;35;35;46m│[39m [38;2;35;35;46m│[39m
[38;2;35;35;46m│[39m [38;2;255;107;53m│[39m [38;2;138;138;154mlast[39m         [38;2;74;74;88mIteration 2 (coding)[39m    [38;2;255;107;53m│[39m [38;2;35;35;46m│[39m [38;2;255;107;53mmcp__auto-claude__record_gotcha  [39m                             [38;2;35;35;46m│[39m [38;2;35;35;46m│[39m
[38;2;35;35;46m│[39m [38;2;255;107;53m└──────────────────────────────────────┘[39m [38;2;35;35;46m│[39m [38;2;255;107;53mmcp__auto-claude__get_session_context[39m                         [38;2;35;35;46m│[39m [38;2;35;35;46m│[39m
[38;2;35;35;46m│[39m                                          [38;2;35;35;46m│[39m                                                               [38;2;35;35;46m│[39m [38;2;35;35;46m│[39m
[38;2;35;35;46m│[39m [38;2;35;35;46m┌──────────────────────────────────────┐[39m [38;2;35;35;46m│[39m [38;2;74;74;88mgrants resolved from AGENT_CONFIGS[coder][39m                     [38;2;35;35;46m│[39m [38;2;35;35;46m│[39m
[38;2;35;35;46m│[39m [38;2;35;35;46m│[39m [38;2;138;138;154mWAIT STATE[39m                           [38;2;35;35;46m│[39m [38;2;35;35;46m│[39m [38;2;74;74;88mwrites contained to allowedWritePaths[39m                         [38;2;35;35;46m│[39m [38;2;35;35;46m│[39m
[38;2;35;35;46m│[39m [38;2;35;35;46m│[39m [38;2;61;220;132m● executing — not blocked[39m            [38;2;35;35;46m│[39m [38;2;35;35;46m│[39m                                                               [38;2;35;35;46m│[39m [38;2;35;35;46m│[39m
[38;2;35;35;46m│[39m [38;2;35;35;46m└──────────────────────────────────────┘[39m [38;2;35;35;46m│[39m                                                               [38;2;35;35;46m│[39m [38;2;35;35;46m│[39m
[38;2;35;35;46m│[39m                                          [38;2;35;35;46m│[39m                                                               [38;2;35;35;46m│[39m [38;2;35;35;46m│[39m
[38;2;35;35;46m│[39m [38;2;35;35;46m┌──────────────────────────────────────┐[39m [38;2;35;35;46m│[39m                                                               [38;2;35;35;46m│[39m [38;2;35;35;46m│[39m
[38;2;35;35;46m│[39m [38;2;35;35;46m│[39m [38;2;138;138;154mTOKEN / CONTEXT[39m                      [38;2;35;35;46m│[39m [38;2;35;35;46m│[39m                                                               [38;2;35;35;46m│[39m [38;2;35;35;46m│[39m
[38;2;35;35;46m│[39m [38;2;35;35;46m│[39m [38;2;61;220;132m░░░░░░░░░░░░░░░░░░░░░░░░░░░░░░[39m       [38;2;35;35;46m│[39m [38;2;35;35;46m│[39m                                                               [38;2;35;35;46m│[39m [38;2;35;35;46m│[39m
[38;2;35;35;46m│[39m [38;2;35;35;46m│[39m [38;2;138;138;154m0 / 200.0k · 0%[39m                      [38;2;35;35;46m│[39m [38;2;35;35;46m│[39m                                                               [38;2;35;35;46m│[39m [38;2;35;35;46m│[39m
[38;2;35;35;46m│[39m [38;2;35;35;46m│[39m [38;2;74;74;88mwarn @70% · continuation @90% · hard [38;2;35;35;46m│[39m [38;2;35;35;46m│[39m                                                               [38;2;35;35;46m│[39m [38;2;35;35;46m│[39m
[38;2;35;35;46m│[39m [38;2;35;35;46m│[39m [38;2;74;74;88mabort @95%[39m                           [38;2;35;35;46m│[39m [38;2;35;35;46m│[39m                                                               [38;2;35;35;46m│[39m [38;2;35;35;46m│[39m
[38;2;35;35;46m│[39m [38;2;35;35;46m│[39m [38;2;138;138;154mprompt[39m       [38;2;232;232;240m0[39m                       [38;2;35;35;46m│[39m [38;2;35;35;46m│[39m                                                               [38;2;35;35;46m│[39m [38;2;35;35;46m│[39m
[38;2;35;35;46m│[39m [38;2;35;35;46m│[39m [38;2;138;138;154mcompletion[39m   [38;2;232;232;240m0[39m                       [38;2;35;35;46m│[39m [38;2;35;35;46m│[39m                                                               [38;2;35;35;46m│[39m [38;2;35;35;46m│[39m
[38;2;35;35;46m│[39m [38;2;35;35;46m│[39m [38;2;138;138;154mthinking[39m     [38;2;56;189;248m0[39m                       [38;2;35;35;46m│[39m [38;2;35;35;46m│[39m                                                               [38;2;35;35;46m│[39m [38;2;35;35;46m│[39m
[38;2;35;35;46m│[39m [38;2;35;35;46m│[39m [38;2;138;138;154mcache hit[39m    [38;2;61;220;132m░░░░░░░░░░ 0%[39m           [38;2;35;35;46m│[39m [38;2;35;35;46m│[39m                                                               [38;2;35;35;46m│[39m [38;2;35;35;46m│[39m
[38;2;35;35;46m│[39m [38;2;35;35;46m│[39m [38;2;138;138;154mtotal[39m        [38;2;255;107;53m0[39m                       [38;2;35;35;46m│[39m [38;2;35;35;46m│[39m                                                               [38;2;35;35;46m│[39m [38;2;35;35;46m│[39m
[38;2;35;35;46m│[39m [38;2;35;35;46m└──────────────────────────────────────┘[39m [38;2;35;35;46m└───────────────────────────────────────────────────────────────┘[39m [38;2;35;35;46m│[39m
[38;2;35;35;46m│[1m[48;2;255;107;53m[38;2;5;5;7m AGENTS [39m[49m[22m [38;2;138;138;154m1-6 sub-view · j/k select · ⏎ inspect · f filter · r resume[39m                           [38;2;255;107;53m:[38;2;74;74;88m cmd  [38;2;255;107;53m?[38;2;74;74;88m help[38;2;35;35;46m│[39m
[38;2;35;35;46m└────────────────────────────────────────────────────────────────────────────────────────────────────────────┘[39m[2J[3J[H[38;2;35;35;46m┌────────────────────────────────────────────────────────────────────────────────────────────────────────────┐[39m
[38;2;35;35;46m│[1m[38;2;255;107;53mAPERANT[39m[22m [38;2;74;74;88m│[39m [38;2;138;138;154maperant-fixture[39m [38;2;74;74;88m/tmp/aperant-fixture[39m [38;2;74;74;88m│[39m [38;2;56;189;248m⑂ develop[39m             [38;2;255;107;53m◉[38;2;138;138;154m 1 running[39m  [38;2;255;176;0m◆[38;2;138;138;154m 0 review[39m  [38;2;61;220;132m●[38;2;138;138;154m no profile[38;2;35;35;46m│[39m
[38;2;35;35;46m│[39m [38;2;138;138;154m 1 board [39m  [38;2;138;138;154m 2 term [39m  [38;2;138;138;154m 3 road [39m  [38;2;138;138;154m 4 chat [39m  [38;2;138;138;154m 5 tree [39m  [38;2;138;138;154m 6 set [39m  [1m[48;2;255;107;53m[38;2;5;5;7m 7 agents [39m[49m[22m                                     [38;2;35;35;46m│[39m
[38;2;35;35;46m│[39m [38;2;138;138;154m 1 swarm [39m [38;2;138;138;154m 2 graph [39m [1m[48;2;255;107;53m[38;2;5;5;7m 3 inspect [39m[49m[22m [38;2;138;138;154m 4 trace [39m [38;2;138;138;154m 5 tokens [39m [38;2;138;138;154m 6 waits [39m [38;2;74;74;88m1 agent · esc then 1-7 to switch tabs[39m       [38;2;35;35;46m│[39m
[38;2;35;35;46m│[39m                                                                                                            [38;2;35;35;46m│[39m
[38;2;35;35;46m│[39m [38;2;255;107;53m┌──────────────────────────────────────┐[39m [38;2;35;35;46m┌───────────────────────────────────────────────────────────────┐[39m [38;2;35;35;46m│[39m
[38;2;35;35;46m│[39m [38;2;255;107;53m│[39m [1m[38;2;255;107;53mAGENT · 002-fix-terminal-bla[39m[22m         [38;2;255;107;53m│[39m [38;2;35;35;46m│[39m [38;2;138;138;154mTOOL GRANTS (from AGENT_CONFIGS)[39m                              [38;2;35;35;46m│[39m [38;2;35;35;46m│[39m
[38;2;35;35;46m│[39m [38;2;255;107;53m│[39m [38;2;138;138;154mtype[39m         [38;2;255;107;53mcoder[39m                   [38;2;255;107;53m│[39m [38;2;35;35;46m│[39m [38;2;74;74;88mBUILTIN[39m                                                       [38;2;35;35;46m│[39m [38;2;35;35;46m│[39m
[38;2;35;35;46m│[39m [38;2;255;107;53m│[39m [38;2;138;138;154mstate[39m        [38;2;255;107;53mRUNNING[39m                 [38;2;255;107;53m│[39m [38;2;35;35;46m│[39m [38;2;56;189;248mRead  Glob  Grep  Write  Edit  Bash  WebFetch  WebSearch[39m      [38;2;35;35;46m│[39m [38;2;35;35;46m│[39m
[38;2;35;35;46m│[39m [38;2;255;107;53m│[39m [38;2;138;138;154mphase[39m        [38;2;232;232;240mcoding [38;2;255;107;53m▪ structured[39m     [38;2;255;107;53m│[39m [38;2;35;35;46m│[39m [38;2;74;74;88mMCP SERVERS[39m                                                   [38;2;35;35;46m│[39m [38;2;35;35;46m│[39m
[38;2;35;35;46m│[39m [38;2;255;107;53m│[39m [38;2;138;138;154mmodel[39m     [38;2;232;232;240mkimi/kimi-for-coding · [39m    [38;2;255;107;53m│[39m [38;2;35;35;46m│[39m [38;2;255;62;138mcontext7  memory  auto-claude[39m                                 [38;2;35;35;46m│[39m [38;2;35;35;46m│[39m
[38;2;35;35;46m│[39m [38;2;255;107;53m│[39m           [38;2;232;232;240mthinking:low[39m               [38;2;255;107;53m│[39m [38;2;35;35;46m│[39m [38;2;74;74;88mAUTO-CLAUDE MCP[39m                                               [38;2;35;35;46m│[39m [38;2;35;35;46m│[39m
[38;2;35;35;46m│[39m [38;2;255;107;53m│[39m [38;2;138;138;154msteps[39m        [38;2;232;232;240m0/1000[39m                  [38;2;255;107;53m│[39m [38;2;35;35;46m│[39m [38;2;255;107;53mmcp__auto-claude__update_subtask_status  [39m                     [38;2;35;35;46m│[39m [38;2;35;35;46m│[39m
[38;2;35;35;46m│[39m [38;2;255;107;53m│[39m [38;2;138;138;154msession[39m      [38;2;232;232;240m#1 · continuations 0/5[39m  [38;2;255;107;53m│[39m [38;2;35;35;46m│[39m [38;2;255;107;53mmcp__auto-claude__get_build_progress  [39m                        [38;2;35;35;46m│[39m [38;2;35;35;46m│[39m
[38;2;35;35;46m│[39m [38;2;255;107;53m│[39m [38;2;138;138;154melapsed[39m      [38;2;138;138;154m38s[39m                     [38;2;255;107;53m│[39m [38;2;35;35;46m│[39m [38;2;255;107;53mmcp__auto-claude__record_discovery  [39m                          [38;2;35;35;46m│[39m [38;2;35;35;46m│[39m
[38;2;35;35;46m│[39m [38;2;255;107;53m│[39m [38;2;138;138;154mlast[39m         [38;2;74;74;88mIteration 2 (coding)[39m    [38;2;255;107;53m│[39m [38;2;35;35;46m│[39m [38;2;255;107;53mmcp__auto-claude__record_gotcha  [39m                             [38;2;35;35;46m│[39m [38;2;35;35;46m│[39m
[38;2;35;35;46m│[39m [38;2;255;107;53m└──────────────────────────────────────┘[39m [38;2;35;35;46m│[39m [38;2;255;107;53mmcp__auto-claude__get_session_context[39m                         [38;2;35;35;46m│[39m [38;2;35;35;46m│[39m
[38;2;35;35;46m│[39m                                          [38;2;35;35;46m│[39m                                                               [38;2;35;35;46m│[39m [38;2;35;35;46m│[39m
[38;2;35;35;46m│[39m [38;2;35;35;46m┌──────────────────────────────────────┐[39m [38;2;35;35;46m│[39m [38;2;74;74;88mgrants resolved from AGENT_CONFIGS[coder][39m                     [38;2;35;35;46m│[39m [38;2;35;35;46m│[39m
[38;2;35;35;46m│[39m [38;2;35;35;46m│[39m [38;2;138;138;154mWAIT STATE[39m                           [38;2;35;35;46m│[39m [38;2;35;35;46m│[39m [38;2;74;74;88mwrites contained to allowedWritePaths[39m                         [38;2;35;35;46m│[39m [38;2;35;35;46m│[39m
[38;2;35;35;46m│[39m [38;2;35;35;46m│[39m [38;2;61;220;132m● executing — not blocked[39m            [38;2;35;35;46m│[39m [38;2;35;35;46m│[39m                                                               [38;2;35;35;46m│[39m [38;2;35;35;46m│[39m
[38;2;35;35;46m│[39m [38;2;35;35;46m└──────────────────────────────────────┘[39m [38;2;35;35;46m│[39m                                                               [38;2;35;35;46m│[39m [38;2;35;35;46m│[39m
[38;2;35;35;46m│[39m                                          [38;2;35;35;46m│[39m                                                               [38;2;35;35;46m│[39m [38;2;35;35;46m│[39m
[38;2;35;35;46m│[39m [38;2;35;35;46m┌──────────────────────────────────────┐[39m [38;2;35;35;46m│[39m                                                               [38;2;35;35;46m│[39m [38;2;35;35;46m│[39m
[38;2;35;35;46m│[39m [38;2;35;35;46m│[39m [38;2;138;138;154mTOKEN / CONTEXT[39m                      [38;2;35;35;46m│[39m [38;2;35;35;46m│[39m                                                               [38;2;35;35;46m│[39m [38;2;35;35;46m│[39m
[38;2;35;35;46m│[39m [38;2;35;35;46m│[39m [38;2;61;220;132m░░░░░░░░░░░░░░░░░░░░░░░░░░░░░░[39m       [38;2;35;35;46m│[39m [38;2;35;35;46m│[39m                                                               [38;2;35;35;46m│[39m [38;2;35;35;46m│[39m
[38;2;35;35;46m│[39m [38;2;35;35;46m│[39m [38;2;138;138;154m0 / 200.0k · 0%[39m                      [38;2;35;35;46m│[39m [38;2;35;35;46m│[39m                                                               [38;2;35;35;46m│[39m [38;2;35;35;46m│[39m
[38;2;35;35;46m│[39m [38;2;35;35;46m│[39m [38;2;74;74;88mwarn @70% · continuation @90% · hard [38;2;35;35;46m│[39m [38;2;35;35;46m│[39m                                                               [38;2;35;35;46m│[39m [38;2;35;35;46m│[39m
[38;2;35;35;46m│[39m [38;2;35;35;46m│[39m [38;2;74;74;88mabort @95%[39m                           [38;2;35;35;46m│[39m [38;2;35;35;46m│[39m                                                               [38;2;35;35;46m│[39m [38;2;35;35;46m│[39m
[38;2;35;35;46m│[39m [38;2;35;35;46m│[39m [38;2;138;138;154mprompt[39m       [38;2;232;232;240m0[39m                       [38;2;35;35;46m│[39m [38;2;35;35;46m│[39m                                                               [38;2;35;35;46m│[39m [38;2;35;35;46m│[39m
[38;2;35;35;46m│[39m [38;2;35;35;46m│[39m [38;2;138;138;154mcompletion[39m   [38;2;232;232;240m0[39m                       [38;2;35;35;46m│[39m [38;2;35;35;46m│[39m                                                               [38;2;35;35;46m│[39m [38;2;35;35;46m│[39m
[38;2;35;35;46m│[39m [38;2;35;35;46m│[39m [38;2;138;138;154mthinking[39m     [38;2;56;189;248m0[39m                       [38;2;35;35;46m│[39m [38;2;35;35;46m│[39m                                                               [38;2;35;35;46m│[39m [38;2;35;35;46m│[39m
[38;2;35;35;46m│[39m [38;2;35;35;46m│[39m [38;2;138;138;154mcache hit[39m    [38;2;61;220;132m░░░░░░░░░░ 0%[39m           [38;2;35;35;46m│[39m [38;2;35;35;46m│[39m                                                               [38;2;35;35;46m│[39m [38;2;35;35;46m│[39m
[38;2;35;35;46m│[39m [38;2;35;35;46m│[39m [38;2;138;138;154mtotal[39m        [38;2;255;107;53m0[39m                       [38;2;35;35;46m│[39m [38;2;35;35;46m│[39m                                                               [38;2;35;35;46m│[39m [38;2;35;35;46m│[39m
[38;2;35;35;46m│[39m [38;2;35;35;46m└──────────────────────────────────────┘[39m [38;2;35;35;46m└───────────────────────────────────────────────────────────────┘[39m [38;2;35;35;46m│[39m
[38;2;35;35;46m│[1m[48;2;255;107;53m[38;2;5;5;7m AGENTS [39m[49m[22m [38;2;138;138;154m1-6 sub-view · j/k select · ⏎ inspect · f filter · r resume[39m                           [38;2;255;107;53m:[38;2;74;74;88m cmd  [38;2;255;107;53m?[38;2;74;74;88m help[38;2;35;35;46m│[39m
[38;2;35;35;46m└────────────────────────────────────────────────────────────────────────────────────────────────────────────┘[39m[2J[3J[H[38;2;35;35;46m┌────────────────────────────────────────────────────────────────────────────────────────────────────────────┐[39m
[38;2;35;35;46m│[1m[38;2;255;107;53mAPERANT[39m[22m [38;2;74;74;88m│[39m [38;2;138;138;154maperant-fixture[39m [38;2;74;74;88m/tmp/aperant-fixture[39m [38;2;74;74;88m│[39m [38;2;56;189;248m⑂ develop[39m             [38;2;255;107;53m◉[38;2;138;138;154m 1 running[39m  [38;2;255;176;0m◆[38;2;138;138;154m 0 review[39m  [38;2;61;220;132m●[38;2;138;138;154m no profile[38;2;35;35;46m│[39m
[38;2;35;35;46m│[39m [38;2;138;138;154m 1 board [39m  [38;2;138;138;154m 2 term [39m  [38;2;138;138;154m 3 road [39m  [38;2;138;138;154m 4 chat [39m  [38;2;138;138;154m 5 tree [39m  [38;2;138;138;154m 6 set [39m  [1m[48;2;255;107;53m[38;2;5;5;7m 7 agents [39m[49m[22m                                     [38;2;35;35;46m│[39m
[38;2;35;35;46m│[39m [38;2;138;138;154m 1 swarm [39m [38;2;138;138;154m 2 graph [39m [1m[48;2;255;107;53m[38;2;5;5;7m 3 inspect [39m[49m[22m [38;2;138;138;154m 4 trace [39m [38;2;138;138;154m 5 tokens [39m [38;2;138;138;154m 6 waits [39m [38;2;74;74;88m1 agent · esc then 1-7 to switch tabs[39m       [38;2;35;35;46m│[39m
[38;2;35;35;46m│[39m                                                                                                            [38;2;35;35;46m│[39m
[38;2;35;35;46m│[39m [38;2;255;107;53m┌──────────────────────────────────────┐[39m [38;2;35;35;46m┌───────────────────────────────────────────────────────────────┐[39m [38;2;35;35;46m│[39m
[38;2;35;35;46m│[39m [38;2;255;107;53m│[39m [1m[38;2;255;107;53mAGENT · 002-fix-terminal-bla[39m[22m         [38;2;255;107;53m│[39m [38;2;35;35;46m│[39m [38;2;138;138;154mTOOL GRANTS (from AGENT_CONFIGS)[39m                              [38;2;35;35;46m│[39m [38;2;35;35;46m│[39m
[38;2;35;35;46m│[39m [38;2;255;107;53m│[39m [38;2;138;138;154mtype[39m         [38;2;255;107;53mcoder[39m                   [38;2;255;107;53m│[39m [38;2;35;35;46m│[39m [38;2;74;74;88mBUILTIN[39m                                                       [38;2;35;35;46m│[39m [38;2;35;35;46m│[39m
[38;2;35;35;46m│[39m [38;2;255;107;53m│[39m [38;2;138;138;154mstate[39m        [38;2;255;107;53mRUNNING[39m                 [38;2;255;107;53m│[39m [38;2;35;35;46m│[39m [38;2;56;189;248mRead  Glob  Grep  Write  Edit  Bash  WebFetch  WebSearch[39m      [38;2;35;35;46m│[39m [38;2;35;35;46m│[39m
[38;2;35;35;46m│[39m [38;2;255;107;53m│[39m [38;2;138;138;154mphase[39m        [38;2;232;232;240mcoding [38;2;255;107;53m▪ structured[39m     [38;2;255;107;53m│[39m [38;2;35;35;46m│[39m [38;2;74;74;88mMCP SERVERS[39m                                                   [38;2;35;35;46m│[39m [38;2;35;35;46m│[39m
[38;2;35;35;46m│[39m [38;2;255;107;53m│[39m [38;2;138;138;154mmodel[39m     [38;2;232;232;240mkimi/kimi-for-coding · [39m    [38;2;255;107;53m│[39m [38;2;35;35;46m│[39m [38;2;255;62;138mcontext7  memory  auto-claude[39m                                 [38;2;35;35;46m│[39m [38;2;35;35;46m│[39m
[38;2;35;35;46m│[39m [38;2;255;107;53m│[39m           [38;2;232;232;240mthinking:low[39m               [38;2;255;107;53m│[39m [38;2;35;35;46m│[39m [38;2;74;74;88mAUTO-CLAUDE MCP[39m                                               [38;2;35;35;46m│[39m [38;2;35;35;46m│[39m
[38;2;35;35;46m│[39m [38;2;255;107;53m│[39m [38;2;138;138;154msteps[39m        [38;2;232;232;240m0/1000[39m                  [38;2;255;107;53m│[39m [38;2;35;35;46m│[39m [38;2;255;107;53mmcp__auto-claude__update_subtask_status  [39m                     [38;2;35;35;46m│[39m [38;2;35;35;46m│[39m
[38;2;35;35;46m│[39m [38;2;255;107;53m│[39m [38;2;138;138;154msession[39m      [38;2;232;232;240m#1 · continuations 0/5[39m  [38;2;255;107;53m│[39m [38;2;35;35;46m│[39m [38;2;255;107;53mmcp__auto-claude__get_build_progress  [39m                        [38;2;35;35;46m│[39m [38;2;35;35;46m│[39m
[38;2;35;35;46m│[39m [38;2;255;107;53m│[39m [38;2;138;138;154melapsed[39m      [38;2;138;138;154m38s[39m                     [38;2;255;107;53m│[39m [38;2;35;35;46m│[39m [38;2;255;107;53mmcp__auto-claude__record_discovery  [39m                          [38;2;35;35;46m│[39m [38;2;35;35;46m│[39m
[38;2;35;35;46m│[39m [38;2;255;107;53m│[39m [38;2;138;138;154mlast[39m         [38;2;74;74;88mIteration 2 (coding)[39m    [38;2;255;107;53m│[39m [38;2;35;35;46m│[39m [38;2;255;107;53mmcp__auto-claude__record_gotcha  [39m                             [38;2;35;35;46m│[39m [38;2;35;35;46m│[39m
[38;2;35;35;46m│[39m [38;2;255;107;53m└──────────────────────────────────────┘[39m [38;2;35;35;46m│[39m [38;2;255;107;53mmcp__auto-claude__get_session_context[39m                         [38;2;35;35;46m│[39m [38;2;35;35;46m│[39m
[38;2;35;35;46m│[39m                                          [38;2;35;35;46m│[39m                                                               [38;2;35;35;46m│[39m [38;2;35;35;46m│[39m
[38;2;35;35;46m│[39m [38;2;35;35;46m┌──────────────────────────────────────┐[39m [38;2;35;35;46m│[39m [38;2;74;74;88mgrants resolved from AGENT_CONFIGS[coder][39m                     [38;2;35;35;46m│[39m [38;2;35;35;46m│[39m
[38;2;35;35;46m│[39m [38;2;35;35;46m│[39m [38;2;138;138;154mWAIT STATE[39m                           [38;2;35;35;46m│[39m [38;2;35;35;46m│[39m [38;2;74;74;88mwrites contained to allowedWritePaths[39m                         [38;2;35;35;46m│[39m [38;2;35;35;46m│[39m
[38;2;35;35;46m│[39m [38;2;35;35;46m│[39m [38;2;61;220;132m● executing — not blocked[39m            [38;2;35;35;46m│[39m [38;2;35;35;46m│[39m                                                               [38;2;35;35;46m│[39m [38;2;35;35;46m│[39m
[38;2;35;35;46m│[39m [38;2;35;35;46m└──────────────────────────────────────┘[39m [38;2;35;35;46m│[39m                                                               [38;2;35;35;46m│[39m [38;2;35;35;46m│[39m
[38;2;35;35;46m│[39m                                          [38;2;35;35;46m│[39m                                                               [38;2;35;35;46m│[39m [38;2;35;35;46m│[39m
[38;2;35;35;46m│[39m [38;2;35;35;46m┌──────────────────────────────────────┐[39m [38;2;35;35;46m│[39m                                                               [38;2;35;35;46m│[39m [38;2;35;35;46m│[39m
[38;2;35;35;46m│[39m [38;2;35;35;46m│[39m [38;2;138;138;154mTOKEN / CONTEXT[39m                      [38;2;35;35;46m│[39m [38;2;35;35;46m│[39m                                                               [38;2;35;35;46m│[39m [38;2;35;35;46m│[39m
[38;2;35;35;46m│[39m [38;2;35;35;46m│[39m [38;2;61;220;132m░░░░░░░░░░░░░░░░░░░░░░░░░░░░░░[39m       [38;2;35;35;46m│[39m [38;2;35;35;46m│[39m                                                               [38;2;35;35;46m│[39m [38;2;35;35;46m│[39m
[38;2;35;35;46m│[39m [38;2;35;35;46m│[39m [38;2;138;138;154m0 / 200.0k · 0%[39m                      [38;2;35;35;46m│[39m [38;2;35;35;46m│[39m                                                               [38;2;35;35;46m│[39m [38;2;35;35;46m│[39m
[38;2;35;35;46m│[39m [38;2;35;35;46m│[39m [38;2;74;74;88mwarn @70% · continuation @90% · hard [38;2;35;35;46m│[39m [38;2;35;35;46m│[39m                                                               [38;2;35;35;46m│[39m [38;2;35;35;46m│[39m
[38;2;35;35;46m│[39m [38;2;35;35;46m│[39m [38;2;74;74;88mabort @95%[39m                           [38;2;35;35;46m│[39m [38;2;35;35;46m│[39m                                                               [38;2;35;35;46m│[39m [38;2;35;35;46m│[39m
[38;2;35;35;46m│[39m [38;2;35;35;46m│[39m [38;2;138;138;154mprompt[39m       [38;2;232;232;240m0[39m                       [38;2;35;35;46m│[39m [38;2;35;35;46m│[39m                                                               [38;2;35;35;46m│[39m [38;2;35;35;46m│[39m
[38;2;35;35;46m│[39m [38;2;35;35;46m│[39m [38;2;138;138;154mcompletion[39m   [38;2;232;232;240m0[39m                       [38;2;35;35;46m│[39m [38;2;35;35;46m│[39m                                                               [38;2;35;35;46m│[39m [38;2;35;35;46m│[39m
[38;2;35;35;46m│[39m [38;2;35;35;46m│[39m [38;2;138;138;154mthinking[39m     [38;2;56;189;248m0[39m                       [38;2;35;35;46m│[39m [38;2;35;35;46m│[39m                                                               [38;2;35;35;46m│[39m [38;2;35;35;46m│[39m
[38;2;35;35;46m│[39m [38;2;35;35;46m│[39m [38;2;138;138;154mcache hit[39m    [38;2;61;220;132m░░░░░░░░░░ 0%[39m           [38;2;35;35;46m│[39m [38;2;35;35;46m│[39m                                                               [38;2;35;35;46m│[39m [38;2;35;35;46m│[39m
[38;2;35;35;46m│[39m [38;2;35;35;46m│[39m [38;2;138;138;154mtotal[39m        [38;2;255;107;53m0[39m                       [38;2;35;35;46m│[39m [38;2;35;35;46m│[39m                                                               [38;2;35;35;46m│[39m [38;2;35;35;46m│[39m
[38;2;35;35;46m│[39m [38;2;35;35;46m└──────────────────────────────────────┘[39m [38;2;35;35;46m└───────────────────────────────────────────────────────────────┘[39m [38;2;35;35;46m│[39m
[38;2;35;35;46m│[1m[48;2;255;107;53m[38;2;5;5;7m AGENTS [39m[49m[22m [38;2;138;138;154m1-6 sub-view · j/k select · ⏎ inspect · f filter · r resume[39m                           [38;2;255;107;53m:[38;2;74;74;88m cmd  [38;2;255;107;53m?[38;2;74;74;88m help[38;2;35;35;46m│[39m
[38;2;35;35;46m└────────────────────────────────────────────────────────────────────────────────────────────────────────────┘[39m[2J[3J[H[38;2;35;35;46m┌────────────────────────────────────────────────────────────────────────────────────────────────────────────┐[39m
[38;2;35;35;46m│[1m[38;2;255;107;53mAPERANT[39m[22m [38;2;74;74;88m│[39m [38;2;138;138;154maperant-fixture[39m [38;2;74;74;88m/tmp/aperant-fixture[39m [38;2;74;74;88m│[39m [38;2;56;189;248m⑂ develop[39m             [38;2;255;107;53m◉[38;2;138;138;154m 1 running[39m  [38;2;255;176;0m◆[38;2;138;138;154m 0 review[39m  [38;2;61;220;132m●[38;2;138;138;154m no profile[38;2;35;35;46m│[39m
[38;2;35;35;46m│[39m [38;2;138;138;154m 1 board [39m  [38;2;138;138;154m 2 term [39m  [38;2;138;138;154m 3 road [39m  [38;2;138;138;154m 4 chat [39m  [38;2;138;138;154m 5 tree [39m  [38;2;138;138;154m 6 set [39m  [1m[48;2;255;107;53m[38;2;5;5;7m 7 agents [39m[49m[22m                                     [38;2;35;35;46m│[39m
[38;2;35;35;46m│[39m [38;2;138;138;154m 1 swarm [39m [38;2;138;138;154m 2 graph [39m [1m[48;2;255;107;53m[38;2;5;5;7m 3 inspect [39m[49m[22m [38;2;138;138;154m 4 trace [39m [38;2;138;138;154m 5 tokens [39m [38;2;138;138;154m 6 waits [39m [38;2;74;74;88m1 agent · esc then 1-7 to switch tabs[39m       [38;2;35;35;46m│[39m
[38;2;35;35;46m│[39m                                                                                                            [38;2;35;35;46m│[39m
[38;2;35;35;46m│[39m [38;2;255;107;53m┌──────────────────────────────────────┐[39m [38;2;35;35;46m┌───────────────────────────────────────────────────────────────┐[39m [38;2;35;35;46m│[39m
[38;2;35;35;46m│[39m [38;2;255;107;53m│[39m [1m[38;2;255;107;53mAGENT · 002-fix-terminal-bla[39m[22m         [38;2;255;107;53m│[39m [38;2;35;35;46m│[39m [38;2;138;138;154mTOOL GRANTS (from AGENT_CONFIGS)[39m                              [38;2;35;35;46m│[39m [38;2;35;35;46m│[39m
[38;2;35;35;46m│[39m [38;2;255;107;53m│[39m [38;2;138;138;154mtype[39m         [38;2;255;107;53mcoder[39m                   [38;2;255;107;53m│[39m [38;2;35;35;46m│[39m [38;2;74;74;88mBUILTIN[39m                                                       [38;2;35;35;46m│[39m [38;2;35;35;46m│[39m
[38;2;35;35;46m│[39m [38;2;255;107;53m│[39m [38;2;138;138;154mstate[39m        [38;2;255;107;53mRUNNING[39m                 [38;2;255;107;53m│[39m [38;2;35;35;46m│[39m [38;2;56;189;248mRead  Glob  Grep  Write  Edit  Bash  WebFetch  WebSearch[39m      [38;2;35;35;46m│[39m [38;2;35;35;46m│[39m
[38;2;35;35;46m│[39m [38;2;255;107;53m│[39m [38;2;138;138;154mphase[39m        [38;2;232;232;240mcoding [38;2;255;107;53m▪ structured[39m     [38;2;255;107;53m│[39m [38;2;35;35;46m│[39m [38;2;74;74;88mMCP SERVERS[39m                                                   [38;2;35;35;46m│[39m [38;2;35;35;46m│[39m
[38;2;35;35;46m│[39m [38;2;255;107;53m│[39m [38;2;138;138;154mmodel[39m     [38;2;232;232;240mkimi/kimi-for-coding · [39m    [38;2;255;107;53m│[39m [38;2;35;35;46m│[39m [38;2;255;62;138mcontext7  memory  auto-claude[39m                                 [38;2;35;35;46m│[39m [38;2;35;35;46m│[39m
[38;2;35;35;46m│[39m [38;2;255;107;53m│[39m           [38;2;232;232;240mthinking:low[39m               [38;2;255;107;53m│[39m [38;2;35;35;46m│[39m [38;2;74;74;88mAUTO-CLAUDE MCP[39m                                               [38;2;35;35;46m│[39m [38;2;35;35;46m│[39m
[38;2;35;35;46m│[39m [38;2;255;107;53m│[39m [38;2;138;138;154msteps[39m        [38;2;232;232;240m0/1000[39m                  [38;2;255;107;53m│[39m [38;2;35;35;46m│[39m [38;2;255;107;53mmcp__auto-claude__update_subtask_status  [39m                     [38;2;35;35;46m│[39m [38;2;35;35;46m│[39m
[38;2;35;35;46m│[39m [38;2;255;107;53m│[39m [38;2;138;138;154msession[39m      [38;2;232;232;240m#1 · continuations 0/5[39m  [38;2;255;107;53m│[39m [38;2;35;35;46m│[39m [38;2;255;107;53mmcp__auto-claude__get_build_progress  [39m                        [38;2;35;35;46m│[39m [38;2;35;35;46m│[39m
[38;2;35;35;46m│[39m [38;2;255;107;53m│[39m [38;2;138;138;154melapsed[39m      [38;2;138;138;154m39s[39m                     [38;2;255;107;53m│[39m [38;2;35;35;46m│[39m [38;2;255;107;53mmcp__auto-claude__record_discovery  [39m                          [38;2;35;35;46m│[39m [38;2;35;35;46m│[39m
[38;2;35;35;46m│[39m [38;2;255;107;53m│[39m [38;2;138;138;154mlast[39m         [38;2;74;74;88mIteration 2 (coding)[39m    [38;2;255;107;53m│[39m [38;2;35;35;46m│[39m [38;2;255;107;53mmcp__auto-claude__record_gotcha  [39m                             [38;2;35;35;46m│[39m [38;2;35;35;46m│[39m
[38;2;35;35;46m│[39m [38;2;255;107;53m└──────────────────────────────────────┘[39m [38;2;35;35;46m│[39m [38;2;255;107;53mmcp__auto-claude__get_session_context[39m                         [38;2;35;35;46m│[39m [38;2;35;35;46m│[39m
[38;2;35;35;46m│[39m                                          [38;2;35;35;46m│[39m                                                               [38;2;35;35;46m│[39m [38;2;35;35;46m│[39m
[38;2;35;35;46m│[39m [38;2;35;35;46m┌──────────────────────────────────────┐[39m [38;2;35;35;46m│[39m [38;2;74;74;88mgrants resolved from AGENT_CONFIGS[coder][39m                     [38;2;35;35;46m│[39m [38;2;35;35;46m│[39m
[38;2;35;35;46m│[39m [38;2;35;35;46m│[39m [38;2;138;138;154mWAIT STATE[39m                           [38;2;35;35;46m│[39m [38;2;35;35;46m│[39m [38;2;74;74;88mwrites contained to allowedWritePaths[39m                         [38;2;35;35;46m│[39m [38;2;35;35;46m│[39m
[38;2;35;35;46m│[39m [38;2;35;35;46m│[39m [38;2;61;220;132m● executing — not blocked[39m            [38;2;35;35;46m│[39m [38;2;35;35;46m│[39m                                                               [38;2;35;35;46m│[39m [38;2;35;35;46m│[39m
[38;2;35;35;46m│[39m [38;2;35;35;46m└──────────────────────────────────────┘[39m [38;2;35;35;46m│[39m                                                               [38;2;35;35;46m│[39m [38;2;35;35;46m│[39m
[38;2;35;35;46m│[39m                                          [38;2;35;35;46m│[39m                                                               [38;2;35;35;46m│[39m [38;2;35;35;46m│[39m
[38;2;35;35;46m│[39m [38;2;35;35;46m┌──────────────────────────────────────┐[39m [38;2;35;35;46m│[39m                                                               [38;2;35;35;46m│[39m [38;2;35;35;46m│[39m
[38;2;35;35;46m│[39m [38;2;35;35;46m│[39m [38;2;138;138;154mTOKEN / CONTEXT[39m                      [38;2;35;35;46m│[39m [38;2;35;35;46m│[39m                                                               [38;2;35;35;46m│[39m [38;2;35;35;46m│[39m
[38;2;35;35;46m│[39m [38;2;35;35;46m│[39m [38;2;61;220;132m░░░░░░░░░░░░░░░░░░░░░░░░░░░░░░[39m       [38;2;35;35;46m│[39m [38;2;35;35;46m│[39m                                                               [38;2;35;35;46m│[39m [38;2;35;35;46m│[39m
[38;2;35;35;46m│[39m [38;2;35;35;46m│[39m [38;2;138;138;154m0 / 200.0k · 0%[39m                      [38;2;35;35;46m│[39m [38;2;35;35;46m│[39m                                                               [38;2;35;35;46m│[39m [38;2;35;35;46m│[39m
[38;2;35;35;46m│[39m [38;2;35;35;46m│[39m [38;2;74;74;88mwarn @70% · continuation @90% · hard [38;2;35;35;46m│[39m [38;2;35;35;46m│[39m                                                               [38;2;35;35;46m│[39m [38;2;35;35;46m│[39m
[38;2;35;35;46m│[39m [38;2;35;35;46m│[39m [38;2;74;74;88mabort @95%[39m                           [38;2;35;35;46m│[39m [38;2;35;35;46m│[39m                                                               [38;2;35;35;46m│[39m [38;2;35;35;46m│[39m
[38;2;35;35;46m│[39m [38;2;35;35;46m│[39m [38;2;138;138;154mprompt[39m       [38;2;232;232;240m0[39m                       [38;2;35;35;46m│[39m [38;2;35;35;46m│[39m                                                               [38;2;35;35;46m│[39m [38;2;35;35;46m│[39m
[38;2;35;35;46m│[39m [38;2;35;35;46m│[39m [38;2;138;138;154mcompletion[39m   [38;2;232;232;240m0[39m                       [38;2;35;35;46m│[39m [38;2;35;35;46m│[39m                                                               [38;2;35;35;46m│[39m [38;2;35;35;46m│[39m
[38;2;35;35;46m│[39m [38;2;35;35;46m│[39m [38;2;138;138;154mthinking[39m     [38;2;56;189;248m0[39m                       [38;2;35;35;46m│[39m [38;2;35;35;46m│[39m                                                               [38;2;35;35;46m│[39m [38;2;35;35;46m│[39m
[38;2;35;35;46m│[39m [38;2;35;35;46m│[39m [38;2;138;138;154mcache hit[39m    [38;2;61;220;132m░░░░░░░░░░ 0%[39m           [38;2;35;35;46m│[39m [38;2;35;35;46m│[39m                                                               [38;2;35;35;46m│[39m [38;2;35;35;46m│[39m
[38;2;35;35;46m│[39m [38;2;35;35;46m│[39m [38;2;138;138;154mtotal[39m        [38;2;255;107;53m0[39m                       [38;2;35;35;46m│[39m [38;2;35;35;46m│[39m                                                               [38;2;35;35;46m│[39m [38;2;35;35;46m│[39m
[38;2;35;35;46m│[39m [38;2;35;35;46m└──────────────────────────────────────┘[39m [38;2;35;35;46m└───────────────────────────────────────────────────────────────┘[39m [38;2;35;35;46m│[39m
[38;2;35;35;46m│[1m[48;2;255;107;53m[38;2;5;5;7m AGENTS [39m[49m[22m [38;2;138;138;154m1-6 sub-view · j/k select · ⏎ inspect · f filter · r resume[39m                           [38;2;255;107;53m:[38;2;74;74;88m cmd  [38;2;255;107;53m?[38;2;74;74;88m help[38;2;35;35;46m│[39m
[38;2;35;35;46m└────────────────────────────────────────────────────────────────────────────────────────────────────────────┘[39m[2K[1A[2K[1A[2K[1A[2K[1A[2K[1A[2K[1A[2K[1A[2K[1A[2K[1A[2K[1A[2K[1A[2K[1A[2K[1A[2K[1A[2K[1A[2K[1A[2K[1A[2K[1A[2K[1A[2K[G[38;2;35;35;46m┌────────────────────────────────────────────────────────────────────────────────────────────────────────────┐[39m
[38;2;35;35;46m│[1m[38;2;255;107;53mAPERANT[39m[22m [38;2;74;74;88m│[39m [38;2;138;138;154maperant-fixture[39m [38;2;74;74;88m/tmp/aperant-fixture[39m [38;2;74;74;88m│[39m [38;2;56;189;248m⑂ develop[39m             [38;2;255;107;53m◉[38;2;138;138;154m 1 running[39m  [38;2;255;176;0m◆[38;2;138;138;154m 0 review[39m  [38;2;61;220;132m●[38;2;138;138;154m no profile[38;2;35;35;46m│[39m
[38;2;35;35;46m│[39m [38;2;138;138;154m 1 board [39m  [38;2;138;138;154m 2 term [39m  [38;2;138;138;154m 3 road [39m  [38;2;138;138;154m 4 chat [39m  [38;2;138;138;154m 5 tree [39m  [38;2;138;138;154m 6 set [39m  [1m[48;2;255;107;53m[38;2;5;5;7m 7 agents [39m[49m[22m                                     [38;2;35;35;46m│[39m
[38;2;35;35;46m│[39m [38;2;138;138;154m 1 swarm [39m [1m[48;2;255;107;53m[38;2;5;5;7m 2 graph [39m[49m[22m [38;2;138;138;154m 3 inspect [39m [38;2;138;138;154m 4 trace [39m [38;2;138;138;154m 5 tokens [39m [38;2;138;138;154m 6 waits [39m [38;2;74;74;88m1 agent · esc then 1-7 to switch tabs[39m       [38;2;35;35;46m│[39m
[38;2;35;35;46m│[39m                                                                                                            [38;2;35;35;46m│[39m
[38;2;35;35;46m│[39m [38;2;255;107;53m┌───────────────────────────────────────────────┐[39m [38;2;35;35;46m┌──────────────────────────────────────────────────────┐[39m [38;2;35;35;46m│[39m
[38;2;35;35;46m│[39m [38;2;255;107;53m│[39m [1m[38;2;255;107;53mORCHESTRATION GRAPH[39m[22m                           [38;2;255;107;53m│[39m [38;2;35;35;46m│[39m [38;2;138;138;154mPHASE PIPELINE · 002-fix-term[39m                        [38;2;35;35;46m│[39m [38;2;35;35;46m│[39m
[38;2;35;35;46m│[39m [38;2;255;107;53m│[39m [38;2;255;107;53m  ◈ coder [38;2;74;74;88m002-fix-terminal · coding · 20%[39m     [38;2;255;107;53m│[39m [38;2;35;35;46m│[39m [38;2;61;220;132m✓ planning   [38;2;74;74;88m0→20%[39m                                   [38;2;35;35;46m│[39m [38;2;35;35;46m│[39m
[38;2;35;35;46m│[39m [38;2;255;107;53m│[39m                                               [38;2;255;107;53m│[39m [38;2;35;35;46m│[39m [38;2;255;107;53m⚡ coding     [38;2;74;74;88m20→80%[39m                                  [38;2;35;35;46m│[39m [38;2;35;35;46m│[39m
[38;2;35;35;46m│[39m [38;2;255;107;53m│[39m                                               [38;2;255;107;53m│[39m [38;2;35;35;46m│[39m [38;2;74;74;88m○ qa_review  80→95%[39m                                  [38;2;35;35;46m│[39m [38;2;35;35;46m│[39m
[38;2;35;35;46m│[39m [38;2;255;107;53m│[39m                                               [38;2;255;107;53m│[39m [38;2;35;35;46m│[39m [38;2;74;74;88m○ qa_fixing  80→95%[39m                                  [38;2;35;35;46m│[39m [38;2;35;35;46m│[39m
[38;2;35;35;46m│[39m [38;2;255;107;53m│[39m                                               [38;2;255;107;53m│[39m [38;2;35;35;46m│[39m [38;2;74;74;88m○ complete   100%[39m                                    [38;2;35;35;46m│[39m [38;2;35;35;46m│[39m
[38;2;35;35;46m│[39m [38;2;255;107;53m│[39m                                               [38;2;255;107;53m│[39m [38;2;35;35;46m│[39m                                                      [38;2;35;35;46m│[39m [38;2;35;35;46m│[39m
[38;2;35;35;46m│[39m [38;2;255;107;53m│[39m                                               [38;2;255;107;53m│[39m [38;2;35;35;46m│[39m [38;2;255;176;0m⚠ regression guard active[39m                            [38;2;35;35;46m│[39m [38;2;35;35;46m│[39m
[38;2;35;35;46m│[39m [38;2;255;107;53m│[39m                                               [38;2;255;107;53m│[39m [38;2;35;35;46m│[39m [38;2;74;74;88mPHASE_ORDER_INDEX blocks backward fallback moves;[39m    [38;2;35;35;46m│[39m [38;2;35;35;46m│[39m
[38;2;35;35;46m│[39m [38;2;255;107;53m│[39m                                               [38;2;255;107;53m│[39m [38;2;35;35;46m│[39m [38;2;74;74;88mcomplete requires a structured emit, never text.[39m     [38;2;35;35;46m│[39m [38;2;35;35;46m│[39m
[38;2;35;35;46m│[39m [38;2;255;107;53m└───────────────────────────────────────────────┘[39m [38;2;35;35;46m└──────────────────────────────────────────────────────┘[39m [38;2;35;35;46m│[39m
[38;2;35;35;46m│[1m[48;2;255;107;53m[38;2;5;5;7m AGENTS [39m[49m[22m [38;2;138;138;154m1-6 sub-view · j/k select · ⏎ inspect · f filter · r resume[39m                           [38;2;255;107;53m:[38;2;74;74;88m cmd  [38;2;255;107;53m?[38;2;74;74;88m help[38;2;35;35;46m│[39m
[38;2;35;35;46m└────────────────────────────────────────────────────────────────────────────────────────────────────────────┘[39m
[2K[1A[2K[1A[2K[1A[2K[1A[2K[1A[2K[1A[2K[1A[2K[1A[2K[1A[2K[1A[2K[1A[2K[1A[2K[1A[2K[1A[2K[1A[2K[1A[2K[1A[2K[1A[2K[1A[2K[G[38;2;35;35;46m┌────────────────────────────────────────────────────────────────────────────────────────────────────────────┐[39m
[38;2;35;35;46m│[1m[38;2;255;107;53mAPERANT[39m[22m [38;2;74;74;88m│[39m [38;2;138;138;154maperant-fixture[39m [38;2;74;74;88m/tmp/aperant-fixture[39m [38;2;74;74;88m│[39m [38;2;56;189;248m⑂ develop[39m             [38;2;255;107;53m◉[38;2;138;138;154m 1 running[39m  [38;2;255;176;0m◆[38;2;138;138;154m 0 review[39m  [38;2;61;220;132m●[38;2;138;138;154m no profile[38;2;35;35;46m│[39m
[38;2;35;35;46m│[39m [38;2;138;138;154m 1 board [39m  [38;2;138;138;154m 2 term [39m  [38;2;138;138;154m 3 road [39m  [38;2;138;138;154m 4 chat [39m  [38;2;138;138;154m 5 tree [39m  [38;2;138;138;154m 6 set [39m  [1m[48;2;255;107;53m[38;2;5;5;7m 7 agents [39m[49m[22m                                     [38;2;35;35;46m│[39m
[38;2;35;35;46m│[39m [38;2;138;138;154m 1 swarm [39m [38;2;138;138;154m 2 graph [39m [38;2;138;138;154m 3 inspect [39m [1m[48;2;255;107;53m[38;2;5;5;7m 4 trace [39m[49m[22m [38;2;138;138;154m 5 tokens [39m [38;2;138;138;154m 6 waits [39m [38;2;74;74;88m1 agent · esc then 1-7 to switch tabs[39m       [38;2;35;35;46m│[39m
[38;2;35;35;46m│[39m                                                                                                            [38;2;35;35;46m│[39m
[38;2;35;35;46m│[39m [38;2;255;107;53m┌────────────────────────────────────────────────────────────────────────────────────────────────────────┐[39m [38;2;35;35;46m│[39m
[38;2;35;35;46m│[39m [38;2;255;107;53m│[39m [1m[38;2;255;107;53mEVENT TRACE · all agents · 2 events[39m[22m                                                                    [38;2;255;107;53m│[39m [38;2;35;35;46m│[39m
[38;2;35;35;46m│[39m [38;2;255;107;53m│[39m [38;2;74;74;88m  TIME      AGENT         EVENT          TOOL                DUR     PAYLOAD[39m                           [38;2;255;107;53m│[39m [38;2;35;35;46m│[39m
[38;2;35;35;46m│[39m [38;2;255;107;53m│[39m [38;2;74;74;88m17:29:39.332 [38;2;138;138;154m002-fix-term [38;2;255;107;53mtask:CODING_STARTED[38;2;74;74;88m—                  [38;2;138;138;154m—      [38;2;74;74;88m {"type":"CODING_STARTED","tas[39m… [38;2;255;107;53m│[39m [38;2;35;35;46m│[39m
[38;2;35;35;46m│[39m [38;2;255;107;53m│[39m [38;2;74;74;88m17:29:56.672 [38;2;138;138;154m002-fix-term [38;2;74;74;88merror         —                  [38;2;138;138;154m—      [38;2;74;74;88m failed after 3 attempts. last erro[39m… [38;2;255;107;53m│[39m [38;2;35;35;46m│[39m
[38;2;35;35;46m│[39m [38;2;255;107;53m│[39m [38;2;74;74;88mf toggles agent filter · ring buffer 10k · outlier >3000ms highlighted[39m                                 [38;2;255;107;53m│[39m [38;2;35;35;46m│[39m
[38;2;35;35;46m│[39m [38;2;255;107;53m│[39m                                                                                                        [38;2;255;107;53m│[39m [38;2;35;35;46m│[39m
[38;2;35;35;46m│[39m [38;2;255;107;53m└────────────────────────────────────────────────────────────────────────────────────────────────────────┘[39m [38;2;35;35;46m│[39m
[38;2;35;35;46m│[1m[48;2;255;107;53m[38;2;5;5;7m AGENTS [39m[49m[22m [38;2;138;138;154m1-6 sub-view · j/k select · ⏎ inspect · f filter · r resume[39m                           [38;2;255;107;53m:[38;2;74;74;88m cmd  [38;2;255;107;53m?[38;2;74;74;88m help[38;2;35;35;46m│[39m
[38;2;35;35;46m└────────────────────────────────────────────────────────────────────────────────────────────────────────────┘[39m
RetryError [AI_RetryError]: Failed after 3 attempts. Last error: AI_APICallError: Cannot connect to API: connect EHOSTUNREACH 100.33.238.199:20128
    at createRetryError (/tmp/build/aperant-tui/apps/tui/dist/agent-worker.cjs:35437:58)
    at retryWithExponentialBackoffInternal (/tmp/build/aperant-tui/apps/tui/dist/agent-worker.cjs:18017:13)
    at process.processTicksAndRejections (node:internal/process/task_queues:103:5)
    at async streamStep (/tmp/build/aperant-tui/apps/tui/dist/agent-worker.cjs:36937:19)
    at async <anonymous> (/tmp/build/aperant-tui/apps/tui/dist/agent-worker.cjs:37290:11) {
  cause: undefined,
  reason: 'maxRetriesExceeded',
  errors: [
    APICallError [AI_APICallError]: Cannot connect to API: connect EHOSTUNREACH 100.33.238.199:20128
        at handleFetchError (/tmp/build/aperant-tui/apps/tui/dist/agent-worker.cjs:16519:14)
        at postToApi (/tmp/build/aperant-tui/apps/tui/dist/agent-worker.cjs:19149:15)
        at process.processTicksAndRejections (node:internal/process/task_queues:103:5)
        at async postJsonToApi (/tmp/build/aperant-tui/apps/tui/dist/agent-worker.cjs:19048:11)
        at async _OpenAICompatibleChatLanguageModel.doStream (/tmp/build/aperant-tui/apps/tui/dist/agent-worker.cjs:91053:54)
        at async execute (/tmp/build/aperant-tui/apps/tui/dist/agent-worker.cjs:29567:26)
        at async runWithTracingChannelSpan (/tmp/build/aperant-tui/apps/tui/dist/agent-worker.cjs:25865:12)
        at async executeLanguageModelCall (/tmp/build/aperant-tui/apps/tui/dist/agent-worker.cjs:26069:14)
        at async streamLanguageModelCall (/tmp/build/aperant-tui/apps/tui/dist/agent-worker.cjs:29565:7)
        at async retryWithExponentialBackoffInternal (/tmp/build/aperant-tui/apps/tui/dist/agent-worker.cjs:18005:12) {
      cause: [Error],
      url: 'http://home.hack.ski:20128/v1/chat/completions',
      requestBodyValues: [Object],
      statusCode: undefined,
      responseHeaders: undefined,
      responseBody: undefined,
      isRetryable: true,
      data: undefined,
      Symbol(vercel.ai.error): true,
      Symbol(vercel.ai.error.AI_APICallError): true
    },
    APICallError [AI_APICallError]: Cannot connect to API: connect EHOSTUNREACH 100.33.238.199:20128
        at handleFetchError (/tmp/build/aperant-tui/apps/tui/dist/agent-worker.cjs:16519:14)
        at postToApi (/tmp/build/aperant-tui/apps/tui/dist/agent-worker.cjs:19149:15)
        at process.processTicksAndRejections (node:internal/process/task_queues:103:5)
        at async postJsonToApi (/tmp/build/aperant-tui/apps/tui/dist/agent-worker.cjs:19048:11)
        at async _OpenAICompatibleChatLanguageModel.doStream (/tmp/build/aperant-tui/apps/tui/dist/agent-worker.cjs:91053:54)
        at async execute (/tmp/build/aperant-tui/apps/tui/dist/agent-worker.cjs:29567:26)
        at async runWithTracingChannelSpan (/tmp/build/aperant-tui/apps/tui/dist/agent-worker.cjs:25865:12)
        at async executeLanguageModelCall (/tmp/build/aperant-tui/apps/tui/dist/agent-worker.cjs:26069:14)
        at async streamLanguageModelCall (/tmp/build/aperant-tui/apps/tui/dist/agent-worker.cjs:29565:7)
        at async retryWithExponentialBackoffInternal (/tmp/build/aperant-tui/apps/tui/dist/agent-worker.cjs:18005:12) {
      cause: [Error],
      url: 'http://home.hack.ski:20128/v1/chat/completions',
      requestBodyValues: [Object],
      statusCode: undefined,
      responseHeaders: undefined,
      responseBody: undefined,
      isRetryable: true,
      data: undefined,
      Symbol(vercel.ai.error): true,
      Symbol(vercel.ai.error.AI_APICallError): true
    },
    APICallError [AI_APICallError]: Cannot connect to API: connect EHOSTUNREACH 100.33.238.199:20128
        at handleFetchError (/tmp/build/aperant-tui/apps/tui/dist/agent-worker.cjs:16519:14)
        at postToApi (/tmp/build/aperant-tui/apps/tui/dist/agent-worker.cjs:19149:15)
        at process.processTicksAndRejections (node:internal/process/task_queues:103:5)
        at async postJsonToApi (/tmp/build/aperant-tui/apps/tui/dist/agent-worker.cjs:19048:11)
        at async _OpenAICompatibleChatLanguageModel.doStream (/tmp/build/aperant-tui/apps/tui/dist/agent-worker.cjs:91053:54)
        at async execute (/tmp/build/aperant-tui/apps/tui/dist/agent-worker.cjs:29567:26)
        at async runWithTracingChannelSpan (/tmp/build/aperant-tui/apps/tui/dist/agent-worker.cjs:25865:12)
        at async executeLanguageModelCall (/tmp/build/aperant-tui/apps/tui/dist/agent-worker.cjs:26069:14)
        at async streamLanguageModelCall (/tmp/build/aperant-tui/apps/tui/dist/agent-worker.cjs:29565:7)
        at async retryWithExponentialBackoffInternal (/tmp/build/aperant-tui/apps/tui/dist/agent-worker.cjs:18005:12) {
      cause: [Error],
      url: 'http://home.hack.ski:20128/v1/chat/completions',
      requestBodyValues: [Object],
      statusCode: undefined,
      responseHeaders: undefined,
      responseBody: undefined,
      isRetryable: true,
      data: undefined,
      Symbol(vercel.ai.error): true,
      Symbol(vercel.ai.error.AI_APICallError): true
    }
  ],
  lastError: APICallError [AI_APICallError]: Cannot connect to API: connect EHOSTUNREACH 100.33.238.199:20128
      at handleFetchError (/tmp/build/aperant-tui/apps/tui/dist/agent-worker.cjs:16519:14)
      at postToApi (/tmp/build/aperant-tui/apps/tui/dist/agent-worker.cjs:19149:15)
      at process.processTicksAndRejections (node:internal/process/task_queues:103:5)
      at async postJsonToApi (/tmp/build/aperant-tui/apps/tui/dist/agent-worker.cjs:19048:11)
      at async _OpenAICompatibleChatLanguageModel.doStream (/tmp/build/aperant-tui/apps/tui/dist/agent-worker.cjs:91053:54)
      at async execute (/tmp/build/aperant-tui/apps/tui/dist/agent-worker.cjs:29567:26)
      at async runWithTracingChannelSpan (/tmp/build/aperant-tui/apps/tui/dist/agent-worker.cjs:25865:12)
      at async executeLanguageModelCall (/tmp/build/aperant-tui/apps/tui/dist/agent-worker.cjs:26069:14)
      at async streamLanguageModelCall (/tmp/build/aperant-tui/apps/tui/dist/agent-worker.cjs:29565:7)
      at async retryWithExponentialBackoffInternal (/tmp/build/aperant-tui/apps/tui/dist/agent-worker.cjs:18005:12) {
    cause: Error: connect EHOSTUNREACH 100.33.238.199:20128
        at TCPConnectWrap.afterConnect [as oncomplete] (node:net:1637:16) {
      errno: -113,
      code: 'EHOSTUNREACH',
      syscall: 'connect',
      address: '100.33.238.199',
      port: 20128
    },
    url: 'http://home.hack.ski:20128/v1/chat/completions',
    requestBodyValues: {
      model: 'kimi/kimi-for-coding',
      user: undefined,
      max_tokens: undefined,
      temperature: undefined,
      top_p: undefined,
      frequency_penalty: undefined,
      presence_penalty: undefined,
      response_format: undefined,
      stop: undefined,
      seed: undefined,
      reasoning_effort: undefined,
      verbosity: undefined,
      messages: [Array],
      tools: [Array],
      tool_choice: 'auto',
      stream: true,
      stream_options: undefined
    },
    statusCode: undefined,
    responseHeaders: undefined,
    responseBody: undefined,
    isRetryable: true,
    data: undefined,
    Symbol(vercel.ai.error): true,
    Symbol(vercel.ai.error.AI_APICallError): true
  },
  Symbol(vercel.ai.error): true,
  Symbol(vercel.ai.error.AI_RetryError): true
}
[2K[1A[2K[1A[2K[1A[2K[1A[2K[1A[2K[1A[2K[1A[2K[1A[2K[1A[2K[1A[2K[1A[2K[1A[2K[1A[2K[1A[2K[1A[2K[G[38;2;35;35;46m┌────────────────────────────────────────────────────────────────────────────────────────────────────────────┐[39m
[38;2;35;35;46m│[1m[38;2;255;107;53mAPERANT[39m[22m [38;2;74;74;88m│[39m [38;2;138;138;154maperant-fixture[39m [38;2;74;74;88m/tmp/aperant-fixture[39m [38;2;74;74;88m│[39m [38;2;56;189;248m⑂ develop[39m             [38;2;255;107;53m◉[38;2;138;138;154m 1 running[39m  [38;2;255;176;0m◆[38;2;138;138;154m 0 review[39m  [38;2;61;220;132m●[38;2;138;138;154m no profile[38;2;35;35;46m│[39m
[38;2;35;35;46m│[39m [38;2;138;138;154m 1 board [39m  [38;2;138;138;154m 2 term [39m  [38;2;138;138;154m 3 road [39m  [38;2;138;138;154m 4 chat [39m  [38;2;138;138;154m 5 tree [39m  [38;2;138;138;154m 6 set [39m  [1m[48;2;255;107;53m[38;2;5;5;7m 7 agents [39m[49m[22m                                     [38;2;35;35;46m│[39m
[38;2;35;35;46m│[39m [38;2;138;138;154m 1 swarm [39m [38;2;138;138;154m 2 graph [39m [38;2;138;138;154m 3 inspect [39m [1m[48;2;255;107;53m[38;2;5;5;7m 4 trace [39m[49m[22m [38;2;138;138;154m 5 tokens [39m [38;2;138;138;154m 6 waits [39m [38;2;74;74;88m1 agent · esc then 1-7 to switch tabs[39m       [38;2;35;35;46m│[39m
[38;2;35;35;46m│[39m                                                                                                            [38;2;35;35;46m│[39m
[38;2;35;35;46m│[39m [38;2;255;107;53m┌────────────────────────────────────────────────────────────────────────────────────────────────────────┐[39m [38;2;35;35;46m│[39m
[38;2;35;35;46m│[39m [38;2;255;107;53m│[39m [1m[38;2;255;107;53mEVENT TRACE · all agents · 3 events[39m[22m                                                                    [38;2;255;107;53m│[39m [38;2;35;35;46m│[39m
[38;2;35;35;46m│[39m [38;2;255;107;53m│[39m [38;2;74;74;88m  TIME      AGENT         EVENT          TOOL                DUR     PAYLOAD[39m                           [38;2;255;107;53m│[39m [38;2;35;35;46m│[39m
[38;2;35;35;46m│[39m [38;2;255;107;53m│[39m [38;2;74;74;88m17:29:39.332 [38;2;138;138;154m002-fix-term [38;2;255;107;53mtask:CODING_STARTED[38;2;74;74;88m—                  [38;2;138;138;154m—      [38;2;74;74;88m {"type":"CODING_STARTED","tas[39m… [38;2;255;107;53m│[39m [38;2;35;35;46m│[39m
[38;2;35;35;46m│[39m [38;2;255;107;53m│[39m [38;2;74;74;88m17:29:56.672 [38;2;138;138;154m002-fix-term [38;2;74;74;88merror         —                  [38;2;138;138;154m—      [38;2;74;74;88m failed after 3 attempts. last erro[39m… [38;2;255;107;53m│[39m [38;2;35;35;46m│[39m
[38;2;35;35;46m│[39m [38;2;255;107;53m│[39m [38;2;74;74;88m17:30:15.724 [38;2;138;138;154m002-fix-term [38;2;74;74;88merror         —                  [38;2;138;138;154m—      [38;2;74;74;88m failed after 3 attempts. last erro[39m… [38;2;255;107;53m│[39m [38;2;35;35;46m│[39m
[38;2;35;35;46m│[39m [38;2;255;107;53m│[39m [38;2;74;74;88mf toggles agent filter · ring buffer 10k · outlier >3000ms highlighted[39m                                 [38;2;255;107;53m│[39m [38;2;35;35;46m│[39m
[38;2;35;35;46m│[39m [38;2;255;107;53m└────────────────────────────────────────────────────────────────────────────────────────────────────────┘[39m [38;2;35;35;46m│[39m
[38;2;35;35;46m│[1m[48;2;255;107;53m[38;2;5;5;7m AGENTS [39m[49m[22m [38;2;138;138;154m1-6 sub-view · j/k select · ⏎ inspect · f filter · r resume[39m                           [38;2;255;107;53m:[38;2;74;74;88m cmd  [38;2;255;107;53m?[38;2;74;74;88m help[38;2;35;35;46m│[39m
[38;2;35;35;46m└────────────────────────────────────────────────────────────────────────────────────────────────────────────┘[39m
[2K[1A[2K[1A[2K[1A[2K[1A[2K[1A[2K[1A[2K[1A[2K[1A[2K[1A[2K[1A[2K[1A[2K[1A[2K[1A[2K[1A[2K[1A[2K[G[38;2;35;35;46m┌────────────────────────────────────────────────────────────────────────────────────────────────────────────┐[39m
[38;2;35;35;46m│[1m[38;2;255;107;53mAPERANT[39m[22m [38;2;74;74;88m│[39m [38;2;138;138;154maperant-fixture[39m [38;2;74;74;88m/tmp/aperant-fixture[39m [38;2;74;74;88m│[39m [38;2;56;189;248m⑂ develop[39m             [38;2;255;107;53m◉[38;2;138;138;154m 1 running[39m  [38;2;255;176;0m◆[38;2;138;138;154m 0 review[39m  [38;2;61;220;132m●[38;2;138;138;154m no profile[38;2;35;35;46m│[39m
[38;2;35;35;46m│[39m [38;2;138;138;154m 1 board [39m  [38;2;138;138;154m 2 term [39m  [38;2;138;138;154m 3 road [39m  [38;2;138;138;154m 4 chat [39m  [38;2;138;138;154m 5 tree [39m  [38;2;138;138;154m 6 set [39m  [1m[48;2;255;107;53m[38;2;5;5;7m 7 agents [39m[49m[22m                                     [38;2;35;35;46m│[39m
[38;2;35;35;46m│[39m [38;2;138;138;154m 1 swarm [39m [38;2;138;138;154m 2 graph [39m [38;2;138;138;154m 3 inspect [39m [1m[48;2;255;107;53m[38;2;5;5;7m 4 trace [39m[49m[22m [38;2;138;138;154m 5 tokens [39m [38;2;138;138;154m 6 waits [39m [38;2;74;74;88m1 agent · esc then 1-7 to switch tabs[39m       [38;2;35;35;46m│[39m
[38;2;35;35;46m│[39m                                                                                                            [38;2;35;35;46m│[39m
[38;2;35;35;46m│[39m [38;2;255;107;53m┌────────────────────────────────────────────────────────────────────────────────────────────────────────┐[39m [38;2;35;35;46m│[39m
[38;2;35;35;46m│[39m [38;2;255;107;53m│[39m [1m[38;2;255;107;53mEVENT TRACE · all agents · 4 events[39m[22m                                                                    [38;2;255;107;53m│[39m [38;2;35;35;46m│[39m
[38;2;35;35;46m│[39m [38;2;255;107;53m│[39m [38;2;74;74;88m  TIME      AGENT         EVENT          TOOL                DUR     PAYLOAD[39m                           [38;2;255;107;53m│[39m [38;2;35;35;46m│[39m
[38;2;35;35;46m│[39m [38;2;255;107;53m│[39m [38;2;74;74;88m17:29:39.332 [38;2;138;138;154m002-fix-term [38;2;255;107;53mtask:CODING_STARTED[38;2;74;74;88m—                  [38;2;138;138;154m—      [38;2;74;74;88m {"type":"CODING_STARTED","tas[39m… [38;2;255;107;53m│[39m [38;2;35;35;46m│[39m
[38;2;35;35;46m│[39m [38;2;255;107;53m│[39m [38;2;74;74;88m17:29:56.672 [38;2;138;138;154m002-fix-term [38;2;74;74;88merror         —                  [38;2;138;138;154m—      [38;2;74;74;88m failed after 3 attempts. last erro[39m… [38;2;255;107;53m│[39m [38;2;35;35;46m│[39m
[38;2;35;35;46m│[39m [38;2;255;107;53m│[39m [38;2;74;74;88m17:30:15.724 [38;2;138;138;154m002-fix-term [38;2;74;74;88merror         —                  [38;2;138;138;154m—      [38;2;74;74;88m failed after 3 attempts. last erro[39m… [38;2;255;107;53m│[39m [38;2;35;35;46m│[39m
[38;2;35;35;46m│[39m [38;2;255;107;53m│[39m [38;2;74;74;88m17:30:18.736 [38;2;138;138;154m002-fix-term [38;2;255;107;53mtask:QA_STARTED[38;2;74;74;88m—                  [38;2;138;138;154m—      [38;2;74;74;88m {"type":"QA_STARTED","taskId":"00[39m… [38;2;255;107;53m│[39m [38;2;35;35;46m│[39m
[38;2;35;35;46m│[39m [38;2;255;107;53m│[39m [38;2;74;74;88mf toggles agent filter · ring buffer 10k · outlier >3000ms highlighted[39m                                 [38;2;255;107;53m│[39m [38;2;35;35;46m│[39m
[38;2;35;35;46m│[39m [38;2;255;107;53m└────────────────────────────────────────────────────────────────────────────────────────────────────────┘[39m [38;2;35;35;46m│[39m
[38;2;35;35;46m│[1m[48;2;255;107;53m[38;2;5;5;7m AGENTS [39m[49m[22m [38;2;138;138;154m1-6 sub-view · j/k select · ⏎ inspect · f filter · r resume[39m                           [38;2;255;107;53m:[38;2;74;74;88m cmd  [38;2;255;107;53m?[38;2;74;74;88m help[38;2;35;35;46m│[39m
[38;2;35;35;46m└────────────────────────────────────────────────────────────────────────────────────────────────────────────┘[39m
[2K[1A[2K[1A[2K[1A[2K[1A[2K[1A[2K[1A[2K[1A[2K[1A[2K[1A[2K[1A[2K[1A[2K[1A[2K[1A[2K[1A[2K[1A[2K[1A[2K[G[38;2;35;35;46m┌────────────────────────────────────────────────────────────────────────────────────────────────────────────┐[39m
[38;2;35;35;46m│[1m[38;2;255;107;53mAPERANT[39m[22m [38;2;74;74;88m│[39m [38;2;138;138;154maperant-fixture[39m [38;2;74;74;88m/tmp/aperant-fixture[39m [38;2;74;74;88m│[39m [38;2;56;189;248m⑂ develop[39m             [38;2;255;107;53m◉[38;2;138;138;154m 1 running[39m  [38;2;255;176;0m◆[38;2;138;138;154m 0 review[39m  [38;2;61;220;132m●[38;2;138;138;154m no profile[38;2;35;35;46m│[39m
[38;2;35;35;46m│[39m [38;2;138;138;154m 1 board [39m  [38;2;138;138;154m 2 term [39m  [38;2;138;138;154m 3 road [39m  [38;2;138;138;154m 4 chat [39m  [38;2;138;138;154m 5 tree [39m  [38;2;138;138;154m 6 set [39m  [1m[48;2;255;107;53m[38;2;5;5;7m 7 agents [39m[49m[22m                                     [38;2;35;35;46m│[39m
[38;2;35;35;46m│[39m [38;2;138;138;154m 1 swarm [39m [38;2;138;138;154m 2 graph [39m [38;2;138;138;154m 3 inspect [39m [38;2;138;138;154m 4 trace [39m [1m[48;2;255;107;53m[38;2;5;5;7m 5 tokens [39m[49m[22m [38;2;138;138;154m 6 waits [39m [38;2;74;74;88m1 agent · esc then 1-7 to switch tabs[39m       [38;2;35;35;46m│[39m
[38;2;35;35;46m│[39m                                                                                                            [38;2;35;35;46m│[39m
[38;2;35;35;46m│[39m [38;2;255;107;53m┌──────────────────────────────────────────────────────────┐[39m [38;2;35;35;46m┌───────────────────────────────────────────┐[39m [38;2;35;35;46m│[39m
[38;2;35;35;46m│[39m [38;2;255;107;53m│[39m [1m[38;2;255;107;53mTOKEN LEDGER · by agent[39m[22m                                  [38;2;255;107;53m│[39m [38;2;35;35;46m│[39m [38;2;138;138;154mCONTEXT PRESSURE[39m                          [38;2;35;35;46m│[39m [38;2;35;35;46m│[39m
[38;2;35;35;46m│[39m [38;2;255;107;53m│[39m [38;2;74;74;88m  AGENT              PROMPT    COMPL     THINK     CACHE [38;2;255;107;53m│[39m [38;2;35;35;46m│[39m [38;2;138;138;154m002-fix-terminal [38;2;61;220;132m░░░░░░░░░░ 0%[39m            [38;2;35;35;46m│[39m [38;2;35;35;46m│[39m
[38;2;35;35;46m│[39m [38;2;255;107;53m│[39m [38;2;74;74;88mHIT        TOTAL[39m                                         [38;2;255;107;53m│[39m [38;2;35;35;46m│[39m                                           [38;2;35;35;46m│[39m [38;2;35;35;46m│[39m
[38;2;35;35;46m│[39m [38;2;255;107;53m│[39m [38;2;74;74;88mno token usage recorded yet — ledger fills from [39m         [38;2;255;107;53m│[39m [38;2;35;35;46m│[39m [38;2;74;74;88mthinking: coder=low by design; [39m           [38;2;35;35;46m│[39m [38;2;35;35;46m│[39m
[38;2;35;35;46m│[39m [38;2;255;107;53m│[39m [38;2;74;74;88mstep-finish/usage-update events[39m                          [38;2;255;107;53m│[39m [38;2;35;35;46m│[39m [38;2;74;74;88mplanner/qa/spec_writer=high[39m               [38;2;35;35;46m│[39m [38;2;35;35;46m│[39m
[38;2;35;35;46m│[39m [38;2;255;107;53m│[39m                                                          [38;2;255;107;53m│[39m [38;2;35;35;46m│[39m                                           [38;2;35;35;46m│[39m [38;2;35;35;46m│[39m
[38;2;35;35;46m│[39m [38;2;255;107;53m└──────────────────────────────────────────────────────────┘[39m [38;2;35;35;46m└───────────────────────────────────────────┘[39m [38;2;35;35;46m│[39m
[38;2;35;35;46m│[1m[48;2;255;107;53m[38;2;5;5;7m AGENTS [39m[49m[22m [38;2;138;138;154m1-6 sub-view · j/k select · ⏎ inspect · f filter · r resume[39m                           [38;2;255;107;53m:[38;2;74;74;88m cmd  [38;2;255;107;53m?[38;2;74;74;88m help[38;2;35;35;46m│[39m
[38;2;35;35;46m└────────────────────────────────────────────────────────────────────────────────────────────────────────────┘[39m
[2K[1A[2K[1A[2K[1A[2K[1A[2K[1A[2K[1A[2K[1A[2K[1A[2K[1A[2K[1A[2K[1A[2K[1A[2K[1A[2K[1A[2K[1A[2K[G[38;2;35;35;46m┌────────────────────────────────────────────────────────────────────────────────────────────────────────────┐[39m
[38;2;35;35;46m│[1m[38;2;255;107;53mAPERANT[39m[22m [38;2;74;74;88m│[39m [38;2;138;138;154maperant-fixture[39m [38;2;74;74;88m/tmp/aperant-fixture[39m [38;2;74;74;88m│[39m [38;2;56;189;248m⑂ develop[39m             [38;2;255;107;53m◉[38;2;138;138;154m 1 running[39m  [38;2;255;176;0m◆[38;2;138;138;154m 0 review[39m  [38;2;61;220;132m●[38;2;138;138;154m no profile[38;2;35;35;46m│[39m
[38;2;35;35;46m│[39m [38;2;138;138;154m 1 board [39m  [38;2;138;138;154m 2 term [39m  [38;2;138;138;154m 3 road [39m  [38;2;138;138;154m 4 chat [39m  [38;2;138;138;154m 5 tree [39m  [38;2;138;138;154m 6 set [39m  [1m[48;2;255;107;53m[38;2;5;5;7m 7 agents [39m[49m[22m                                     [38;2;35;35;46m│[39m
[38;2;35;35;46m│[39m [38;2;138;138;154m 1 swarm [39m [38;2;138;138;154m 2 graph [39m [38;2;138;138;154m 3 inspect [39m [38;2;138;138;154m 4 trace [39m [38;2;138;138;154m 5 tokens [39m [1m[48;2;255;107;53m[38;2;5;5;7m 6 waits [39m[49m[22m [38;2;74;74;88m1 agent · esc then 1-7 to switch tabs[39m       [38;2;35;35;46m│[39m
[38;2;35;35;46m│[39m                                                                                                            [38;2;35;35;46m│[39m
[38;2;35;35;46m│[39m [38;2;255;107;53m┌──────────────────────────────────────────────────────┐[39m [38;2;35;35;46m┌───────────────────────────────────────────────┐[39m [38;2;35;35;46m│[39m
[38;2;35;35;46m│[39m [38;2;255;107;53m│[39m [1m[38;2;255;107;53mBLOCKING ANALYSIS · 0 blocked[39m[22m                        [38;2;255;107;53m│[39m [38;2;35;35;46m│[39m [38;2;138;138;154mESCALATION THRESHOLDS[39m                         [38;2;35;35;46m│[39m [38;2;35;35;46m│[39m
[38;2;35;35;46m│[39m [38;2;255;107;53m│[39m [38;2;61;220;132mnothing blocked — no wait states detected[39m            [38;2;255;107;53m│[39m [38;2;35;35;46m│[39m [38;2;138;138;154mMAX_QA_ITERATIONS           [38;2;255;107;53m50    [38;2;74;74;88mqa-loop[39m     [38;2;35;35;46m│[39m [38;2;35;35;46m│[39m
[38;2;35;35;46m│[39m [38;2;255;107;53m│[39m [38;2;74;74;88mr writes RESUME sentinel for the selected agent [39m     [38;2;255;107;53m│[39m [38;2;35;35;46m│[39m [38;2;138;138;154mMAX_CONSECUTIVE_ERRORS      [38;2;255;107;53m3     [38;2;74;74;88mqa-loop[39m     [38;2;35;35;46m│[39m [38;2;35;35;46m│[39m
[38;2;35;35;46m│[39m [38;2;255;107;53m│[39m [38;2;74;74;88m(spec §4.1)[39m                                          [38;2;255;107;53m│[39m [38;2;35;35;46m│[39m [38;2;138;138;154mRECURRING_ISSUE_THRESHOLD   [38;2;255;107;53m3     [38;2;74;74;88mqa-loop[39m     [38;2;35;35;46m│[39m [38;2;35;35;46m│[39m
[38;2;35;35;46m│[39m [38;2;255;107;53m│[39m                                                      [38;2;255;107;53m│[39m [38;2;35;35;46m│[39m [38;2;138;138;154mMAX_SUBTASK_RETRIES         [38;2;255;107;53m3     [38;2;74;74;88mbuild-orch[39m  [38;2;35;35;46m│[39m [38;2;35;35;46m│[39m
[38;2;35;35;46m│[39m [38;2;255;107;53m│[39m                                                      [38;2;255;107;53m│[39m [38;2;35;35;46m│[39m [38;2;138;138;154mCIRCULAR_FIX_THRESHOLD      [38;2;255;107;53m3     [38;2;74;74;88mrecovery[39m    [38;2;35;35;46m│[39m [38;2;35;35;46m│[39m
[38;2;35;35;46m│[39m [38;2;255;107;53m│[39m                                                      [38;2;255;107;53m│[39m [38;2;35;35;46m│[39m [38;2;138;138;154mMAX_ATTEMPTS_PER_SUBTASK    [38;2;255;107;53m50    [38;2;74;74;88mrecovery[39m    [38;2;35;35;46m│[39m [38;2;35;35;46m│[39m
[38;2;35;35;46m│[39m [38;2;255;107;53m│[39m                                                      [38;2;255;107;53m│[39m [38;2;35;35;46m│[39m [38;2;138;138;154mDEFAULT_MAX_CONCURRENCY     [38;2;255;107;53m3     [38;2;74;74;88mparallel[39m    [38;2;35;35;46m│[39m [38;2;35;35;46m│[39m
[38;2;35;35;46m│[39m [38;2;255;107;53m│[39m                                                      [38;2;255;107;53m│[39m [38;2;35;35;46m│[39m [38;2;138;138;154mSTAGGER_DELAY_MS            [38;2;255;107;53m1s    [38;2;74;74;88mparallel[39m    [38;2;35;35;46m│[39m [38;2;35;35;46m│[39m
[38;2;35;35;46m│[39m [38;2;255;107;53m│[39m                                                      [38;2;255;107;53m│[39m [38;2;35;35;46m│[39m [38;2;138;138;154mMAX_RATE_LIMIT_WAIT         [38;2;255;107;53m2h    [38;2;74;74;88mpause[39m       [38;2;35;35;46m│[39m [38;2;35;35;46m│[39m
[38;2;35;35;46m│[39m [38;2;255;107;53m│[39m                                                      [38;2;255;107;53m│[39m [38;2;35;35;46m│[39m [38;2;138;138;154mAUTH_RESUME_MAX_WAIT        [38;2;255;107;53m24h   [38;2;74;74;88mpause[39m       [38;2;35;35;46m│[39m [38;2;35;35;46m│[39m
[38;2;35;35;46m│[39m [38;2;255;107;53m│[39m                                                      [38;2;255;107;53m│[39m [38;2;35;35;46m│[39m [38;2;138;138;154mMAX_CONTINUATIONS           [38;2;255;107;53m5     [38;2;74;74;88mcontinuation[38;2;35;35;46m│[39m [38;2;35;35;46m│[39m
[38;2;35;35;46m│[39m [38;2;255;107;53m│[39m                                                      [38;2;255;107;53m│[39m [38;2;35;35;46m│[39m [38;2;138;138;154mSUBAGENT_MAX_STEPS          [38;2;255;107;53m100   [38;2;74;74;88msubagent[39m    [38;2;35;35;46m│[39m [38;2;35;35;46m│[39m
[38;2;35;35;46m│[39m [38;2;255;107;53m│[39m                                                      [38;2;255;107;53m│[39m [38;2;35;35;46m│[39m [38;2;74;74;88mrecovery actions: rollback │ retry │ skip │ [39m  [38;2;35;35;46m│[39m [38;2;35;35;46m│[39m
[38;2;35;35;46m│[39m [38;2;255;107;53m│[39m                                                      [38;2;255;107;53m│[39m [38;2;35;35;46m│[39m [38;2;74;74;88mescalate[39m                                      [38;2;35;35;46m│[39m [38;2;35;35;46m│[39m
[38;2;35;35;46m│[39m [38;2;255;107;53m└──────────────────────────────────────────────────────┘[39m [38;2;35;35;46m└───────────────────────────────────────────────┘[39m [38;2;35;35;46m│[39m
[38;2;35;35;46m│[1m[48;2;255;107;53m[38;2;5;5;7m AGENTS [39m[49m[22m [38;2;138;138;154m1-6 sub-view · j/k select · ⏎ inspect · f filter · r resume[39m                           [38;2;255;107;53m:[38;2;74;74;88m cmd  [38;2;255;107;53m?[38;2;74;74;88m help[38;2;35;35;46m│[39m
[38;2;35;35;46m└────────────────────────────────────────────────────────────────────────────────────────────────────────────┘[39m
[2K[1A[2K[1A[2K[1A[2K[1A[2K[1A[2K[1A[2K[1A[2K[1A[2K[1A[2K[1A[2K[1A[2K[1A[2K[1A[2K[1A[2K[1A[2K[1A[2K[1A[2K[1A[2K[1A[2K[1A[2K[1A[2K[1A[2K[1A[2K[1A[2K[G[38;2;35;35;46m┌────────────────────────────────────────────────────────────────────────────────────────────────────────────┐[39m
[38;2;35;35;46m│[1m[38;2;255;107;53mAPERANT[39m[22m [38;2;74;74;88m│[39m [38;2;138;138;154maperant-fixture[39m [38;2;74;74;88m/tmp/aperant-fixture[39m [38;2;74;74;88m│[39m [38;2;56;189;248m⑂ develop[39m             [38;2;255;107;53m◉[38;2;138;138;154m 1 running[39m  [38;2;255;176;0m◆[38;2;138;138;154m 0 review[39m  [38;2;61;220;132m●[38;2;138;138;154m no profile[38;2;35;35;46m│[39m
[38;2;35;35;46m│[39m [38;2;138;138;154m 1 board [39m  [38;2;138;138;154m 2 term [39m  [38;2;138;138;154m 3 road [39m  [38;2;138;138;154m 4 chat [39m  [38;2;138;138;154m 5 tree [39m  [38;2;138;138;154m 6 set [39m  [1m[48;2;255;107;53m[38;2;5;5;7m 7 agents [39m[49m[22m                                     [38;2;35;35;46m│[39m
[38;2;35;35;46m│[39m [38;2;138;138;154m 1 swarm [39m [38;2;138;138;154m 2 graph [39m [38;2;138;138;154m 3 inspect [39m [38;2;138;138;154m 4 trace [39m [38;2;138;138;154m 5 tokens [39m [1m[48;2;255;107;53m[38;2;5;5;7m 6 waits [39m[49m[22m [38;2;74;74;88m1 agent · esc then 1-7 to switch tabs[39m       [38;2;35;35;46m│[39m
[38;2;35;35;46m│[39m                                                                                                            [38;2;35;35;46m│[39m
[38;2;35;35;46m│[39m [38;2;255;107;53m┌──────────────────────────────────────────────────────┐[39m [38;2;35;35;46m┌───────────────────────────────────────────────┐[39m [38;2;35;35;46m│[39m
[38;2;35;35;46m│[39m [38;2;255;107;53m│[39m [1m[38;2;255;107;53mBLOCKING ANALYSIS · 1 blocked[39m[22m                        [38;2;255;107;53m│[39m [38;2;35;35;46m│[39m [38;2;138;138;154mESCALATION THRESHOLDS[39m                         [38;2;35;35;46m│[39m [38;2;35;35;46m│[39m
[38;2;35;35;46m│[39m [38;2;255;107;53m│[39m [38;2;255;68;68m⏱ 002-fix-terminal-b [38;2;74;74;88m[429][38;2;255;107;53m  ❯ selected[39m               [38;2;255;107;53m│[39m [38;2;35;35;46m│[39m [38;2;138;138;154mMAX_QA_ITERATIONS           [38;2;255;107;53m50    [38;2;74;74;88mqa-loop[39m     [38;2;35;35;46m│[39m [38;2;35;35;46m│[39m
[38;2;35;35;46m│[39m [38;2;255;107;53m│[39m [38;2;138;138;154m  ⏱ 429 resets 2026-08-12T13:04:00Z · waited 1s[39m      [38;2;255;107;53m│[39m [38;2;35;35;46m│[39m [38;2;138;138;154mMAX_CONSECUTIVE_ERRORS      [38;2;255;107;53m3     [38;2;74;74;88mqa-loop[39m     [38;2;35;35;46m│[39m [38;2;35;35;46m│[39m
[38;2;35;35;46m│[39m [38;2;255;107;53m│[39m                                                      [38;2;255;107;53m│[39m [38;2;35;35;46m│[39m [38;2;138;138;154mRECURRING_ISSUE_THRESHOLD   [38;2;255;107;53m3     [38;2;74;74;88mqa-loop[39m     [38;2;35;35;46m│[39m [38;2;35;35;46m│[39m
[38;2;35;35;46m│[39m [38;2;255;107;53m│[39m [38;2;74;74;88mr writes RESUME sentinel for the selected agent [39m     [38;2;255;107;53m│[39m [38;2;35;35;46m│[39m [38;2;138;138;154mMAX_SUBTASK_RETRIES         [38;2;255;107;53m3     [38;2;74;74;88mbuild-orch[39m  [38;2;35;35;46m│[39m [38;2;35;35;46m│[39m
[38;2;35;35;46m│[39m [38;2;255;107;53m│[39m [38;2;74;74;88m(spec §4.1)[39m                                          [38;2;255;107;53m│[39m [38;2;35;35;46m│[39m [38;2;138;138;154mCIRCULAR_FIX_THRESHOLD      [38;2;255;107;53m3     [38;2;74;74;88mrecovery[39m    [38;2;35;35;46m│[39m [38;2;35;35;46m│[39m
[38;2;35;35;46m│[39m [38;2;255;107;53m│[39m                                                      [38;2;255;107;53m│[39m [38;2;35;35;46m│[39m [38;2;138;138;154mMAX_ATTEMPTS_PER_SUBTASK    [38;2;255;107;53m50    [38;2;74;74;88mrecovery[39m    [38;2;35;35;46m│[39m [38;2;35;35;46m│[39m
[38;2;35;35;46m│[39m [38;2;255;107;53m│[39m                                                      [38;2;255;107;53m│[39m [38;2;35;35;46m│[39m [38;2;138;138;154mDEFAULT_MAX_CONCURRENCY     [38;2;255;107;53m3     [38;2;74;74;88mparallel[39m    [38;2;35;35;46m│[39m [38;2;35;35;46m│[39m
[38;2;35;35;46m│[39m [38;2;255;107;53m│[39m                                                      [38;2;255;107;53m│[39m [38;2;35;35;46m│[39m [38;2;138;138;154mSTAGGER_DELAY_MS            [38;2;255;107;53m1s    [38;2;74;74;88mparallel[39m    [38;2;35;35;46m│[39m [38;2;35;35;46m│[39m
[38;2;35;35;46m│[39m [38;2;255;107;53m│[39m                                                      [38;2;255;107;53m│[39m [38;2;35;35;46m│[39m [38;2;138;138;154mMAX_RATE_LIMIT_WAIT         [38;2;255;107;53m2h    [38;2;74;74;88mpause[39m       [38;2;35;35;46m│[39m [38;2;35;35;46m│[39m
[38;2;35;35;46m│[39m [38;2;255;107;53m│[39m                                                      [38;2;255;107;53m│[39m [38;2;35;35;46m│[39m [38;2;138;138;154mAUTH_RESUME_MAX_WAIT        [38;2;255;107;53m24h   [38;2;74;74;88mpause[39m       [38;2;35;35;46m│[39m [38;2;35;35;46m│[39m
[38;2;35;35;46m│[39m [38;2;255;107;53m│[39m                                                      [38;2;255;107;53m│[39m [38;2;35;35;46m│[39m [38;2;138;138;154mMAX_CONTINUATIONS           [38;2;255;107;53m5     [38;2;74;74;88mcontinuation[38;2;35;35;46m│[39m [38;2;35;35;46m│[39m
[38;2;35;35;46m│[39m [38;2;255;107;53m│[39m                                                      [38;2;255;107;53m│[39m [38;2;35;35;46m│[39m [38;2;138;138;154mSUBAGENT_MAX_STEPS          [38;2;255;107;53m100   [38;2;74;74;88msubagent[39m    [38;2;35;35;46m│[39m [38;2;35;35;46m│[39m
[38;2;35;35;46m│[39m [38;2;255;107;53m│[39m                                                      [38;2;255;107;53m│[39m [38;2;35;35;46m│[39m [38;2;74;74;88mrecovery actions: rollback │ retry │ skip │ [39m  [38;2;35;35;46m│[39m [38;2;35;35;46m│[39m
[38;2;35;35;46m│[39m [38;2;255;107;53m│[39m                                                      [38;2;255;107;53m│[39m [38;2;35;35;46m│[39m [38;2;74;74;88mescalate[39m                                      [38;2;35;35;46m│[39m [38;2;35;35;46m│[39m
[38;2;35;35;46m│[39m [38;2;255;107;53m└──────────────────────────────────────────────────────┘[39m [38;2;35;35;46m└───────────────────────────────────────────────┘[39m [38;2;35;35;46m│[39m
[38;2;35;35;46m│[1m[48;2;255;107;53m[38;2;5;5;7m AGENTS [39m[49m[22m [38;2;138;138;154m1-6 sub-view · j/k select · ⏎ inspect · f filter · r resume[39m                           [38;2;255;107;53m:[38;2;74;74;88m cmd  [38;2;255;107;53m?[38;2;74;74;88m help[38;2;35;35;46m│[39m
[38;2;35;35;46m└────────────────────────────────────────────────────────────────────────────────────────────────────────────┘[39m
[2K[1A[2K[1A[2K[1A[2K[1A[2K[1A[2K[1A[2K[1A[2K[1A[2K[1A[2K[1A[2K[1A[2K[1A[2K[1A[2K[1A[2K[1A[2K[1A[2K[1A[2K[1A[2K[1A[2K[1A[2K[1A[2K[1A[2K[1A[2K[1A[2K[G[38;2;35;35;46m┌────────────────────────────────────────────────────────────────────────────────────────────────────────────┐[39m
[38;2;35;35;46m│[1m[38;2;255;107;53mAPERANT[39m[22m [38;2;74;74;88m│[39m [38;2;138;138;154maperant-fixture[39m [38;2;74;74;88m/tmp/aperant-fixture[39m [38;2;74;74;88m│[39m [38;2;56;189;248m⑂ develop[39m             [38;2;255;107;53m◉[38;2;138;138;154m 1 running[39m  [38;2;255;176;0m◆[38;2;138;138;154m 1 review[39m  [38;2;61;220;132m●[38;2;138;138;154m no profile[38;2;35;35;46m│[39m
[38;2;35;35;46m│[39m [38;2;138;138;154m 1 board [39m  [38;2;138;138;154m 2 term [39m  [38;2;138;138;154m 3 road [39m  [38;2;138;138;154m 4 chat [39m  [38;2;138;138;154m 5 tree [39m  [38;2;138;138;154m 6 set [39m  [1m[48;2;255;107;53m[38;2;5;5;7m 7 agents [39m[49m[22m                                     [38;2;35;35;46m│[39m
[38;2;35;35;46m│[39m [38;2;138;138;154m 1 swarm [39m [38;2;138;138;154m 2 graph [39m [38;2;138;138;154m 3 inspect [39m [38;2;138;138;154m 4 trace [39m [38;2;138;138;154m 5 tokens [39m [1m[48;2;255;107;53m[38;2;5;5;7m 6 waits [39m[49m[22m [38;2;74;74;88m1 agent · esc then 1-7 to switch tabs[39m       [38;2;35;35;46m│[39m
[38;2;35;35;46m│[39m                                                                                                            [38;2;35;35;46m│[39m
[38;2;35;35;46m│[39m [38;2;255;107;53m┌──────────────────────────────────────────────────────┐[39m [38;2;35;35;46m┌───────────────────────────────────────────────┐[39m [38;2;35;35;46m│[39m
[38;2;35;35;46m│[39m [38;2;255;107;53m│[39m [1m[38;2;255;107;53mBLOCKING ANALYSIS · 1 blocked[39m[22m                        [38;2;255;107;53m│[39m [38;2;35;35;46m│[39m [38;2;138;138;154mESCALATION THRESHOLDS[39m                         [38;2;35;35;46m│[39m [38;2;35;35;46m│[39m
[38;2;35;35;46m│[39m [38;2;255;107;53m│[39m [38;2;255;68;68m⏱ 002-fix-terminal-b [38;2;74;74;88m[429][38;2;255;107;53m  ❯ selected[39m               [38;2;255;107;53m│[39m [38;2;35;35;46m│[39m [38;2;138;138;154mMAX_QA_ITERATIONS           [38;2;255;107;53m50    [38;2;74;74;88mqa-loop[39m     [38;2;35;35;46m│[39m [38;2;35;35;46m│[39m
[38;2;35;35;46m│[39m [38;2;255;107;53m│[39m [38;2;138;138;154m  ⏱ 429 resets 2026-08-12T13:04:00Z · waited 1s[39m      [38;2;255;107;53m│[39m [38;2;35;35;46m│[39m [38;2;138;138;154mMAX_CONSECUTIVE_ERRORS      [38;2;255;107;53m3     [38;2;74;74;88mqa-loop[39m     [38;2;35;35;46m│[39m [38;2;35;35;46m│[39m
[38;2;35;35;46m│[39m [38;2;255;107;53m│[39m                                                      [38;2;255;107;53m│[39m [38;2;35;35;46m│[39m [38;2;138;138;154mRECURRING_ISSUE_THRESHOLD   [38;2;255;107;53m3     [38;2;74;74;88mqa-loop[39m     [38;2;35;35;46m│[39m [38;2;35;35;46m│[39m
[38;2;35;35;46m│[39m [38;2;255;107;53m│[39m [38;2;74;74;88mr writes RESUME sentinel for the selected agent [39m     [38;2;255;107;53m│[39m [38;2;35;35;46m│[39m [38;2;138;138;154mMAX_SUBTASK_RETRIES         [38;2;255;107;53m3     [38;2;74;74;88mbuild-orch[39m  [38;2;35;35;46m│[39m [38;2;35;35;46m│[39m
[38;2;35;35;46m│[39m [38;2;255;107;53m│[39m [38;2;74;74;88m(spec §4.1)[39m                                          [38;2;255;107;53m│[39m [38;2;35;35;46m│[39m [38;2;138;138;154mCIRCULAR_FIX_THRESHOLD      [38;2;255;107;53m3     [38;2;74;74;88mrecovery[39m    [38;2;35;35;46m│[39m [38;2;35;35;46m│[39m
[38;2;35;35;46m│[39m [38;2;255;107;53m│[39m                                                      [38;2;255;107;53m│[39m [38;2;35;35;46m│[39m [38;2;138;138;154mMAX_ATTEMPTS_PER_SUBTASK    [38;2;255;107;53m50    [38;2;74;74;88mrecovery[39m    [38;2;35;35;46m│[39m [38;2;35;35;46m│[39m
[38;2;35;35;46m│[39m [38;2;255;107;53m│[39m                                                      [38;2;255;107;53m│[39m [38;2;35;35;46m│[39m [38;2;138;138;154mDEFAULT_MAX_CONCURRENCY     [38;2;255;107;53m3     [38;2;74;74;88mparallel[39m    [38;2;35;35;46m│[39m [38;2;35;35;46m│[39m
[38;2;35;35;46m│[39m [38;2;255;107;53m│[39m                                                      [38;2;255;107;53m│[39m [38;2;35;35;46m│[39m [38;2;138;138;154mSTAGGER_DELAY_MS            [38;2;255;107;53m1s    [38;2;74;74;88mparallel[39m    [38;2;35;35;46m│[39m [38;2;35;35;46m│[39m
[38;2;35;35;46m│[39m [38;2;255;107;53m│[39m                                                      [38;2;255;107;53m│[39m [38;2;35;35;46m│[39m [38;2;138;138;154mMAX_RATE_LIMIT_WAIT         [38;2;255;107;53m2h    [38;2;74;74;88mpause[39m       [38;2;35;35;46m│[39m [38;2;35;35;46m│[39m
[38;2;35;35;46m│[39m [38;2;255;107;53m│[39m                                                      [38;2;255;107;53m│[39m [38;2;35;35;46m│[39m [38;2;138;138;154mAUTH_RESUME_MAX_WAIT        [38;2;255;107;53m24h   [38;2;74;74;88mpause[39m       [38;2;35;35;46m│[39m [38;2;35;35;46m│[39m
[38;2;35;35;46m│[39m [38;2;255;107;53m│[39m                                                      [38;2;255;107;53m│[39m [38;2;35;35;46m│[39m [38;2;138;138;154mMAX_CONTINUATIONS           [38;2;255;107;53m5     [38;2;74;74;88mcontinuation[38;2;35;35;46m│[39m [38;2;35;35;46m│[39m
[38;2;35;35;46m│[39m [38;2;255;107;53m│[39m                                                      [38;2;255;107;53m│[39m [38;2;35;35;46m│[39m [38;2;138;138;154mSUBAGENT_MAX_STEPS          [38;2;255;107;53m100   [38;2;74;74;88msubagent[39m    [38;2;35;35;46m│[39m [38;2;35;35;46m│[39m
[38;2;35;35;46m│[39m [38;2;255;107;53m│[39m                                                      [38;2;255;107;53m│[39m [38;2;35;35;46m│[39m [38;2;74;74;88mrecovery actions: rollback │ retry │ skip │ [39m  [38;2;35;35;46m│[39m [38;2;35;35;46m│[39m
[38;2;35;35;46m│[39m [38;2;255;107;53m│[39m                                                      [38;2;255;107;53m│[39m [38;2;35;35;46m│[39m [38;2;74;74;88mescalate[39m                                      [38;2;35;35;46m│[39m [38;2;35;35;46m│[39m
[38;2;35;35;46m│[39m [38;2;255;107;53m└──────────────────────────────────────────────────────┘[39m [38;2;35;35;46m└───────────────────────────────────────────────┘[39m [38;2;35;35;46m│[39m
[38;2;35;35;46m│[1m[48;2;255;107;53m[38;2;5;5;7m AGENTS [39m[49m[22m [38;2;138;138;154m1-6 sub-view · j/k select · ⏎ inspect · f filter · r resume[39m                           [38;2;255;107;53m:[38;2;74;74;88m cmd  [38;2;255;107;53m?[38;2;74;74;88m help[38;2;35;35;46m│[39m
[38;2;35;35;46m└────────────────────────────────────────────────────────────────────────────────────────────────────────────┘[39m
[2K[1A[2K[1A[2K[1A[2K[1A[2K[1A[2K[1A[2K[1A[2K[1A[2K[1A[2K[1A[2K[1A[2K[1A[2K[1A[2K[1A[2K[1A[2K[1A[2K[1A[2K[1A[2K[1A[2K[1A[2K[1A[2K[1A[2K[1A[2K[1A[2K[G[38;2;35;35;46m┌────────────────────────────────────────────────────────────────────────────────────────────────────────────┐[39m
[38;2;35;35;46m│[1m[38;2;255;107;53mAPERANT[39m[22m [38;2;74;74;88m│[39m [38;2;138;138;154maperant-fixture[39m [38;2;74;74;88m/tmp/aperant-fixture[39m [38;2;74;74;88m│[39m [38;2;56;189;248m⑂ develop[39m             [38;2;255;107;53m◉[38;2;138;138;154m 1 running[39m  [38;2;255;176;0m◆[38;2;138;138;154m 1 review[39m  [38;2;61;220;132m●[38;2;138;138;154m no profile[38;2;35;35;46m│[39m
[38;2;35;35;46m│[39m [38;2;138;138;154m 1 board [39m  [38;2;138;138;154m 2 term [39m  [38;2;138;138;154m 3 road [39m  [38;2;138;138;154m 4 chat [39m  [38;2;138;138;154m 5 tree [39m  [38;2;138;138;154m 6 set [39m  [1m[48;2;255;107;53m[38;2;5;5;7m 7 agents [39m[49m[22m                                     [38;2;35;35;46m│[39m
[38;2;35;35;46m│[39m [38;2;138;138;154m 1 swarm [39m [38;2;138;138;154m 2 graph [39m [38;2;138;138;154m 3 inspect [39m [38;2;138;138;154m 4 trace [39m [38;2;138;138;154m 5 tokens [39m [1m[48;2;255;107;53m[38;2;5;5;7m 6 waits [39m[49m[22m [38;2;74;74;88m1 agent · esc then 1-7 to switch tabs[39m       [38;2;35;35;46m│[39m
[38;2;35;35;46m│[39m                                                                                                            [38;2;35;35;46m│[39m
[38;2;35;35;46m│[39m [38;2;255;107;53m┌──────────────────────────────────────────────────────┐[39m [38;2;35;35;46m┌───────────────────────────────────────────────┐[39m [38;2;35;35;46m│[39m
[38;2;35;35;46m│[39m [38;2;255;107;53m│[39m [1m[38;2;255;107;53mBLOCKING ANALYSIS · 1 blocked[39m[22m                        [38;2;255;107;53m│[39m [38;2;35;35;46m│[39m [38;2;138;138;154mESCALATION THRESHOLDS[39m                         [38;2;35;35;46m│[39m [38;2;35;35;46m│[39m
[38;2;35;35;46m│[39m [38;2;255;107;53m│[39m [38;2;255;68;68m⏱ 002-fix-terminal-b [38;2;74;74;88m[429][38;2;255;107;53m  ❯ selected[39m               [38;2;255;107;53m│[39m [38;2;35;35;46m│[39m [38;2;138;138;154mMAX_QA_ITERATIONS           [38;2;255;107;53m50    [38;2;74;74;88mqa-loop[39m     [38;2;35;35;46m│[39m [38;2;35;35;46m│[39m
[38;2;35;35;46m│[39m [38;2;255;107;53m│[39m [38;2;138;138;154m  ⏱ 429 resets 2026-08-12T13:04:00Z · waited 2s[39m      [38;2;255;107;53m│[39m [38;2;35;35;46m│[39m [38;2;138;138;154mMAX_CONSECUTIVE_ERRORS      [38;2;255;107;53m3     [38;2;74;74;88mqa-loop[39m     [38;2;35;35;46m│[39m [38;2;35;35;46m│[39m
[38;2;35;35;46m│[39m [38;2;255;107;53m│[39m                                                      [38;2;255;107;53m│[39m [38;2;35;35;46m│[39m [38;2;138;138;154mRECURRING_ISSUE_THRESHOLD   [38;2;255;107;53m3     [38;2;74;74;88mqa-loop[39m     [38;2;35;35;46m│[39m [38;2;35;35;46m│[39m
[38;2;35;35;46m│[39m [38;2;255;107;53m│[39m [38;2;74;74;88mr writes RESUME sentinel for the selected agent [39m     [38;2;255;107;53m│[39m [38;2;35;35;46m│[39m [38;2;138;138;154mMAX_SUBTASK_RETRIES         [38;2;255;107;53m3     [38;2;74;74;88mbuild-orch[39m  [38;2;35;35;46m│[39m [38;2;35;35;46m│[39m
[38;2;35;35;46m│[39m [38;2;255;107;53m│[39m [38;2;74;74;88m(spec §4.1)[39m                                          [38;2;255;107;53m│[39m [38;2;35;35;46m│[39m [38;2;138;138;154mCIRCULAR_FIX_THRESHOLD      [38;2;255;107;53m3     [38;2;74;74;88mrecovery[39m    [38;2;35;35;46m│[39m [38;2;35;35;46m│[39m
[38;2;35;35;46m│[39m [38;2;255;107;53m│[39m                                                      [38;2;255;107;53m│[39m [38;2;35;35;46m│[39m [38;2;138;138;154mMAX_ATTEMPTS_PER_SUBTASK    [38;2;255;107;53m50    [38;2;74;74;88mrecovery[39m    [38;2;35;35;46m│[39m [38;2;35;35;46m│[39m
[38;2;35;35;46m│[39m [38;2;255;107;53m│[39m                                                      [38;2;255;107;53m│[39m [38;2;35;35;46m│[39m [38;2;138;138;154mDEFAULT_MAX_CONCURRENCY     [38;2;255;107;53m3     [38;2;74;74;88mparallel[39m    [38;2;35;35;46m│[39m [38;2;35;35;46m│[39m
[38;2;35;35;46m│[39m [38;2;255;107;53m│[39m                                                      [38;2;255;107;53m│[39m [38;2;35;35;46m│[39m [38;2;138;138;154mSTAGGER_DELAY_MS            [38;2;255;107;53m1s    [38;2;74;74;88mparallel[39m    [38;2;35;35;46m│[39m [38;2;35;35;46m│[39m
[38;2;35;35;46m│[39m [38;2;255;107;53m│[39m                                                      [38;2;255;107;53m│[39m [38;2;35;35;46m│[39m [38;2;138;138;154mMAX_RATE_LIMIT_WAIT         [38;2;255;107;53m2h    [38;2;74;74;88mpause[39m       [38;2;35;35;46m│[39m [38;2;35;35;46m│[39m
[38;2;35;35;46m│[39m [38;2;255;107;53m│[39m                                                      [38;2;255;107;53m│[39m [38;2;35;35;46m│[39m [38;2;138;138;154mAUTH_RESUME_MAX_WAIT        [38;2;255;107;53m24h   [38;2;74;74;88mpause[39m       [38;2;35;35;46m│[39m [38;2;35;35;46m│[39m
[38;2;35;35;46m│[39m [38;2;255;107;53m│[39m                                                      [38;2;255;107;53m│[39m [38;2;35;35;46m│[39m [38;2;138;138;154mMAX_CONTINUATIONS           [38;2;255;107;53m5     [38;2;74;74;88mcontinuation[38;2;35;35;46m│[39m [38;2;35;35;46m│[39m
[38;2;35;35;46m│[39m [38;2;255;107;53m│[39m                                                      [38;2;255;107;53m│[39m [38;2;35;35;46m│[39m [38;2;138;138;154mSUBAGENT_MAX_STEPS          [38;2;255;107;53m100   [38;2;74;74;88msubagent[39m    [38;2;35;35;46m│[39m [38;2;35;35;46m│[39m
[38;2;35;35;46m│[39m [38;2;255;107;53m│[39m                                                      [38;2;255;107;53m│[39m [38;2;35;35;46m│[39m [38;2;74;74;88mrecovery actions: rollback │ retry │ skip │ [39m  [38;2;35;35;46m│[39m [38;2;35;35;46m│[39m
[38;2;35;35;46m│[39m [38;2;255;107;53m│[39m                                                      [38;2;255;107;53m│[39m [38;2;35;35;46m│[39m [38;2;74;74;88mescalate[39m                                      [38;2;35;35;46m│[39m [38;2;35;35;46m│[39m
[38;2;35;35;46m│[39m [38;2;255;107;53m└──────────────────────────────────────────────────────┘[39m [38;2;35;35;46m└───────────────────────────────────────────────┘[39m [38;2;35;35;46m│[39m
[38;2;35;35;46m│[1m[48;2;255;107;53m[38;2;5;5;7m AGENTS [39m[49m[22m [38;2;138;138;154m1-6 sub-view · j/k select · ⏎ inspect · f filter · r resume[39m                           [38;2;255;107;53m:[38;2;74;74;88m cmd  [38;2;255;107;53m?[38;2;74;74;88m help[38;2;35;35;46m│[39m
[38;2;35;35;46m└────────────────────────────────────────────────────────────────────────────────────────────────────────────┘[39m
[2K[1A[2K[1A[2K[1A[2K[1A[2K[1A[2K[1A[2K[1A[2K[1A[2K[1A[2K[1A[2K[1A[2K[1A[2K[1A[2K[1A[2K[1A[2K[1A[2K[1A[2K[1A[2K[1A[2K[1A[2K[1A[2K[1A[2K[1A[2K[1A[2K[G[38;2;35;35;46m┌────────────────────────────────────────────────────────────────────────────────────────────────────────────┐[39m
[38;2;35;35;46m│[1m[38;2;255;107;53mAPERANT[39m[22m [38;2;74;74;88m│[39m [38;2;138;138;154maperant-fixture[39m [38;2;74;74;88m/tmp/aperant-fixture[39m [38;2;74;74;88m│[39m [38;2;56;189;248m⑂ develop[39m             [38;2;255;107;53m◉[38;2;138;138;154m 1 running[39m  [38;2;255;176;0m◆[38;2;138;138;154m 1 review[39m  [38;2;61;220;132m●[38;2;138;138;154m no profile[38;2;35;35;46m│[39m
[38;2;35;35;46m│[39m [38;2;138;138;154m 1 board [39m  [38;2;138;138;154m 2 term [39m  [38;2;138;138;154m 3 road [39m  [38;2;138;138;154m 4 chat [39m  [38;2;138;138;154m 5 tree [39m  [38;2;138;138;154m 6 set [39m  [1m[48;2;255;107;53m[38;2;5;5;7m 7 agents [39m[49m[22m                                     [38;2;35;35;46m│[39m
[38;2;35;35;46m│[39m [38;2;138;138;154m 1 swarm [39m [38;2;138;138;154m 2 graph [39m [38;2;138;138;154m 3 inspect [39m [38;2;138;138;154m 4 trace [39m [38;2;138;138;154m 5 tokens [39m [1m[48;2;255;107;53m[38;2;5;5;7m 6 waits [39m[49m[22m [38;2;74;74;88m1 agent · esc then 1-7 to switch tabs[39m       [38;2;35;35;46m│[39m
[38;2;35;35;46m│[39m                                                                                                            [38;2;35;35;46m│[39m
[38;2;35;35;46m│[39m [38;2;255;107;53m┌──────────────────────────────────────────────────────┐[39m [38;2;35;35;46m┌───────────────────────────────────────────────┐[39m [38;2;35;35;46m│[39m
[38;2;35;35;46m│[39m [38;2;255;107;53m│[39m [1m[38;2;255;107;53mBLOCKING ANALYSIS · 1 blocked[39m[22m                        [38;2;255;107;53m│[39m [38;2;35;35;46m│[39m [38;2;138;138;154mESCALATION THRESHOLDS[39m                         [38;2;35;35;46m│[39m [38;2;35;35;46m│[39m
[38;2;35;35;46m│[39m [38;2;255;107;53m│[39m [38;2;255;68;68m⏱ 002-fix-terminal-b [38;2;74;74;88m[429][38;2;255;107;53m  ❯ selected[39m               [38;2;255;107;53m│[39m [38;2;35;35;46m│[39m [38;2;138;138;154mMAX_QA_ITERATIONS           [38;2;255;107;53m50    [38;2;74;74;88mqa-loop[39m     [38;2;35;35;46m│[39m [38;2;35;35;46m│[39m
[38;2;35;35;46m│[39m [38;2;255;107;53m│[39m [38;2;138;138;154m  ⏱ 429 resets 2026-08-12T13:04:00Z · waited 3s[39m      [38;2;255;107;53m│[39m [38;2;35;35;46m│[39m [38;2;138;138;154mMAX_CONSECUTIVE_ERRORS      [38;2;255;107;53m3     [38;2;74;74;88mqa-loop[39m     [38;2;35;35;46m│[39m [38;2;35;35;46m│[39m
[38;2;35;35;46m│[39m [38;2;255;107;53m│[39m                                                      [38;2;255;107;53m│[39m [38;2;35;35;46m│[39m [38;2;138;138;154mRECURRING_ISSUE_THRESHOLD   [38;2;255;107;53m3     [38;2;74;74;88mqa-loop[39m     [38;2;35;35;46m│[39m [38;2;35;35;46m│[39m
[38;2;35;35;46m│[39m [38;2;255;107;53m│[39m [38;2;74;74;88mr writes RESUME sentinel for the selected agent [39m     [38;2;255;107;53m│[39m [38;2;35;35;46m│[39m [38;2;138;138;154mMAX_SUBTASK_RETRIES         [38;2;255;107;53m3     [38;2;74;74;88mbuild-orch[39m  [38;2;35;35;46m│[39m [38;2;35;35;46m│[39m
[38;2;35;35;46m│[39m [38;2;255;107;53m│[39m [38;2;74;74;88m(spec §4.1)[39m                                          [38;2;255;107;53m│[39m [38;2;35;35;46m│[39m [38;2;138;138;154mCIRCULAR_FIX_THRESHOLD      [38;2;255;107;53m3     [38;2;74;74;88mrecovery[39m    [38;2;35;35;46m│[39m [38;2;35;35;46m│[39m
[38;2;35;35;46m│[39m [38;2;255;107;53m│[39m                                                      [38;2;255;107;53m│[39m [38;2;35;35;46m│[39m [38;2;138;138;154mMAX_ATTEMPTS_PER_SUBTASK    [38;2;255;107;53m50    [38;2;74;74;88mrecovery[39m    [38;2;35;35;46m│[39m [38;2;35;35;46m│[39m
[38;2;35;35;46m│[39m [38;2;255;107;53m│[39m                                                      [38;2;255;107;53m│[39m [38;2;35;35;46m│[39m [38;2;138;138;154mDEFAULT_MAX_CONCURRENCY     [38;2;255;107;53m3     [38;2;74;74;88mparallel[39m    [38;2;35;35;46m│[39m [38;2;35;35;46m│[39m
[38;2;35;35;46m│[39m [38;2;255;107;53m│[39m                                                      [38;2;255;107;53m│[39m [38;2;35;35;46m│[39m [38;2;138;138;154mSTAGGER_DELAY_MS            [38;2;255;107;53m1s    [38;2;74;74;88mparallel[39m    [38;2;35;35;46m│[39m [38;2;35;35;46m│[39m
[38;2;35;35;46m│[39m [38;2;255;107;53m│[39m                                                      [38;2;255;107;53m│[39m [38;2;35;35;46m│[39m [38;2;138;138;154mMAX_RATE_LIMIT_WAIT         [38;2;255;107;53m2h    [38;2;74;74;88mpause[39m       [38;2;35;35;46m│[39m [38;2;35;35;46m│[39m
[38;2;35;35;46m│[39m [38;2;255;107;53m│[39m                                                      [38;2;255;107;53m│[39m [38;2;35;35;46m│[39m [38;2;138;138;154mAUTH_RESUME_MAX_WAIT        [38;2;255;107;53m24h   [38;2;74;74;88mpause[39m       [38;2;35;35;46m│[39m [38;2;35;35;46m│[39m
[38;2;35;35;46m│[39m [38;2;255;107;53m│[39m                                                      [38;2;255;107;53m│[39m [38;2;35;35;46m│[39m [38;2;138;138;154mMAX_CONTINUATIONS           [38;2;255;107;53m5     [38;2;74;74;88mcontinuation[38;2;35;35;46m│[39m [38;2;35;35;46m│[39m
[38;2;35;35;46m│[39m [38;2;255;107;53m│[39m                                                      [38;2;255;107;53m│[39m [38;2;35;35;46m│[39m [38;2;138;138;154mSUBAGENT_MAX_STEPS          [38;2;255;107;53m100   [38;2;74;74;88msubagent[39m    [38;2;35;35;46m│[39m [38;2;35;35;46m│[39m
[38;2;35;35;46m│[39m [38;2;255;107;53m│[39m                                                      [38;2;255;107;53m│[39m [38;2;35;35;46m│[39m [38;2;74;74;88mrecovery actions: rollback │ retry │ skip │ [39m  [38;2;35;35;46m│[39m [38;2;35;35;46m│[39m
[38;2;35;35;46m│[39m [38;2;255;107;53m│[39m                                                      [38;2;255;107;53m│[39m [38;2;35;35;46m│[39m [38;2;74;74;88mescalate[39m                                      [38;2;35;35;46m│[39m [38;2;35;35;46m│[39m
[38;2;35;35;46m│[39m [38;2;255;107;53m└──────────────────────────────────────────────────────┘[39m [38;2;35;35;46m└───────────────────────────────────────────────┘[39m [38;2;35;35;46m│[39m
[38;2;35;35;46m│[1m[48;2;255;107;53m[38;2;5;5;7m AGENTS [39m[49m[22m [38;2;138;138;154m1-6 sub-view · j/k select · ⏎ inspect · f filter · r resume[39m                           [38;2;255;107;53m:[38;2;74;74;88m cmd  [38;2;255;107;53m?[38;2;74;74;88m help[38;2;35;35;46m│[39m
[38;2;35;35;46m└────────────────────────────────────────────────────────────────────────────────────────────────────────────┘[39m
[2K[1A[2K[1A[2K[1A[2K[1A[2K[1A[2K[1A[2K[1A[2K[1A[2K[1A[2K[1A[2K[1A[2K[1A[2K[1A[2K[1A[2K[1A[2K[1A[2K[1A[2K[1A[2K[1A[2K[1A[2K[1A[2K[1A[2K[1A[2K[1A[2K[G[38;2;35;35;46m┌────────────────────────────────────────────────────────────────────────────────────────────────────────────┐[39m
[38;2;35;35;46m│[1m[38;2;255;107;53mAPERANT[39m[22m [38;2;74;74;88m│[39m [38;2;138;138;154maperant-fixture[39m [38;2;74;74;88m/tmp/aperant-fixture[39m [38;2;74;74;88m│[39m [38;2;56;189;248m⑂ develop[39m             [38;2;255;107;53m◉[38;2;138;138;154m 1 running[39m  [38;2;255;176;0m◆[38;2;138;138;154m 1 review[39m  [38;2;61;220;132m●[38;2;138;138;154m no profile[38;2;35;35;46m│[39m
[38;2;35;35;46m│[39m [38;2;138;138;154m 1 board [39m  [38;2;138;138;154m 2 term [39m  [38;2;138;138;154m 3 road [39m  [38;2;138;138;154m 4 chat [39m  [38;2;138;138;154m 5 tree [39m  [38;2;138;138;154m 6 set [39m  [1m[48;2;255;107;53m[38;2;5;5;7m 7 agents [39m[49m[22m                                     [38;2;35;35;46m│[39m
[38;2;35;35;46m│[39m [38;2;138;138;154m 1 swarm [39m [38;2;138;138;154m 2 graph [39m [38;2;138;138;154m 3 inspect [39m [38;2;138;138;154m 4 trace [39m [38;2;138;138;154m 5 tokens [39m [1m[48;2;255;107;53m[38;2;5;5;7m 6 waits [39m[49m[22m [38;2;74;74;88m1 agent · esc then 1-7 to switch tabs[39m       [38;2;35;35;46m│[39m
[38;2;35;35;46m│[39m                                                                                                            [38;2;35;35;46m│[39m
[38;2;35;35;46m│[39m [38;2;255;107;53m┌──────────────────────────────────────────────────────┐[39m [38;2;35;35;46m┌───────────────────────────────────────────────┐[39m [38;2;35;35;46m│[39m
[38;2;35;35;46m│[39m [38;2;255;107;53m│[39m [1m[38;2;255;107;53mBLOCKING ANALYSIS · 1 blocked[39m[22m                        [38;2;255;107;53m│[39m [38;2;35;35;46m│[39m [38;2;138;138;154mESCALATION THRESHOLDS[39m                         [38;2;35;35;46m│[39m [38;2;35;35;46m│[39m
[38;2;35;35;46m│[39m [38;2;255;107;53m│[39m [38;2;255;68;68m⏱ 002-fix-terminal-b [38;2;74;74;88m[429][38;2;255;107;53m  ❯ selected[39m               [38;2;255;107;53m│[39m [38;2;35;35;46m│[39m [38;2;138;138;154mMAX_QA_ITERATIONS           [38;2;255;107;53m50    [38;2;74;74;88mqa-loop[39m     [38;2;35;35;46m│[39m [38;2;35;35;46m│[39m
[38;2;35;35;46m│[39m [38;2;255;107;53m│[39m [38;2;138;138;154m  ⏱ 429 resets 2026-08-12T13:04:00Z · waited 4s[39m      [38;2;255;107;53m│[39m [38;2;35;35;46m│[39m [38;2;138;138;154mMAX_CONSECUTIVE_ERRORS      [38;2;255;107;53m3     [38;2;74;74;88mqa-loop[39m     [38;2;35;35;46m│[39m [38;2;35;35;46m│[39m
[38;2;35;35;46m│[39m [38;2;255;107;53m│[39m                                                      [38;2;255;107;53m│[39m [38;2;35;35;46m│[39m [38;2;138;138;154mRECURRING_ISSUE_THRESHOLD   [38;2;255;107;53m3     [38;2;74;74;88mqa-loop[39m     [38;2;35;35;46m│[39m [38;2;35;35;46m│[39m
[38;2;35;35;46m│[39m [38;2;255;107;53m│[39m [38;2;74;74;88mr writes RESUME sentinel for the selected agent [39m     [38;2;255;107;53m│[39m [38;2;35;35;46m│[39m [38;2;138;138;154mMAX_SUBTASK_RETRIES         [38;2;255;107;53m3     [38;2;74;74;88mbuild-orch[39m  [38;2;35;35;46m│[39m [38;2;35;35;46m│[39m
[38;2;35;35;46m│[39m [38;2;255;107;53m│[39m [38;2;74;74;88m(spec §4.1)[39m                                          [38;2;255;107;53m│[39m [38;2;35;35;46m│[39m [38;2;138;138;154mCIRCULAR_FIX_THRESHOLD      [38;2;255;107;53m3     [38;2;74;74;88mrecovery[39m    [38;2;35;35;46m│[39m [38;2;35;35;46m│[39m
[38;2;35;35;46m│[39m [38;2;255;107;53m│[39m                                                      [38;2;255;107;53m│[39m [38;2;35;35;46m│[39m [38;2;138;138;154mMAX_ATTEMPTS_PER_SUBTASK    [38;2;255;107;53m50    [38;2;74;74;88mrecovery[39m    [38;2;35;35;46m│[39m [38;2;35;35;46m│[39m
[38;2;35;35;46m│[39m [38;2;255;107;53m│[39m                                                      [38;2;255;107;53m│[39m [38;2;35;35;46m│[39m [38;2;138;138;154mDEFAULT_MAX_CONCURRENCY     [38;2;255;107;53m3     [38;2;74;74;88mparallel[39m    [38;2;35;35;46m│[39m [38;2;35;35;46m│[39m
[38;2;35;35;46m│[39m [38;2;255;107;53m│[39m                                                      [38;2;255;107;53m│[39m [38;2;35;35;46m│[39m [38;2;138;138;154mSTAGGER_DELAY_MS            [38;2;255;107;53m1s    [38;2;74;74;88mparallel[39m    [38;2;35;35;46m│[39m [38;2;35;35;46m│[39m
[38;2;35;35;46m│[39m [38;2;255;107;53m│[39m                                                      [38;2;255;107;53m│[39m [38;2;35;35;46m│[39m [38;2;138;138;154mMAX_RATE_LIMIT_WAIT         [38;2;255;107;53m2h    [38;2;74;74;88mpause[39m       [38;2;35;35;46m│[39m [38;2;35;35;46m│[39m
[38;2;35;35;46m│[39m [38;2;255;107;53m│[39m                                                      [38;2;255;107;53m│[39m [38;2;35;35;46m│[39m [38;2;138;138;154mAUTH_RESUME_MAX_WAIT        [38;2;255;107;53m24h   [38;2;74;74;88mpause[39m       [38;2;35;35;46m│[39m [38;2;35;35;46m│[39m
[38;2;35;35;46m│[39m [38;2;255;107;53m│[39m                                                      [38;2;255;107;53m│[39m [38;2;35;35;46m│[39m [38;2;138;138;154mMAX_CONTINUATIONS           [38;2;255;107;53m5     [38;2;74;74;88mcontinuation[38;2;35;35;46m│[39m [38;2;35;35;46m│[39m
[38;2;35;35;46m│[39m [38;2;255;107;53m│[39m                                                      [38;2;255;107;53m│[39m [38;2;35;35;46m│[39m [38;2;138;138;154mSUBAGENT_MAX_STEPS          [38;2;255;107;53m100   [38;2;74;74;88msubagent[39m    [38;2;35;35;46m│[39m [38;2;35;35;46m│[39m
[38;2;35;35;46m│[39m [38;2;255;107;53m│[39m                                                      [38;2;255;107;53m│[39m [38;2;35;35;46m│[39m [38;2;74;74;88mrecovery actions: rollback │ retry │ skip │ [39m  [38;2;35;35;46m│[39m [38;2;35;35;46m│[39m
[38;2;35;35;46m│[39m [38;2;255;107;53m│[39m                                                      [38;2;255;107;53m│[39m [38;2;35;35;46m│[39m [38;2;74;74;88mescalate[39m                                      [38;2;35;35;46m│[39m [38;2;35;35;46m│[39m
[38;2;35;35;46m│[39m [38;2;255;107;53m└──────────────────────────────────────────────────────┘[39m [38;2;35;35;46m└───────────────────────────────────────────────┘[39m [38;2;35;35;46m│[39m
[38;2;35;35;46m│[1m[48;2;255;107;53m[38;2;5;5;7m AGENTS [39m[49m[22m [38;2;138;138;154m1-6 sub-view · j/k select · ⏎ inspect · f filter · r resume[39m                           [38;2;255;107;53m:[38;2;74;74;88m cmd  [38;2;255;107;53m?[38;2;74;74;88m help[38;2;35;35;46m│[39m
[38;2;35;35;46m└────────────────────────────────────────────────────────────────────────────────────────────────────────────┘[39m
[2K[1A[2K[1A[2K[1A[2K[1A[2K[1A[2K[1A[2K[1A[2K[1A[2K[1A[2K[1A[2K[1A[2K[1A[2K[1A[2K[1A[2K[1A[2K[1A[2K[1A[2K[1A[2K[1A[2K[1A[2K[1A[2K[1A[2K[1A[2K[1A[2K[G[38;2;35;35;46m┌────────────────────────────────────────────────────────────────────────────────────────────────────────────┐[39m
[38;2;35;35;46m│[1m[38;2;255;107;53mAPERANT[39m[22m [38;2;74;74;88m│[39m [38;2;138;138;154maperant-fixture[39m [38;2;74;74;88m/tmp/aperant-fixture[39m [38;2;74;74;88m│[39m [38;2;56;189;248m⑂ develop[39m             [38;2;255;107;53m◉[38;2;138;138;154m 1 running[39m  [38;2;255;176;0m◆[38;2;138;138;154m 1 review[39m  [38;2;61;220;132m●[38;2;138;138;154m no profile[38;2;35;35;46m│[39m
[38;2;35;35;46m│[39m [38;2;138;138;154m 1 board [39m  [38;2;138;138;154m 2 term [39m  [38;2;138;138;154m 3 road [39m  [38;2;138;138;154m 4 chat [39m  [38;2;138;138;154m 5 tree [39m  [38;2;138;138;154m 6 set [39m  [1m[48;2;255;107;53m[38;2;5;5;7m 7 agents [39m[49m[22m                                     [38;2;35;35;46m│[39m
[38;2;35;35;46m│[39m [38;2;138;138;154m 1 swarm [39m [38;2;138;138;154m 2 graph [39m [38;2;138;138;154m 3 inspect [39m [38;2;138;138;154m 4 trace [39m [38;2;138;138;154m 5 tokens [39m [1m[48;2;255;107;53m[38;2;5;5;7m 6 waits [39m[49m[22m [38;2;74;74;88m1 agent · esc then 1-7 to switch tabs[39m       [38;2;35;35;46m│[39m
[38;2;35;35;46m│[39m                                                                                                            [38;2;35;35;46m│[39m
[38;2;35;35;46m│[39m [38;2;255;107;53m┌──────────────────────────────────────────────────────┐[39m [38;2;35;35;46m┌───────────────────────────────────────────────┐[39m [38;2;35;35;46m│[39m
[38;2;35;35;46m│[39m [38;2;255;107;53m│[39m [1m[38;2;255;107;53mBLOCKING ANALYSIS · 1 blocked[39m[22m                        [38;2;255;107;53m│[39m [38;2;35;35;46m│[39m [38;2;138;138;154mESCALATION THRESHOLDS[39m                         [38;2;35;35;46m│[39m [38;2;35;35;46m│[39m
[38;2;35;35;46m│[39m [38;2;255;107;53m│[39m [38;2;255;68;68m⏱ 002-fix-terminal-b [38;2;74;74;88m[429][38;2;255;107;53m  ❯ selected[39m               [38;2;255;107;53m│[39m [38;2;35;35;46m│[39m [38;2;138;138;154mMAX_QA_ITERATIONS           [38;2;255;107;53m50    [38;2;74;74;88mqa-loop[39m     [38;2;35;35;46m│[39m [38;2;35;35;46m│[39m
[38;2;35;35;46m│[39m [38;2;255;107;53m│[39m [38;2;138;138;154m  ⏱ 429 resets 2026-08-12T13:04:00Z · waited 5s[39m      [38;2;255;107;53m│[39m [38;2;35;35;46m│[39m [38;2;138;138;154mMAX_CONSECUTIVE_ERRORS      [38;2;255;107;53m3     [38;2;74;74;88mqa-loop[39m     [38;2;35;35;46m│[39m [38;2;35;35;46m│[39m
[38;2;35;35;46m│[39m [38;2;255;107;53m│[39m                                                      [38;2;255;107;53m│[39m [38;2;35;35;46m│[39m [38;2;138;138;154mRECURRING_ISSUE_THRESHOLD   [38;2;255;107;53m3     [38;2;74;74;88mqa-loop[39m     [38;2;35;35;46m│[39m [38;2;35;35;46m│[39m
[38;2;35;35;46m│[39m [38;2;255;107;53m│[39m [38;2;74;74;88mr writes RESUME sentinel for the selected agent [39m     [38;2;255;107;53m│[39m [38;2;35;35;46m│[39m [38;2;138;138;154mMAX_SUBTASK_RETRIES         [38;2;255;107;53m3     [38;2;74;74;88mbuild-orch[39m  [38;2;35;35;46m│[39m [38;2;35;35;46m│[39m
[38;2;35;35;46m│[39m [38;2;255;107;53m│[39m [38;2;74;74;88m(spec §4.1)[39m                                          [38;2;255;107;53m│[39m [38;2;35;35;46m│[39m [38;2;138;138;154mCIRCULAR_FIX_THRESHOLD      [38;2;255;107;53m3     [38;2;74;74;88mrecovery[39m    [38;2;35;35;46m│[39m [38;2;35;35;46m│[39m
[38;2;35;35;46m│[39m [38;2;255;107;53m│[39m                                                      [38;2;255;107;53m│[39m [38;2;35;35;46m│[39m [38;2;138;138;154mMAX_ATTEMPTS_PER_SUBTASK    [38;2;255;107;53m50    [38;2;74;74;88mrecovery[39m    [38;2;35;35;46m│[39m [38;2;35;35;46m│[39m
[38;2;35;35;46m│[39m [38;2;255;107;53m│[39m                                                      [38;2;255;107;53m│[39m [38;2;35;35;46m│[39m [38;2;138;138;154mDEFAULT_MAX_CONCURRENCY     [38;2;255;107;53m3     [38;2;74;74;88mparallel[39m    [38;2;35;35;46m│[39m [38;2;35;35;46m│[39m
[38;2;35;35;46m│[39m [38;2;255;107;53m│[39m                                                      [38;2;255;107;53m│[39m [38;2;35;35;46m│[39m [38;2;138;138;154mSTAGGER_DELAY_MS            [38;2;255;107;53m1s    [38;2;74;74;88mparallel[39m    [38;2;35;35;46m│[39m [38;2;35;35;46m│[39m
[38;2;35;35;46m│[39m [38;2;255;107;53m│[39m                                                      [38;2;255;107;53m│[39m [38;2;35;35;46m│[39m [38;2;138;138;154mMAX_RATE_LIMIT_WAIT         [38;2;255;107;53m2h    [38;2;74;74;88mpause[39m       [38;2;35;35;46m│[39m [38;2;35;35;46m│[39m
[38;2;35;35;46m│[39m [38;2;255;107;53m│[39m                                                      [38;2;255;107;53m│[39m [38;2;35;35;46m│[39m [38;2;138;138;154mAUTH_RESUME_MAX_WAIT        [38;2;255;107;53m24h   [38;2;74;74;88mpause[39m       [38;2;35;35;46m│[39m [38;2;35;35;46m│[39m
[38;2;35;35;46m│[39m [38;2;255;107;53m│[39m                                                      [38;2;255;107;53m│[39m [38;2;35;35;46m│[39m [38;2;138;138;154mMAX_CONTINUATIONS           [38;2;255;107;53m5     [38;2;74;74;88mcontinuation[38;2;35;35;46m│[39m [38;2;35;35;46m│[39m
[38;2;35;35;46m│[39m [38;2;255;107;53m│[39m                                                      [38;2;255;107;53m│[39m [38;2;35;35;46m│[39m [38;2;138;138;154mSUBAGENT_MAX_STEPS          [38;2;255;107;53m100   [38;2;74;74;88msubagent[39m    [38;2;35;35;46m│[39m [38;2;35;35;46m│[39m
[38;2;35;35;46m│[39m [38;2;255;107;53m│[39m                                                      [38;2;255;107;53m│[39m [38;2;35;35;46m│[39m [38;2;74;74;88mrecovery actions: rollback │ retry │ skip │ [39m  [38;2;35;35;46m│[39m [38;2;35;35;46m│[39m
[38;2;35;35;46m│[39m [38;2;255;107;53m│[39m                                                      [38;2;255;107;53m│[39m [38;2;35;35;46m│[39m [38;2;74;74;88mescalate[39m                                      [38;2;35;35;46m│[39m [38;2;35;35;46m│[39m
[38;2;35;35;46m│[39m [38;2;255;107;53m└──────────────────────────────────────────────────────┘[39m [38;2;35;35;46m└───────────────────────────────────────────────┘[39m [38;2;35;35;46m│[39m
[38;2;35;35;46m│[1m[48;2;255;107;53m[38;2;5;5;7m AGENTS [39m[49m[22m [38;2;138;138;154m1-6 sub-view · j/k select · ⏎ inspect · f filter · r resume[39m                           [38;2;255;107;53m:[38;2;74;74;88m cmd  [38;2;255;107;53m?[38;2;74;74;88m help[38;2;35;35;46m│[39m
[38;2;35;35;46m└────────────────────────────────────────────────────────────────────────────────────────────────────────────┘[39m
[2K[1A[2K[1A[2K[1A[2K[1A[2K[1A[2K[1A[2K[1A[2K[1A[2K[1A[2K[1A[2K[1A[2K[1A[2K[1A[2K[1A[2K[1A[2K[1A[2K[1A[2K[1A[2K[1A[2K[1A[2K[1A[2K[1A[2K[1A[2K[1A[2K[G[38;2;35;35;46m┌────────────────────────────────────────────────────────────────────────────────────────────────────────────┐[39m
[38;2;35;35;46m│[1m[38;2;255;107;53mAPERANT[39m[22m [38;2;74;74;88m│[39m [38;2;138;138;154maperant-fixture[39m [38;2;74;74;88m/tmp/aperant-fixture[39m [38;2;74;74;88m│[39m [38;2;56;189;248m⑂ develop[39m             [38;2;255;107;53m◉[38;2;138;138;154m 1 running[39m  [38;2;255;176;0m◆[38;2;138;138;154m 1 review[39m  [38;2;61;220;132m●[38;2;138;138;154m no profile[38;2;35;35;46m│[39m
[38;2;35;35;46m│[39m [38;2;138;138;154m 1 board [39m  [38;2;138;138;154m 2 term [39m  [38;2;138;138;154m 3 road [39m  [38;2;138;138;154m 4 chat [39m  [38;2;138;138;154m 5 tree [39m  [38;2;138;138;154m 6 set [39m  [1m[48;2;255;107;53m[38;2;5;5;7m 7 agents [39m[49m[22m                                     [38;2;35;35;46m│[39m
[38;2;35;35;46m│[39m [38;2;138;138;154m 1 swarm [39m [38;2;138;138;154m 2 graph [39m [38;2;138;138;154m 3 inspect [39m [38;2;138;138;154m 4 trace [39m [38;2;138;138;154m 5 tokens [39m [1m[48;2;255;107;53m[38;2;5;5;7m 6 waits [39m[49m[22m [38;2;74;74;88m1 agent · esc then 1-7 to switch tabs[39m       [38;2;35;35;46m│[39m
[38;2;35;35;46m│[39m                                                                                                            [38;2;35;35;46m│[39m
[38;2;35;35;46m│[39m [38;2;255;107;53m┌──────────────────────────────────────────────────────┐[39m [38;2;35;35;46m┌───────────────────────────────────────────────┐[39m [38;2;35;35;46m│[39m
[38;2;35;35;46m│[39m [38;2;255;107;53m│[39m [1m[38;2;255;107;53mBLOCKING ANALYSIS · 1 blocked[39m[22m                        [38;2;255;107;53m│[39m [38;2;35;35;46m│[39m [38;2;138;138;154mESCALATION THRESHOLDS[39m                         [38;2;35;35;46m│[39m [38;2;35;35;46m│[39m
[38;2;35;35;46m│[39m [38;2;255;107;53m│[39m [38;2;255;68;68m⏱ 002-fix-terminal-b [38;2;74;74;88m[429][38;2;255;107;53m  ❯ selected[39m               [38;2;255;107;53m│[39m [38;2;35;35;46m│[39m [38;2;138;138;154mMAX_QA_ITERATIONS           [38;2;255;107;53m50    [38;2;74;74;88mqa-loop[39m     [38;2;35;35;46m│[39m [38;2;35;35;46m│[39m
[38;2;35;35;46m│[39m [38;2;255;107;53m│[39m [38;2;138;138;154m  ⏱ 429 resets 2026-08-12T13:04:00Z · waited 6s[39m      [38;2;255;107;53m│[39m [38;2;35;35;46m│[39m [38;2;138;138;154mMAX_CONSECUTIVE_ERRORS      [38;2;255;107;53m3     [38;2;74;74;88mqa-loop[39m     [38;2;35;35;46m│[39m [38;2;35;35;46m│[39m
[38;2;35;35;46m│[39m [38;2;255;107;53m│[39m                                                      [38;2;255;107;53m│[39m [38;2;35;35;46m│[39m [38;2;138;138;154mRECURRING_ISSUE_THRESHOLD   [38;2;255;107;53m3     [38;2;74;74;88mqa-loop[39m     [38;2;35;35;46m│[39m [38;2;35;35;46m│[39m
[38;2;35;35;46m│[39m [38;2;255;107;53m│[39m [38;2;74;74;88mr writes RESUME sentinel for the selected agent [39m     [38;2;255;107;53m│[39m [38;2;35;35;46m│[39m [38;2;138;138;154mMAX_SUBTASK_RETRIES         [38;2;255;107;53m3     [38;2;74;74;88mbuild-orch[39m  [38;2;35;35;46m│[39m [38;2;35;35;46m│[39m
[38;2;35;35;46m│[39m [38;2;255;107;53m│[39m [38;2;74;74;88m(spec §4.1)[39m                                          [38;2;255;107;53m│[39m [38;2;35;35;46m│[39m [38;2;138;138;154mCIRCULAR_FIX_THRESHOLD      [38;2;255;107;53m3     [38;2;74;74;88mrecovery[39m    [38;2;35;35;46m│[39m [38;2;35;35;46m│[39m
[38;2;35;35;46m│[39m [38;2;255;107;53m│[39m                                                      [38;2;255;107;53m│[39m [38;2;35;35;46m│[39m [38;2;138;138;154mMAX_ATTEMPTS_PER_SUBTASK    [38;2;255;107;53m50    [38;2;74;74;88mrecovery[39m    [38;2;35;35;46m│[39m [38;2;35;35;46m│[39m
[38;2;35;35;46m│[39m [38;2;255;107;53m│[39m                                                      [38;2;255;107;53m│[39m [38;2;35;35;46m│[39m [38;2;138;138;154mDEFAULT_MAX_CONCURRENCY     [38;2;255;107;53m3     [38;2;74;74;88mparallel[39m    [38;2;35;35;46m│[39m [38;2;35;35;46m│[39m
[38;2;35;35;46m│[39m [38;2;255;107;53m│[39m                                                      [38;2;255;107;53m│[39m [38;2;35;35;46m│[39m [38;2;138;138;154mSTAGGER_DELAY_MS            [38;2;255;107;53m1s    [38;2;74;74;88mparallel[39m    [38;2;35;35;46m│[39m [38;2;35;35;46m│[39m
[38;2;35;35;46m│[39m [38;2;255;107;53m│[39m                                                      [38;2;255;107;53m│[39m [38;2;35;35;46m│[39m [38;2;138;138;154mMAX_RATE_LIMIT_WAIT         [38;2;255;107;53m2h    [38;2;74;74;88mpause[39m       [38;2;35;35;46m│[39m [38;2;35;35;46m│[39m
[38;2;35;35;46m│[39m [38;2;255;107;53m│[39m                                                      [38;2;255;107;53m│[39m [38;2;35;35;46m│[39m [38;2;138;138;154mAUTH_RESUME_MAX_WAIT        [38;2;255;107;53m24h   [38;2;74;74;88mpause[39m       [38;2;35;35;46m│[39m [38;2;35;35;46m│[39m
[38;2;35;35;46m│[39m [38;2;255;107;53m│[39m                                                      [38;2;255;107;53m│[39m [38;2;35;35;46m│[39m [38;2;138;138;154mMAX_CONTINUATIONS           [38;2;255;107;53m5     [38;2;74;74;88mcontinuation[38;2;35;35;46m│[39m [38;2;35;35;46m│[39m
[38;2;35;35;46m│[39m [38;2;255;107;53m│[39m                                                      [38;2;255;107;53m│[39m [38;2;35;35;46m│[39m [38;2;138;138;154mSUBAGENT_MAX_STEPS          [38;2;255;107;53m100   [38;2;74;74;88msubagent[39m    [38;2;35;35;46m│[39m [38;2;35;35;46m│[39m
[38;2;35;35;46m│[39m [38;2;255;107;53m│[39m                                                      [38;2;255;107;53m│[39m [38;2;35;35;46m│[39m [38;2;74;74;88mrecovery actions: rollback │ retry │ skip │ [39m  [38;2;35;35;46m│[39m [38;2;35;35;46m│[39m
[38;2;35;35;46m│[39m [38;2;255;107;53m│[39m                                                      [38;2;255;107;53m│[39m [38;2;35;35;46m│[39m [38;2;74;74;88mescalate[39m                                      [38;2;35;35;46m│[39m [38;2;35;35;46m│[39m
[38;2;35;35;46m│[39m [38;2;255;107;53m└──────────────────────────────────────────────────────┘[39m [38;2;35;35;46m└───────────────────────────────────────────────┘[39m [38;2;35;35;46m│[39m
[38;2;35;35;46m│[1m[48;2;255;107;53m[38;2;5;5;7m AGENTS [39m[49m[22m [38;2;138;138;154m1-6 sub-view · j/k select · ⏎ inspect · f filter · r resume[39m                           [38;2;255;107;53m:[38;2;74;74;88m cmd  [38;2;255;107;53m?[38;2;74;74;88m help[38;2;35;35;46m│[39m
[38;2;35;35;46m└────────────────────────────────────────────────────────────────────────────────────────────────────────────┘[39m
[2K[1A[2K[1A[2K[1A[2K[1A[2K[1A[2K[1A[2K[1A[2K[1A[2K[1A[2K[1A[2K[1A[2K[1A[2K[1A[2K[1A[2K[1A[2K[1A[2K[1A[2K[1A[2K[1A[2K[1A[2K[1A[2K[1A[2K[1A[2K[1A[2K[G[38;2;35;35;46m┌────────────────────────────────────────────────────────────────────────────────────────────────────────────┐[39m
[38;2;35;35;46m│[1m[38;2;255;107;53mAPERANT[39m[22m [38;2;74;74;88m│[39m [38;2;138;138;154maperant-fixture[39m [38;2;74;74;88m/tmp/aperant-fixture[39m [38;2;74;74;88m│[39m [38;2;56;189;248m⑂ develop[39m             [38;2;255;107;53m◉[38;2;138;138;154m 1 running[39m  [38;2;255;176;0m◆[38;2;138;138;154m 1 review[39m  [38;2;61;220;132m●[38;2;138;138;154m no profile[38;2;35;35;46m│[39m
[38;2;35;35;46m│[39m [38;2;138;138;154m 1 board [39m  [38;2;138;138;154m 2 term [39m  [38;2;138;138;154m 3 road [39m  [38;2;138;138;154m 4 chat [39m  [38;2;138;138;154m 5 tree [39m  [38;2;138;138;154m 6 set [39m  [1m[48;2;255;107;53m[38;2;5;5;7m 7 agents [39m[49m[22m                                     [38;2;35;35;46m│[39m
[38;2;35;35;46m│[39m [38;2;138;138;154m 1 swarm [39m [38;2;138;138;154m 2 graph [39m [38;2;138;138;154m 3 inspect [39m [38;2;138;138;154m 4 trace [39m [38;2;138;138;154m 5 tokens [39m [1m[48;2;255;107;53m[38;2;5;5;7m 6 waits [39m[49m[22m [38;2;74;74;88m1 agent · esc then 1-7 to switch tabs[39m       [38;2;35;35;46m│[39m
[38;2;35;35;46m│[39m                                                                                                            [38;2;35;35;46m│[39m
[38;2;35;35;46m│[39m [38;2;255;107;53m┌──────────────────────────────────────────────────────┐[39m [38;2;35;35;46m┌───────────────────────────────────────────────┐[39m [38;2;35;35;46m│[39m
[38;2;35;35;46m│[39m [38;2;255;107;53m│[39m [1m[38;2;255;107;53mBLOCKING ANALYSIS · 1 blocked[39m[22m                        [38;2;255;107;53m│[39m [38;2;35;35;46m│[39m [38;2;138;138;154mESCALATION THRESHOLDS[39m                         [38;2;35;35;46m│[39m [38;2;35;35;46m│[39m
[38;2;35;35;46m│[39m [38;2;255;107;53m│[39m [38;2;255;68;68m⏱ 002-fix-terminal-b [38;2;74;74;88m[429][38;2;255;107;53m  ❯ selected[39m               [38;2;255;107;53m│[39m [38;2;35;35;46m│[39m [38;2;138;138;154mMAX_QA_ITERATIONS           [38;2;255;107;53m50    [38;2;74;74;88mqa-loop[39m     [38;2;35;35;46m│[39m [38;2;35;35;46m│[39m
[38;2;35;35;46m│[39m [38;2;255;107;53m│[39m [38;2;138;138;154m  ⏱ 429 resets 2026-08-12T13:04:00Z · waited 7s[39m      [38;2;255;107;53m│[39m [38;2;35;35;46m│[39m [38;2;138;138;154mMAX_CONSECUTIVE_ERRORS      [38;2;255;107;53m3     [38;2;74;74;88mqa-loop[39m     [38;2;35;35;46m│[39m [38;2;35;35;46m│[39m
[38;2;35;35;46m│[39m [38;2;255;107;53m│[39m                                                      [38;2;255;107;53m│[39m [38;2;35;35;46m│[39m [38;2;138;138;154mRECURRING_ISSUE_THRESHOLD   [38;2;255;107;53m3     [38;2;74;74;88mqa-loop[39m     [38;2;35;35;46m│[39m [38;2;35;35;46m│[39m
[38;2;35;35;46m│[39m [38;2;255;107;53m│[39m [38;2;74;74;88mr writes RESUME sentinel for the selected agent [39m     [38;2;255;107;53m│[39m [38;2;35;35;46m│[39m [38;2;138;138;154mMAX_SUBTASK_RETRIES         [38;2;255;107;53m3     [38;2;74;74;88mbuild-orch[39m  [38;2;35;35;46m│[39m [38;2;35;35;46m│[39m
[38;2;35;35;46m│[39m [38;2;255;107;53m│[39m [38;2;74;74;88m(spec §4.1)[39m                                          [38;2;255;107;53m│[39m [38;2;35;35;46m│[39m [38;2;138;138;154mCIRCULAR_FIX_THRESHOLD      [38;2;255;107;53m3     [38;2;74;74;88mrecovery[39m    [38;2;35;35;46m│[39m [38;2;35;35;46m│[39m
[38;2;35;35;46m│[39m [38;2;255;107;53m│[39m                                                      [38;2;255;107;53m│[39m [38;2;35;35;46m│[39m [38;2;138;138;154mMAX_ATTEMPTS_PER_SUBTASK    [38;2;255;107;53m50    [38;2;74;74;88mrecovery[39m    [38;2;35;35;46m│[39m [38;2;35;35;46m│[39m
[38;2;35;35;46m│[39m [38;2;255;107;53m│[39m                                                      [38;2;255;107;53m│[39m [38;2;35;35;46m│[39m [38;2;138;138;154mDEFAULT_MAX_CONCURRENCY     [38;2;255;107;53m3     [38;2;74;74;88mparallel[39m    [38;2;35;35;46m│[39m [38;2;35;35;46m│[39m
[38;2;35;35;46m│[39m [38;2;255;107;53m│[39m                                                      [38;2;255;107;53m│[39m [38;2;35;35;46m│[39m [38;2;138;138;154mSTAGGER_DELAY_MS            [38;2;255;107;53m1s    [38;2;74;74;88mparallel[39m    [38;2;35;35;46m│[39m [38;2;35;35;46m│[39m
[38;2;35;35;46m│[39m [38;2;255;107;53m│[39m                                                      [38;2;255;107;53m│[39m [38;2;35;35;46m│[39m [38;2;138;138;154mMAX_RATE_LIMIT_WAIT         [38;2;255;107;53m2h    [38;2;74;74;88mpause[39m       [38;2;35;35;46m│[39m [38;2;35;35;46m│[39m
[38;2;35;35;46m│[39m [38;2;255;107;53m│[39m                                                      [38;2;255;107;53m│[39m [38;2;35;35;46m│[39m [38;2;138;138;154mAUTH_RESUME_MAX_WAIT        [38;2;255;107;53m24h   [38;2;74;74;88mpause[39m       [38;2;35;35;46m│[39m [38;2;35;35;46m│[39m
[38;2;35;35;46m│[39m [38;2;255;107;53m│[39m                                                      [38;2;255;107;53m│[39m [38;2;35;35;46m│[39m [38;2;138;138;154mMAX_CONTINUATIONS           [38;2;255;107;53m5     [38;2;74;74;88mcontinuation[38;2;35;35;46m│[39m [38;2;35;35;46m│[39m
[38;2;35;35;46m│[39m [38;2;255;107;53m│[39m                                                      [38;2;255;107;53m│[39m [38;2;35;35;46m│[39m [38;2;138;138;154mSUBAGENT_MAX_STEPS          [38;2;255;107;53m100   [38;2;74;74;88msubagent[39m    [38;2;35;35;46m│[39m [38;2;35;35;46m│[39m
[38;2;35;35;46m│[39m [38;2;255;107;53m│[39m                                                      [38;2;255;107;53m│[39m [38;2;35;35;46m│[39m [38;2;74;74;88mrecovery actions: rollback │ retry │ skip │ [39m  [38;2;35;35;46m│[39m [38;2;35;35;46m│[39m
[38;2;35;35;46m│[39m [38;2;255;107;53m│[39m                                                      [38;2;255;107;53m│[39m [38;2;35;35;46m│[39m [38;2;74;74;88mescalate[39m                                      [38;2;35;35;46m│[39m [38;2;35;35;46m│[39m
[38;2;35;35;46m│[39m [38;2;255;107;53m└──────────────────────────────────────────────────────┘[39m [38;2;35;35;46m└───────────────────────────────────────────────┘[39m [38;2;35;35;46m│[39m
[38;2;35;35;46m│[1m[48;2;255;107;53m[38;2;5;5;7m AGENTS [39m[49m[22m [38;2;138;138;154m1-6 sub-view · j/k select · ⏎ inspect · f filter · r resume[39m                           [38;2;255;107;53m:[38;2;74;74;88m cmd  [38;2;255;107;53m?[38;2;74;74;88m help[38;2;35;35;46m│[39m
[38;2;35;35;46m└────────────────────────────────────────────────────────────────────────────────────────────────────────────┘[39m
RetryError [AI_RetryError]: Failed after 3 attempts. Last error: AI_APICallError: Cannot connect to API: connect EHOSTUNREACH 100.33.238.199:20128
    at createRetryError (/tmp/build/aperant-tui/apps/tui/dist/agent-worker.cjs:35437:58)
    at retryWithExponentialBackoffInternal (/tmp/build/aperant-tui/apps/tui/dist/agent-worker.cjs:18017:13)
    at process.processTicksAndRejections (node:internal/process/task_queues:103:5)
    at async streamStep (/tmp/build/aperant-tui/apps/tui/dist/agent-worker.cjs:36937:19)
    at async <anonymous> (/tmp/build/aperant-tui/apps/tui/dist/agent-worker.cjs:37290:11) {
  cause: undefined,
  reason: 'maxRetriesExceeded',
  errors: [
    APICallError [AI_APICallError]: Cannot connect to API: connect EHOSTUNREACH 100.33.238.199:20128
        at handleFetchError (/tmp/build/aperant-tui/apps/tui/dist/agent-worker.cjs:16519:14)
        at postToApi (/tmp/build/aperant-tui/apps/tui/dist/agent-worker.cjs:19149:15)
        at process.processTicksAndRejections (node:internal/process/task_queues:103:5)
        at async postJsonToApi (/tmp/build/aperant-tui/apps/tui/dist/agent-worker.cjs:19048:11)
        at async _OpenAICompatibleChatLanguageModel.doStream (/tmp/build/aperant-tui/apps/tui/dist/agent-worker.cjs:91053:54)
        at async execute (/tmp/build/aperant-tui/apps/tui/dist/agent-worker.cjs:29567:26)
        at async runWithTracingChannelSpan (/tmp/build/aperant-tui/apps/tui/dist/agent-worker.cjs:25865:12)
        at async executeLanguageModelCall (/tmp/build/aperant-tui/apps/tui/dist/agent-worker.cjs:26069:14)
        at async streamLanguageModelCall (/tmp/build/aperant-tui/apps/tui/dist/agent-worker.cjs:29565:7)
        at async retryWithExponentialBackoffInternal (/tmp/build/aperant-tui/apps/tui/dist/agent-worker.cjs:18005:12) {
      cause: [Error],
      url: 'http://home.hack.ski:20128/v1/chat/completions',
      requestBodyValues: [Object],
      statusCode: undefined,
      responseHeaders: undefined,
      responseBody: undefined,
      isRetryable: true,
      data: undefined,
      Symbol(vercel.ai.error): true,
      Symbol(vercel.ai.error.AI_APICallError): true
    },
    APICallError [AI_APICallError]: Cannot connect to API: connect EHOSTUNREACH 100.33.238.199:20128
        at handleFetchError (/tmp/build/aperant-tui/apps/tui/dist/agent-worker.cjs:16519:14)
        at postToApi (/tmp/build/aperant-tui/apps/tui/dist/agent-worker.cjs:19149:15)
        at process.processTicksAndRejections (node:internal/process/task_queues:103:5)
        at async postJsonToApi (/tmp/build/aperant-tui/apps/tui/dist/agent-worker.cjs:19048:11)
        at async _OpenAICompatibleChatLanguageModel.doStream (/tmp/build/aperant-tui/apps/tui/dist/agent-worker.cjs:91053:54)
        at async execute (/tmp/build/aperant-tui/apps/tui/dist/agent-worker.cjs:29567:26)
        at async runWithTracingChannelSpan (/tmp/build/aperant-tui/apps/tui/dist/agent-worker.cjs:25865:12)
        at async executeLanguageModelCall (/tmp/build/aperant-tui/apps/tui/dist/agent-worker.cjs:26069:14)
        at async streamLanguageModelCall (/tmp/build/aperant-tui/apps/tui/dist/agent-worker.cjs:29565:7)
        at async retryWithExponentialBackoffInternal (/tmp/build/aperant-tui/apps/tui/dist/agent-worker.cjs:18005:12) {
      cause: [Error],
      url: 'http://home.hack.ski:20128/v1/chat/completions',
      requestBodyValues: [Object],
      statusCode: undefined,
      responseHeaders: undefined,
      responseBody: undefined,
      isRetryable: true,
      data: undefined,
      Symbol(vercel.ai.error): true,
      Symbol(vercel.ai.error.AI_APICallError): true
    },
    APICallError [AI_APICallError]: Cannot connect to API: connect EHOSTUNREACH 100.33.238.199:20128
        at handleFetchError (/tmp/build/aperant-tui/apps/tui/dist/agent-worker.cjs:16519:14)
        at postToApi (/tmp/build/aperant-tui/apps/tui/dist/agent-worker.cjs:19149:15)
        at process.processTicksAndRejections (node:internal/process/task_queues:103:5)
        at async postJsonToApi (/tmp/build/aperant-tui/apps/tui/dist/agent-worker.cjs:19048:11)
        at async _OpenAICompatibleChatLanguageModel.doStream (/tmp/build/aperant-tui/apps/tui/dist/agent-worker.cjs:91053:54)
        at async execute (/tmp/build/aperant-tui/apps/tui/dist/agent-worker.cjs:29567:26)
        at async runWithTracingChannelSpan (/tmp/build/aperant-tui/apps/tui/dist/agent-worker.cjs:25865:12)
        at async executeLanguageModelCall (/tmp/build/aperant-tui/apps/tui/dist/agent-worker.cjs:26069:14)
        at async streamLanguageModelCall (/tmp/build/aperant-tui/apps/tui/dist/agent-worker.cjs:29565:7)
        at async retryWithExponentialBackoffInternal (/tmp/build/aperant-tui/apps/tui/dist/agent-worker.cjs:18005:12) {
      cause: [Error],
      url: 'http://home.hack.ski:20128/v1/chat/completions',
      requestBodyValues: [Object],
      statusCode: undefined,
      responseHeaders: undefined,
      responseBody: undefined,
      isRetryable: true,
      data: undefined,
      Symbol(vercel.ai.error): true,
      Symbol(vercel.ai.error.AI_APICallError): true
    }
  ],
  lastError: APICallError [AI_APICallError]: Cannot connect to API: connect EHOSTUNREACH 100.33.238.199:20128
      at handleFetchError (/tmp/build/aperant-tui/apps/tui/dist/agent-worker.cjs:16519:14)
      at postToApi (/tmp/build/aperant-tui/apps/tui/dist/agent-worker.cjs:19149:15)
      at process.processTicksAndRejections (node:internal/process/task_queues:103:5)
      at async postJsonToApi (/tmp/build/aperant-tui/apps/tui/dist/agent-worker.cjs:19048:11)
      at async _OpenAICompatibleChatLanguageModel.doStream (/tmp/build/aperant-tui/apps/tui/dist/agent-worker.cjs:91053:54)
      at async execute (/tmp/build/aperant-tui/apps/tui/dist/agent-worker.cjs:29567:26)
      at async runWithTracingChannelSpan (/tmp/build/aperant-tui/apps/tui/dist/agent-worker.cjs:25865:12)
      at async executeLanguageModelCall (/tmp/build/aperant-tui/apps/tui/dist/agent-worker.cjs:26069:14)
      at async streamLanguageModelCall (/tmp/build/aperant-tui/apps/tui/dist/agent-worker.cjs:29565:7)
      at async retryWithExponentialBackoffInternal (/tmp/build/aperant-tui/apps/tui/dist/agent-worker.cjs:18005:12) {
    cause: Error: connect EHOSTUNREACH 100.33.238.199:20128
        at TCPConnectWrap.afterConnect [as oncomplete] (node:net:1637:16) {
      errno: -113,
      code: 'EHOSTUNREACH',
      syscall: 'connect',
      address: '100.33.238.199',
      port: 20128
    },
    url: 'http://home.hack.ski:20128/v1/chat/completions',
    requestBodyValues: {
      model: 'kimi/kimi-for-coding',
      user: undefined,
      max_tokens: undefined,
      temperature: undefined,
      top_p: undefined,
      frequency_penalty: undefined,
      presence_penalty: undefined,
      response_format: undefined,
      stop: undefined,
      seed: undefined,
      reasoning_effort: undefined,
      verbosity: undefined,
      messages: [Array],
      tools: [Array],
      tool_choice: 'auto',
      stream: true,
      stream_options: undefined
    },
    statusCode: undefined,
    responseHeaders: undefined,
    responseBody: undefined,
    isRetryable: true,
    data: undefined,
    Symbol(vercel.ai.error): true,
    Symbol(vercel.ai.error.AI_APICallError): true
  },
  Symbol(vercel.ai.error): true,
  Symbol(vercel.ai.error.AI_RetryError): true
}
[2K[1A[2K[1A[2K[1A[2K[1A[2K[1A[2K[1A[2K[1A[2K[1A[2K[1A[2K[1A[2K[1A[2K[1A[2K[1A[2K[1A[2K[1A[2K[1A[2K[1A[2K[1A[2K[1A[2K[1A[2K[1A[2K[1A[2K[1A[2K[1A[2K[G[38;2;35;35;46m┌────────────────────────────────────────────────────────────────────────────────────────────────────────────┐[39m
[38;2;35;35;46m│[1m[38;2;255;107;53mAPERANT[39m[22m [38;2;74;74;88m│[39m [38;2;138;138;154maperant-fixture[39m [38;2;74;74;88m/tmp/aperant-fixture[39m [38;2;74;74;88m│[39m [38;2;56;189;248m⑂ develop[39m             [38;2;255;107;53m◉[38;2;138;138;154m 1 running[39m  [38;2;255;176;0m◆[38;2;138;138;154m 1 review[39m  [38;2;61;220;132m●[38;2;138;138;154m no profile[38;2;35;35;46m│[39m
[38;2;35;35;46m│[39m [38;2;138;138;154m 1 board [39m  [38;2;138;138;154m 2 term [39m  [38;2;138;138;154m 3 road [39m  [38;2;138;138;154m 4 chat [39m  [38;2;138;138;154m 5 tree [39m  [38;2;138;138;154m 6 set [39m  [1m[48;2;255;107;53m[38;2;5;5;7m 7 agents [39m[49m[22m                                     [38;2;35;35;46m│[39m
[38;2;35;35;46m│[39m [38;2;138;138;154m 1 swarm [39m [38;2;138;138;154m 2 graph [39m [38;2;138;138;154m 3 inspect [39m [38;2;138;138;154m 4 trace [39m [38;2;138;138;154m 5 tokens [39m [1m[48;2;255;107;53m[38;2;5;5;7m 6 waits [39m[49m[22m [38;2;74;74;88m1 agent · esc then 1-7 to switch tabs[39m       [38;2;35;35;46m│[39m
[38;2;35;35;46m│[39m                                                                                                            [38;2;35;35;46m│[39m
[38;2;35;35;46m│[39m [38;2;255;107;53m┌──────────────────────────────────────────────────────┐[39m [38;2;35;35;46m┌───────────────────────────────────────────────┐[39m [38;2;35;35;46m│[39m
[38;2;35;35;46m│[39m [38;2;255;107;53m│[39m [1m[38;2;255;107;53mBLOCKING ANALYSIS · 1 blocked[39m[22m                        [38;2;255;107;53m│[39m [38;2;35;35;46m│[39m [38;2;138;138;154mESCALATION THRESHOLDS[39m                         [38;2;35;35;46m│[39m [38;2;35;35;46m│[39m
[38;2;35;35;46m│[39m [38;2;255;107;53m│[39m [38;2;255;68;68m⏱ 002-fix-terminal-b [38;2;74;74;88m[429][38;2;255;107;53m  ❯ selected[39m               [38;2;255;107;53m│[39m [38;2;35;35;46m│[39m [38;2;138;138;154mMAX_QA_ITERATIONS           [38;2;255;107;53m50    [38;2;74;74;88mqa-loop[39m     [38;2;35;35;46m│[39m [38;2;35;35;46m│[39m
[38;2;35;35;46m│[39m [38;2;255;107;53m│[39m [38;2;138;138;154m  ⏱ 429 resets 2026-08-12T13:04:00Z · waited 8s[39m      [38;2;255;107;53m│[39m [38;2;35;35;46m│[39m [38;2;138;138;154mMAX_CONSECUTIVE_ERRORS      [38;2;255;107;53m3     [38;2;74;74;88mqa-loop[39m     [38;2;35;35;46m│[39m [38;2;35;35;46m│[39m
[38;2;35;35;46m│[39m [38;2;255;107;53m│[39m                                                      [38;2;255;107;53m│[39m [38;2;35;35;46m│[39m [38;2;138;138;154mRECURRING_ISSUE_THRESHOLD   [38;2;255;107;53m3     [38;2;74;74;88mqa-loop[39m     [38;2;35;35;46m│[39m [38;2;35;35;46m│[39m
[38;2;35;35;46m│[39m [38;2;255;107;53m│[39m [38;2;74;74;88mr writes RESUME sentinel for the selected agent [39m     [38;2;255;107;53m│[39m [38;2;35;35;46m│[39m [38;2;138;138;154mMAX_SUBTASK_RETRIES         [38;2;255;107;53m3     [38;2;74;74;88mbuild-orch[39m  [38;2;35;35;46m│[39m [38;2;35;35;46m│[39m
[38;2;35;35;46m│[39m [38;2;255;107;53m│[39m [38;2;74;74;88m(spec §4.1)[39m                                          [38;2;255;107;53m│[39m [38;2;35;35;46m│[39m [38;2;138;138;154mCIRCULAR_FIX_THRESHOLD      [38;2;255;107;53m3     [38;2;74;74;88mrecovery[39m    [38;2;35;35;46m│[39m [38;2;35;35;46m│[39m
[38;2;35;35;46m│[39m [38;2;255;107;53m│[39m                                                      [38;2;255;107;53m│[39m [38;2;35;35;46m│[39m [38;2;138;138;154mMAX_ATTEMPTS_PER_SUBTASK    [38;2;255;107;53m50    [38;2;74;74;88mrecovery[39m    [38;2;35;35;46m│[39m [38;2;35;35;46m│[39m
[38;2;35;35;46m│[39m [38;2;255;107;53m│[39m                                                      [38;2;255;107;53m│[39m [38;2;35;35;46m│[39m [38;2;138;138;154mDEFAULT_MAX_CONCURRENCY     [38;2;255;107;53m3     [38;2;74;74;88mparallel[39m    [38;2;35;35;46m│[39m [38;2;35;35;46m│[39m
[38;2;35;35;46m│[39m [38;2;255;107;53m│[39m                                                      [38;2;255;107;53m│[39m [38;2;35;35;46m│[39m [38;2;138;138;154mSTAGGER_DELAY_MS            [38;2;255;107;53m1s    [38;2;74;74;88mparallel[39m    [38;2;35;35;46m│[39m [38;2;35;35;46m│[39m
[38;2;35;35;46m│[39m [38;2;255;107;53m│[39m                                                      [38;2;255;107;53m│[39m [38;2;35;35;46m│[39m [38;2;138;138;154mMAX_RATE_LIMIT_WAIT         [38;2;255;107;53m2h    [38;2;74;74;88mpause[39m       [38;2;35;35;46m│[39m [38;2;35;35;46m│[39m
[38;2;35;35;46m│[39m [38;2;255;107;53m│[39m                                                      [38;2;255;107;53m│[39m [38;2;35;35;46m│[39m [38;2;138;138;154mAUTH_RESUME_MAX_WAIT        [38;2;255;107;53m24h   [38;2;74;74;88mpause[39m       [38;2;35;35;46m│[39m [38;2;35;35;46m│[39m
[38;2;35;35;46m│[39m [38;2;255;107;53m│[39m                                                      [38;2;255;107;53m│[39m [38;2;35;35;46m│[39m [38;2;138;138;154mMAX_CONTINUATIONS           [38;2;255;107;53m5     [38;2;74;74;88mcontinuation[38;2;35;35;46m│[39m [38;2;35;35;46m│[39m
[38;2;35;35;46m│[39m [38;2;255;107;53m│[39m                                                      [38;2;255;107;53m│[39m [38;2;35;35;46m│[39m [38;2;138;138;154mSUBAGENT_MAX_STEPS          [38;2;255;107;53m100   [38;2;74;74;88msubagent[39m    [38;2;35;35;46m│[39m [38;2;35;35;46m│[39m
[38;2;35;35;46m│[39m [38;2;255;107;53m│[39m                                                      [38;2;255;107;53m│[39m [38;2;35;35;46m│[39m [38;2;74;74;88mrecovery actions: rollback │ retry │ skip │ [39m  [38;2;35;35;46m│[39m [38;2;35;35;46m│[39m
[38;2;35;35;46m│[39m [38;2;255;107;53m│[39m                                                      [38;2;255;107;53m│[39m [38;2;35;35;46m│[39m [38;2;74;74;88mescalate[39m                                      [38;2;35;35;46m│[39m [38;2;35;35;46m│[39m
[38;2;35;35;46m│[39m [38;2;255;107;53m└──────────────────────────────────────────────────────┘[39m [38;2;35;35;46m└───────────────────────────────────────────────┘[39m [38;2;35;35;46m│[39m
[38;2;35;35;46m│[1m[48;2;255;107;53m[38;2;5;5;7m AGENTS [39m[49m[22m [38;2;138;138;154m1-6 sub-view · j/k select · ⏎ inspect · f filter · r resume[39m                           [38;2;255;107;53m:[38;2;74;74;88m cmd  [38;2;255;107;53m?[38;2;74;74;88m help[38;2;35;35;46m│[39m
[38;2;35;35;46m└────────────────────────────────────────────────────────────────────────────────────────────────────────────┘[39m
[2K[1A[2K[1A[2K[1A[2K[1A[2K[1A[2K[1A[2K[1A[2K[1A[2K[1A[2K[1A[2K[1A[2K[1A[2K[1A[2K[1A[2K[1A[2K[1A[2K[1A[2K[1A[2K[1A[2K[1A[2K[1A[2K[1A[2K[1A[2K[1A[2K[G[38;2;35;35;46m┌────────────────────────────────────────────────────────────────────────────────────────────────────────────┐[39m
[38;2;35;35;46m│[1m[38;2;255;107;53mAPERANT[39m[22m [38;2;74;74;88m│[39m [38;2;138;138;154maperant-fixture[39m [38;2;74;74;88m/tmp/aperant-fixture[39m [38;2;74;74;88m│[39m [38;2;56;189;248m⑂ develop[39m             [38;2;255;107;53m◉[38;2;138;138;154m 1 running[39m  [38;2;255;176;0m◆[38;2;138;138;154m 1 review[39m  [38;2;61;220;132m●[38;2;138;138;154m no profile[38;2;35;35;46m│[39m
[38;2;35;35;46m│[39m [38;2;138;138;154m 1 board [39m  [38;2;138;138;154m 2 term [39m  [38;2;138;138;154m 3 road [39m  [38;2;138;138;154m 4 chat [39m  [38;2;138;138;154m 5 tree [39m  [38;2;138;138;154m 6 set [39m  [1m[48;2;255;107;53m[38;2;5;5;7m 7 agents [39m[49m[22m                                     [38;2;35;35;46m│[39m
[38;2;35;35;46m│[39m [38;2;138;138;154m 1 swarm [39m [38;2;138;138;154m 2 graph [39m [38;2;138;138;154m 3 inspect [39m [38;2;138;138;154m 4 trace [39m [38;2;138;138;154m 5 tokens [39m [1m[48;2;255;107;53m[38;2;5;5;7m 6 waits [39m[49m[22m [38;2;74;74;88m1 agent · esc then 1-7 to switch tabs[39m       [38;2;35;35;46m│[39m
[38;2;35;35;46m│[39m                                                                                                            [38;2;35;35;46m│[39m
[38;2;35;35;46m│[39m [38;2;255;107;53m┌──────────────────────────────────────────────────────┐[39m [38;2;35;35;46m┌───────────────────────────────────────────────┐[39m [38;2;35;35;46m│[39m
[38;2;35;35;46m│[39m [38;2;255;107;53m│[39m [1m[38;2;255;107;53mBLOCKING ANALYSIS · 1 blocked[39m[22m                        [38;2;255;107;53m│[39m [38;2;35;35;46m│[39m [38;2;138;138;154mESCALATION THRESHOLDS[39m                         [38;2;35;35;46m│[39m [38;2;35;35;46m│[39m
[38;2;35;35;46m│[39m [38;2;255;107;53m│[39m [38;2;255;68;68m⏱ 002-fix-terminal-b [38;2;74;74;88m[429][38;2;255;107;53m  ❯ selected[39m               [38;2;255;107;53m│[39m [38;2;35;35;46m│[39m [38;2;138;138;154mMAX_QA_ITERATIONS           [38;2;255;107;53m50    [38;2;74;74;88mqa-loop[39m     [38;2;35;35;46m│[39m [38;2;35;35;46m│[39m
[38;2;35;35;46m│[39m [38;2;255;107;53m│[39m [38;2;138;138;154m  ⏱ 429 resets 2026-08-12T13:04:00Z · waited 9s[39m      [38;2;255;107;53m│[39m [38;2;35;35;46m│[39m [38;2;138;138;154mMAX_CONSECUTIVE_ERRORS      [38;2;255;107;53m3     [38;2;74;74;88mqa-loop[39m     [38;2;35;35;46m│[39m [38;2;35;35;46m│[39m
[38;2;35;35;46m│[39m [38;2;255;107;53m│[39m                                                      [38;2;255;107;53m│[39m [38;2;35;35;46m│[39m [38;2;138;138;154mRECURRING_ISSUE_THRESHOLD   [38;2;255;107;53m3     [38;2;74;74;88mqa-loop[39m     [38;2;35;35;46m│[39m [38;2;35;35;46m│[39m
[38;2;35;35;46m│[39m [38;2;255;107;53m│[39m [38;2;74;74;88mr writes RESUME sentinel for the selected agent [39m     [38;2;255;107;53m│[39m [38;2;35;35;46m│[39m [38;2;138;138;154mMAX_SUBTASK_RETRIES         [38;2;255;107;53m3     [38;2;74;74;88mbuild-orch[39m  [38;2;35;35;46m│[39m [38;2;35;35;46m│[39m
[38;2;35;35;46m│[39m [38;2;255;107;53m│[39m [38;2;74;74;88m(spec §4.1)[39m                                          [38;2;255;107;53m│[39m [38;2;35;35;46m│[39m [38;2;138;138;154mCIRCULAR_FIX_THRESHOLD      [38;2;255;107;53m3     [38;2;74;74;88mrecovery[39m    [38;2;35;35;46m│[39m [38;2;35;35;46m│[39m
[38;2;35;35;46m│[39m [38;2;255;107;53m│[39m                                                      [38;2;255;107;53m│[39m [38;2;35;35;46m│[39m [38;2;138;138;154mMAX_ATTEMPTS_PER_SUBTASK    [38;2;255;107;53m50    [38;2;74;74;88mrecovery[39m    [38;2;35;35;46m│[39m [38;2;35;35;46m│[39m
[38;2;35;35;46m│[39m [38;2;255;107;53m│[39m                                                      [38;2;255;107;53m│[39m [38;2;35;35;46m│[39m [38;2;138;138;154mDEFAULT_MAX_CONCURRENCY     [38;2;255;107;53m3     [38;2;74;74;88mparallel[39m    [38;2;35;35;46m│[39m [38;2;35;35;46m│[39m
[38;2;35;35;46m│[39m [38;2;255;107;53m│[39m                                                      [38;2;255;107;53m│[39m [38;2;35;35;46m│[39m [38;2;138;138;154mSTAGGER_DELAY_MS            [38;2;255;107;53m1s    [38;2;74;74;88mparallel[39m    [38;2;35;35;46m│[39m [38;2;35;35;46m│[39m
[38;2;35;35;46m│[39m [38;2;255;107;53m│[39m                                                      [38;2;255;107;53m│[39m [38;2;35;35;46m│[39m [38;2;138;138;154mMAX_RATE_LIMIT_WAIT         [38;2;255;107;53m2h    [38;2;74;74;88mpause[39m       [38;2;35;35;46m│[39m [38;2;35;35;46m│[39m
[38;2;35;35;46m│[39m [38;2;255;107;53m│[39m                                                      [38;2;255;107;53m│[39m [38;2;35;35;46m│[39m [38;2;138;138;154mAUTH_RESUME_MAX_WAIT        [38;2;255;107;53m24h   [38;2;74;74;88mpause[39m       [38;2;35;35;46m│[39m [38;2;35;35;46m│[39m
[38;2;35;35;46m│[39m [38;2;255;107;53m│[39m                                                      [38;2;255;107;53m│[39m [38;2;35;35;46m│[39m [38;2;138;138;154mMAX_CONTINUATIONS           [38;2;255;107;53m5     [38;2;74;74;88mcontinuation[38;2;35;35;46m│[39m [38;2;35;35;46m│[39m
[38;2;35;35;46m│[39m [38;2;255;107;53m│[39m                                                      [38;2;255;107;53m│[39m [38;2;35;35;46m│[39m [38;2;138;138;154mSUBAGENT_MAX_STEPS          [38;2;255;107;53m100   [38;2;74;74;88msubagent[39m    [38;2;35;35;46m│[39m [38;2;35;35;46m│[39m
[38;2;35;35;46m│[39m [38;2;255;107;53m│[39m                                                      [38;2;255;107;53m│[39m [38;2;35;35;46m│[39m [38;2;74;74;88mrecovery actions: rollback │ retry │ skip │ [39m  [38;2;35;35;46m│[39m [38;2;35;35;46m│[39m
[38;2;35;35;46m│[39m [38;2;255;107;53m│[39m                                                      [38;2;255;107;53m│[39m [38;2;35;35;46m│[39m [38;2;74;74;88mescalate[39m                                      [38;2;35;35;46m│[39m [38;2;35;35;46m│[39m
[38;2;35;35;46m│[39m [38;2;255;107;53m└──────────────────────────────────────────────────────┘[39m [38;2;35;35;46m└───────────────────────────────────────────────┘[39m [38;2;35;35;46m│[39m
[38;2;35;35;46m│[1m[48;2;255;107;53m[38;2;5;5;7m AGENTS [39m[49m[22m [38;2;138;138;154m1-6 sub-view · j/k select · ⏎ inspect · f filter · r resume[39m                           [38;2;255;107;53m:[38;2;74;74;88m cmd  [38;2;255;107;53m?[38;2;74;74;88m help[38;2;35;35;46m│[39m
[38;2;35;35;46m└────────────────────────────────────────────────────────────────────────────────────────────────────────────┘[39m
[2K[1A[2K[1A[2K[1A[2K[1A[2K[1A[2K[1A[2K[1A[2K[1A[2K[1A[2K[1A[2K[1A[2K[1A[2K[1A[2K[1A[2K[1A[2K[1A[2K[1A[2K[1A[2K[1A[2K[1A[2K[1A[2K[1A[2K[1A[2K[1A[2K[G[38;2;35;35;46m┌──────────────────[38;2;255;107;53m│[38;2;35;35;46m─[38;2;255;107;53mRESUME written → /tmp/aperant-fixture/.auto-claude/specs/002-fix-terminal-blank/RESUME[38;2;35;35;46m─[38;2;255;107;53m│[38;2;35;35;46m┐[39m
[38;2;35;35;46m│[1m[38;2;255;107;53mAPERANT[39m[22m [38;2;74;74;88m│[39m [38;2;138;138;154maperant-[38;2;255;107;53m└────────────────────────────────────────────────────────────────────────────────────────┘[38;2;35;35;46m│[39m
[38;2;35;35;46m│[39m [38;2;138;138;154m 1 board [39m  [38;2;138;138;154m 2 term [39m  [38;2;138;138;154m 3 road [39m  [38;2;138;138;154m 4 chat [39m  [38;2;138;138;154m 5 tree [39m  [38;2;138;138;154m 6 set [39m  [1m[48;2;255;107;53m[38;2;5;5;7m 7 agents [39m[49m[22m                                     [38;2;35;35;46m│[39m
[38;2;35;35;46m│[39m [38;2;138;138;154m 1 swarm [39m [38;2;138;138;154m 2 graph [39m [38;2;138;138;154m 3 inspect [39m [38;2;138;138;154m 4 trace [39m [38;2;138;138;154m 5 tokens [39m [1m[48;2;255;107;53m[38;2;5;5;7m 6 waits [39m[49m[22m [38;2;74;74;88m1 agent · esc then 1-7 to switch tabs[39m       [38;2;35;35;46m│[39m
[38;2;35;35;46m│[39m                                                                                                            [38;2;35;35;46m│[39m
[38;2;35;35;46m│[39m [38;2;255;107;53m┌──────────────────────────────────────────────────────┐[39m [38;2;35;35;46m┌───────────────────────────────────────────────┐[39m [38;2;35;35;46m│[39m
[38;2;35;35;46m│[39m [38;2;255;107;53m│[39m [1m[38;2;255;107;53mBLOCKING ANALYSIS · 1 blocked[39m[22m                        [38;2;255;107;53m│[39m [38;2;35;35;46m│[39m [38;2;138;138;154mESCALATION THRESHOLDS[39m                         [38;2;35;35;46m│[39m [38;2;35;35;46m│[39m
[38;2;35;35;46m│[39m [38;2;255;107;53m│[39m [38;2;255;68;68m⏱ 002-fix-terminal-b [38;2;74;74;88m[429][38;2;255;107;53m  ❯ selected[39m               [38;2;255;107;53m│[39m [38;2;35;35;46m│[39m [38;2;138;138;154mMAX_QA_ITERATIONS           [38;2;255;107;53m50    [38;2;74;74;88mqa-loop[39m     [38;2;35;35;46m│[39m [38;2;35;35;46m│[39m
[38;2;35;35;46m│[39m [38;2;255;107;53m│[39m [38;2;138;138;154m  ⏱ 429 resets 2026-08-12T13:04:00Z · waited 9s[39m      [38;2;255;107;53m│[39m [38;2;35;35;46m│[39m [38;2;138;138;154mMAX_CONSECUTIVE_ERRORS      [38;2;255;107;53m3     [38;2;74;74;88mqa-loop[39m     [38;2;35;35;46m│[39m [38;2;35;35;46m│[39m
[38;2;35;35;46m│[39m [38;2;255;107;53m│[39m                                                      [38;2;255;107;53m│[39m [38;2;35;35;46m│[39m [38;2;138;138;154mRECURRING_ISSUE_THRESHOLD   [38;2;255;107;53m3     [38;2;74;74;88mqa-loop[39m     [38;2;35;35;46m│[39m [38;2;35;35;46m│[39m
[38;2;35;35;46m│[39m [38;2;255;107;53m│[39m [38;2;74;74;88mr writes RESUME sentinel for the selected agent [39m     [38;2;255;107;53m│[39m [38;2;35;35;46m│[39m [38;2;138;138;154mMAX_SUBTASK_RETRIES         [38;2;255;107;53m3     [38;2;74;74;88mbuild-orch[39m  [38;2;35;35;46m│[39m [38;2;35;35;46m│[39m
[38;2;35;35;46m│[39m [38;2;255;107;53m│[39m [38;2;74;74;88m(spec §4.1)[39m                                          [38;2;255;107;53m│[39m [38;2;35;35;46m│[39m [38;2;138;138;154mCIRCULAR_FIX_THRESHOLD      [38;2;255;107;53m3     [38;2;74;74;88mrecovery[39m    [38;2;35;35;46m│[39m [38;2;35;35;46m│[39m
[38;2;35;35;46m│[39m [38;2;255;107;53m│[39m                                                      [38;2;255;107;53m│[39m [38;2;35;35;46m│[39m [38;2;138;138;154mMAX_ATTEMPTS_PER_SUBTASK    [38;2;255;107;53m50    [38;2;74;74;88mrecovery[39m    [38;2;35;35;46m│[39m [38;2;35;35;46m│[39m
[38;2;35;35;46m│[39m [38;2;255;107;53m│[39m                                                      [38;2;255;107;53m│[39m [38;2;35;35;46m│[39m [38;2;138;138;154mDEFAULT_MAX_CONCURRENCY     [38;2;255;107;53m3     [38;2;74;74;88mparallel[39m    [38;2;35;35;46m│[39m [38;2;35;35;46m│[39m
[38;2;35;35;46m│[39m [38;2;255;107;53m│[39m                                                      [38;2;255;107;53m│[39m [38;2;35;35;46m│[39m [38;2;138;138;154mSTAGGER_DELAY_MS            [38;2;255;107;53m1s    [38;2;74;74;88mparallel[39m    [38;2;35;35;46m│[39m [38;2;35;35;46m│[39m
[38;2;35;35;46m│[39m [38;2;255;107;53m│[39m                                                      [38;2;255;107;53m│[39m [38;2;35;35;46m│[39m [38;2;138;138;154mMAX_RATE_LIMIT_WAIT         [38;2;255;107;53m2h    [38;2;74;74;88mpause[39m       [38;2;35;35;46m│[39m [38;2;35;35;46m│[39m
[38;2;35;35;46m│[39m [38;2;255;107;53m│[39m                                                      [38;2;255;107;53m│[39m [38;2;35;35;46m│[39m [38;2;138;138;154mAUTH_RESUME_MAX_WAIT        [38;2;255;107;53m24h   [38;2;74;74;88mpause[39m       [38;2;35;35;46m│[39m [38;2;35;35;46m│[39m
[38;2;35;35;46m│[39m [38;2;255;107;53m│[39m                                                      [38;2;255;107;53m│[39m [38;2;35;35;46m│[39m [38;2;138;138;154mMAX_CONTINUATIONS           [38;2;255;107;53m5     [38;2;74;74;88mcontinuation[38;2;35;35;46m│[39m [38;2;35;35;46m│[39m
[38;2;35;35;46m│[39m [38;2;255;107;53m│[39m                                                      [38;2;255;107;53m│[39m [38;2;35;35;46m│[39m [38;2;138;138;154mSUBAGENT_MAX_STEPS          [38;2;255;107;53m100   [38;2;74;74;88msubagent[39m    [38;2;35;35;46m│[39m [38;2;35;35;46m│[39m
[38;2;35;35;46m│[39m [38;2;255;107;53m│[39m                                                      [38;2;255;107;53m│[39m [38;2;35;35;46m│[39m [38;2;74;74;88mrecovery actions: rollback │ retry │ skip │ [39m  [38;2;35;35;46m│[39m [38;2;35;35;46m│[39m
[38;2;35;35;46m│[39m [38;2;255;107;53m│[39m                                                      [38;2;255;107;53m│[39m [38;2;35;35;46m│[39m [38;2;74;74;88mescalate[39m                                      [38;2;35;35;46m│[39m [38;2;35;35;46m│[39m
[38;2;35;35;46m│[39m [38;2;255;107;53m└──────────────────────────────────────────────────────┘[39m [38;2;35;35;46m└───────────────────────────────────────────────┘[39m [38;2;35;35;46m│[39m
[38;2;35;35;46m│[1m[48;2;255;107;53m[38;2;5;5;7m AGENTS [39m[49m[22m [38;2;138;138;154m1-6 sub-view · j/k select · ⏎ inspect · f filter · r resume[39m                           [38;2;255;107;53m:[38;2;74;74;88m cmd  [38;2;255;107;53m?[38;2;74;74;88m help[38;2;35;35;46m│[39m
[38;2;35;35;46m└────────────────────────────────────────────────────────────────────────────────────────────────────────────┘[39m
[2K[1A[2K[1A[2K[1A[2K[1A[2K[1A[2K[1A[2K[1A[2K[1A[2K[1A[2K[1A[2K[1A[2K[1A[2K[1A[2K[1A[2K[1A[2K[1A[2K[1A[2K[1A[2K[1A[2K[1A[2K[1A[2K[1A[2K[1A[2K[1A[2K[G[38;2;35;35;46m┌──────────────────[38;2;255;107;53m│[38;2;35;35;46m─[38;2;255;107;53mRESUME written → /tmp/aperant-fixture/.auto-claude/specs/002-fix-terminal-blank/RESUME[38;2;35;35;46m─[38;2;255;107;53m│[38;2;35;35;46m┐[39m
[38;2;35;35;46m│[1m[38;2;255;107;53mAPERANT[39m[22m [38;2;74;74;88m│[39m [38;2;138;138;154maperant-[38;2;255;107;53m└────────────────────────────────────────────────────────────────────────────────────────┘[38;2;35;35;46m│[39m
[38;2;35;35;46m│[39m [38;2;138;138;154m 1 board [39m  [38;2;138;138;154m 2 term [39m  [38;2;138;138;154m 3 road [39m  [38;2;138;138;154m 4 chat [39m  [38;2;138;138;154m 5 tree [39m  [38;2;138;138;154m 6 set [39m  [1m[48;2;255;107;53m[38;2;5;5;7m 7 agents [39m[49m[22m                                     [38;2;35;35;46m│[39m
[38;2;35;35;46m│[39m [38;2;138;138;154m 1 swarm [39m [38;2;138;138;154m 2 graph [39m [38;2;138;138;154m 3 inspect [39m [38;2;138;138;154m 4 trace [39m [38;2;138;138;154m 5 tokens [39m [1m[48;2;255;107;53m[38;2;5;5;7m 6 waits [39m[49m[22m [38;2;74;74;88m1 agent · esc then 1-7 to switch tabs[39m       [38;2;35;35;46m│[39m
[38;2;35;35;46m│[39m                                                                                                            [38;2;35;35;46m│[39m
[38;2;35;35;46m│[39m [38;2;255;107;53m┌──────────────────────────────────────────────────────┐[39m [38;2;35;35;46m┌───────────────────────────────────────────────┐[39m [38;2;35;35;46m│[39m
[38;2;35;35;46m│[39m [38;2;255;107;53m│[39m [1m[38;2;255;107;53mBLOCKING ANALYSIS · 1 blocked[39m[22m                        [38;2;255;107;53m│[39m [38;2;35;35;46m│[39m [38;2;138;138;154mESCALATION THRESHOLDS[39m                         [38;2;35;35;46m│[39m [38;2;35;35;46m│[39m
[38;2;35;35;46m│[39m [38;2;255;107;53m│[39m [38;2;255;68;68m⏱ 002-fix-terminal-b [38;2;74;74;88m[429][38;2;255;107;53m  ❯ selected[39m               [38;2;255;107;53m│[39m [38;2;35;35;46m│[39m [38;2;138;138;154mMAX_QA_ITERATIONS           [38;2;255;107;53m50    [38;2;74;74;88mqa-loop[39m     [38;2;35;35;46m│[39m [38;2;35;35;46m│[39m
[38;2;35;35;46m│[39m [38;2;255;107;53m│[39m [38;2;138;138;154m  ⏱ 429 resets 2026-08-12T13:04:00Z · waited 10s[39m     [38;2;255;107;53m│[39m [38;2;35;35;46m│[39m [38;2;138;138;154mMAX_CONSECUTIVE_ERRORS      [38;2;255;107;53m3     [38;2;74;74;88mqa-loop[39m     [38;2;35;35;46m│[39m [38;2;35;35;46m│[39m
[38;2;35;35;46m│[39m [38;2;255;107;53m│[39m                                                      [38;2;255;107;53m│[39m [38;2;35;35;46m│[39m [38;2;138;138;154mRECURRING_ISSUE_THRESHOLD   [38;2;255;107;53m3     [38;2;74;74;88mqa-loop[39m     [38;2;35;35;46m│[39m [38;2;35;35;46m│[39m
[38;2;35;35;46m│[39m [38;2;255;107;53m│[39m [38;2;74;74;88mr writes RESUME sentinel for the selected agent [39m     [38;2;255;107;53m│[39m [38;2;35;35;46m│[39m [38;2;138;138;154mMAX_SUBTASK_RETRIES         [38;2;255;107;53m3     [38;2;74;74;88mbuild-orch[39m  [38;2;35;35;46m│[39m [38;2;35;35;46m│[39m
[38;2;35;35;46m│[39m [38;2;255;107;53m│[39m [38;2;74;74;88m(spec §4.1)[39m                                          [38;2;255;107;53m│[39m [38;2;35;35;46m│[39m [38;2;138;138;154mCIRCULAR_FIX_THRESHOLD      [38;2;255;107;53m3     [38;2;74;74;88mrecovery[39m    [38;2;35;35;46m│[39m [38;2;35;35;46m│[39m
[38;2;35;35;46m│[39m [38;2;255;107;53m│[39m                                                      [38;2;255;107;53m│[39m [38;2;35;35;46m│[39m [38;2;138;138;154mMAX_ATTEMPTS_PER_SUBTASK    [38;2;255;107;53m50    [38;2;74;74;88mrecovery[39m    [38;2;35;35;46m│[39m [38;2;35;35;46m│[39m
[38;2;35;35;46m│[39m [38;2;255;107;53m│[39m                                                      [38;2;255;107;53m│[39m [38;2;35;35;46m│[39m [38;2;138;138;154mDEFAULT_MAX_CONCURRENCY     [38;2;255;107;53m3     [38;2;74;74;88mparallel[39m    [38;2;35;35;46m│[39m [38;2;35;35;46m│[39m
[38;2;35;35;46m│[39m [38;2;255;107;53m│[39m                                                      [38;2;255;107;53m│[39m [38;2;35;35;46m│[39m [38;2;138;138;154mSTAGGER_DELAY_MS            [38;2;255;107;53m1s    [38;2;74;74;88mparallel[39m    [38;2;35;35;46m│[39m [38;2;35;35;46m│[39m
[38;2;35;35;46m│[39m [38;2;255;107;53m│[39m                                                      [38;2;255;107;53m│[39m [38;2;35;35;46m│[39m [38;2;138;138;154mMAX_RATE_LIMIT_WAIT         [38;2;255;107;53m2h    [38;2;74;74;88mpause[39m       [38;2;35;35;46m│[39m [38;2;35;35;46m│[39m
[38;2;35;35;46m│[39m [38;2;255;107;53m│[39m                                                      [38;2;255;107;53m│[39m [38;2;35;35;46m│[39m [38;2;138;138;154mAUTH_RESUME_MAX_WAIT        [38;2;255;107;53m24h   [38;2;74;74;88mpause[39m       [38;2;35;35;46m│[39m [38;2;35;35;46m│[39m
[38;2;35;35;46m│[39m [38;2;255;107;53m│[39m                                                      [38;2;255;107;53m│[39m [38;2;35;35;46m│[39m [38;2;138;138;154mMAX_CONTINUATIONS           [38;2;255;107;53m5     [38;2;74;74;88mcontinuation[38;2;35;35;46m│[39m [38;2;35;35;46m│[39m
[38;2;35;35;46m│[39m [38;2;255;107;53m│[39m                                                      [38;2;255;107;53m│[39m [38;2;35;35;46m│[39m [38;2;138;138;154mSUBAGENT_MAX_STEPS          [38;2;255;107;53m100   [38;2;74;74;88msubagent[39m    [38;2;35;35;46m│[39m [38;2;35;35;46m│[39m
[38;2;35;35;46m│[39m [38;2;255;107;53m│[39m                                                      [38;2;255;107;53m│[39m [38;2;35;35;46m│[39m [38;2;74;74;88mrecovery actions: rollback │ retry │ skip │ [39m  [38;2;35;35;46m│[39m [38;2;35;35;46m│[39m
[38;2;35;35;46m│[39m [38;2;255;107;53m│[39m                                                      [38;2;255;107;53m│[39m [38;2;35;35;46m│[39m [38;2;74;74;88mescalate[39m                                      [38;2;35;35;46m│[39m [38;2;35;35;46m│[39m
[38;2;35;35;46m│[39m [38;2;255;107;53m└──────────────────────────────────────────────────────┘[39m [38;2;35;35;46m└───────────────────────────────────────────────┘[39m [38;2;35;35;46m│[39m
[38;2;35;35;46m│[1m[48;2;255;107;53m[38;2;5;5;7m AGENTS [39m[49m[22m [38;2;138;138;154m1-6 sub-view · j/k select · ⏎ inspect · f filter · r resume[39m                           [38;2;255;107;53m:[38;2;74;74;88m cmd  [38;2;255;107;53m?[38;2;74;74;88m help[38;2;35;35;46m│[39m
[38;2;35;35;46m└────────────────────────────────────────────────────────────────────────────────────────────────────────────┘[39m
[2K[1A[2K[1A[2K[1A[2K[1A[2K[1A[2K[1A[2K[1A[2K[1A[2K[1A[2K[1A[2K[1A[2K[1A[2K[1A[2K[1A[2K[1A[2K[1A[2K[1A[2K[1A[2K[1A[2K[1A[2K[1A[2K[1A[2K[1A[2K[1A[2K[G[38;2;35;35;46m┌────────────────────────────────────────────────────────────────────────────────────────────────────────────┐[39m
[38;2;35;35;46m│[1m[38;2;255;107;53mAPERANT[39m[22m [38;2;74;74;88m│[39m [38;2;138;138;154maperant-fixture[39m [38;2;74;74;88m/tmp/aperant-fixture[39m [38;2;74;74;88m│[39m [38;2;56;189;248m⑂ develop[39m             [38;2;255;107;53m◉[38;2;138;138;154m 1 running[39m  [38;2;255;176;0m◆[38;2;138;138;154m 1 review[39m  [38;2;61;220;132m●[38;2;138;138;154m no profile[38;2;35;35;46m│[39m
[38;2;35;35;46m│[39m [38;2;138;138;154m 1 board [39m  [38;2;138;138;154m 2 term [39m  [38;2;138;138;154m 3 road [39m  [38;2;138;138;154m 4 chat [39m  [38;2;138;138;154m 5 tree [39m  [38;2;138;138;154m 6 set [39m  [1m[48;2;255;107;53m[38;2;5;5;7m 7 agents [39m[49m[22m                                     [38;2;35;35;46m│[39m
[38;2;35;35;46m│[39m [38;2;138;138;154m 1 swarm [39m [38;2;138;138;154m 2 graph [39m [38;2;138;138;154m 3 inspect [39m [38;2;138;138;154m 4 trace [39m [38;2;138;138;154m 5 tokens [39m [1m[48;2;255;107;53m[38;2;5;5;7m 6 waits [39m[49m[22m [38;2;74;74;88m1 agent · esc then 1-7 to switch tabs[39m       [38;2;35;35;46m│[39m
[38;2;35;35;46m│[39m                                                                                                            [38;2;35;35;46m│[39m
[38;2;35;35;46m│[39m [38;2;255;107;53m┌──────────────────────────────────────────────────────┐[39m [38;2;35;35;46m┌───────────────────────────────────────────────┐[39m [38;2;35;35;46m│[39m
[38;2;35;35;46m│[39m [38;2;255;107;53m│[39m [1m[38;2;255;107;53mBLOCKING ANALYSIS · 1 blocked[39m[22m                        [38;2;255;107;53m│[39m [38;2;35;35;46m│[39m [38;2;138;138;154mESCALATION THRESHOLDS[39m                         [38;2;35;35;46m│[39m [38;2;35;35;46m│[39m
[38;2;35;35;46m│[39m [38;2;255;107;53m│[39m [38;2;255;68;68m⏱ 002-fix-terminal-b [38;2;74;74;88m[429][38;2;255;107;53m  ❯ selected[39m               [38;2;255;107;53m│[39m [38;2;35;35;46m│[39m [38;2;138;138;154mMAX_QA_ITERATIONS           [38;2;255;107;53m50    [38;2;74;74;88mqa-loop[39m     [38;2;35;35;46m│[39m [38;2;35;35;46m│[39m
[38;2;35;35;46m│[39m [38;2;255;107;53m│[39m [38;2;138;138;154m  ⏱ 429 resets 2026-08-12T13:04:00Z · waited 11s[39m     [38;2;255;107;53m│[39m [38;2;35;35;46m│[39m [38;2;138;138;154mMAX_CONSECUTIVE_ERRORS      [38;2;255;107;53m3     [38;2;74;74;88mqa-loop[39m     [38;2;35;35;46m│[39m [38;2;35;35;46m│[39m
[38;2;35;35;46m│[39m [38;2;255;107;53m│[39m                                                      [38;2;255;107;53m│[39m [38;2;35;35;46m│[39m [38;2;138;138;154mRECURRING_ISSUE_THRESHOLD   [38;2;255;107;53m3     [38;2;74;74;88mqa-loop[39m     [38;2;35;35;46m│[39m [38;2;35;35;46m│[39m
[38;2;35;35;46m│[39m [38;2;255;107;53m│[39m [38;2;74;74;88mr writes RESUME sentinel for the selected agent [39m     [38;2;255;107;53m│[39m [38;2;35;35;46m│[39m [38;2;138;138;154mMAX_SUBTASK_RETRIES         [38;2;255;107;53m3     [38;2;74;74;88mbuild-orch[39m  [38;2;35;35;46m│[39m [38;2;35;35;46m│[39m
[38;2;35;35;46m│[39m [38;2;255;107;53m│[39m [38;2;74;74;88m(spec §4.1)[39m                                          [38;2;255;107;53m│[39m [38;2;35;35;46m│[39m [38;2;138;138;154mCIRCULAR_FIX_THRESHOLD      [38;2;255;107;53m3     [38;2;74;74;88mrecovery[39m    [38;2;35;35;46m│[39m [38;2;35;35;46m│[39m
[38;2;35;35;46m│[39m [38;2;255;107;53m│[39m                                                      [38;2;255;107;53m│[39m [38;2;35;35;46m│[39m [38;2;138;138;154mMAX_ATTEMPTS_PER_SUBTASK    [38;2;255;107;53m50    [38;2;74;74;88mrecovery[39m    [38;2;35;35;46m│[39m [38;2;35;35;46m│[39m
[38;2;35;35;46m│[39m [38;2;255;107;53m│[39m                                                      [38;2;255;107;53m│[39m [38;2;35;35;46m│[39m [38;2;138;138;154mDEFAULT_MAX_CONCURRENCY     [38;2;255;107;53m3     [38;2;74;74;88mparallel[39m    [38;2;35;35;46m│[39m [38;2;35;35;46m│[39m
[38;2;35;35;46m│[39m [38;2;255;107;53m│[39m                                                      [38;2;255;107;53m│[39m [38;2;35;35;46m│[39m [38;2;138;138;154mSTAGGER_DELAY_MS            [38;2;255;107;53m1s    [38;2;74;74;88mparallel[39m    [38;2;35;35;46m│[39m [38;2;35;35;46m│[39m
[38;2;35;35;46m│[39m [38;2;255;107;53m│[39m                                                      [38;2;255;107;53m│[39m [38;2;35;35;46m│[39m [38;2;138;138;154mMAX_RATE_LIMIT_WAIT         [38;2;255;107;53m2h    [38;2;74;74;88mpause[39m       [38;2;35;35;46m│[39m [38;2;35;35;46m│[39m
[38;2;35;35;46m│[39m [38;2;255;107;53m│[39m                                                      [38;2;255;107;53m│[39m [38;2;35;35;46m│[39m [38;2;138;138;154mAUTH_RESUME_MAX_WAIT        [38;2;255;107;53m24h   [38;2;74;74;88mpause[39m       [38;2;35;35;46m│[39m [38;2;35;35;46m│[39m
[38;2;35;35;46m│[39m [38;2;255;107;53m│[39m                                                      [38;2;255;107;53m│[39m [38;2;35;35;46m│[39m [38;2;138;138;154mMAX_CONTINUATIONS           [38;2;255;107;53m5     [38;2;74;74;88mcontinuation[38;2;35;35;46m│[39m [38;2;35;35;46m│[39m
[38;2;35;35;46m│[39m [38;2;255;107;53m│[39m                                                      [38;2;255;107;53m│[39m [38;2;35;35;46m│[39m [38;2;138;138;154mSUBAGENT_MAX_STEPS          [38;2;255;107;53m100   [38;2;74;74;88msubagent[39m    [38;2;35;35;46m│[39m [38;2;35;35;46m│[39m
[38;2;35;35;46m│[39m [38;2;255;107;53m│[39m                                                      [38;2;255;107;53m│[39m [38;2;35;35;46m│[39m [38;2;74;74;88mrecovery actions: rollback │ retry │ skip │ [39m  [38;2;35;35;46m│[39m [38;2;35;35;46m│[39m
[38;2;35;35;46m│[39m [38;2;255;107;53m│[39m                                                      [38;2;255;107;53m│[39m [38;2;35;35;46m│[39m [38;2;74;74;88mescalate[39m                                      [38;2;35;35;46m│[39m [38;2;35;35;46m│[39m
[38;2;35;35;46m│[39m [38;2;255;107;53m└──────────────────────────────────────────────────────┘[39m [38;2;35;35;46m└───────────────────────────────────────────────┘[39m [38;2;35;35;46m│[39m
[38;2;35;35;46m│[1m[48;2;255;107;53m[38;2;5;5;7m AGENTS [39m[49m[22m [38;2;138;138;154m1-6 sub-view · j/k select · ⏎ inspect · f filter · r resume[39m                           [38;2;255;107;53m:[38;2;74;74;88m cmd  [38;2;255;107;53m?[38;2;74;74;88m help[38;2;35;35;46m│[39m
[38;2;35;35;46m└────────────────────────────────────────────────────────────────────────────────────────────────────────────┘[39m
[2K[1A[2K[1A[2K[1A[2K[1A[2K[1A[2K[1A[2K[1A[2K[1A[2K[1A[2K[1A[2K[1A[2K[1A[2K[1A[2K[1A[2K[1A[2K[1A[2K[1A[2K[1A[2K[1A[2K[1A[2K[1A[2K[1A[2K[1A[2K[1A[2K[G[38;2;35;35;46m┌────────────────────────────────────────────────────────────────────────────────────────────────────────────┐[39m
[38;2;35;35;46m│[1m[38;2;255;107;53mAPERANT[39m[22m [38;2;74;74;88m│[39m [38;2;138;138;154maperant-fixture[39m [38;2;74;74;88m/tmp/aperant-fixture[39m [38;2;74;74;88m│[39m [38;2;56;189;248m⑂ develop[39m             [38;2;255;107;53m◉[38;2;138;138;154m 1 running[39m  [38;2;255;176;0m◆[38;2;138;138;154m 1 review[39m  [38;2;61;220;132m●[38;2;138;138;154m no profile[38;2;35;35;46m│[39m
[38;2;35;35;46m│[39m [38;2;138;138;154m 1 board [39m  [38;2;138;138;154m 2 term [39m  [38;2;138;138;154m 3 road [39m  [38;2;138;138;154m 4 chat [39m  [38;2;138;138;154m 5 tree [39m  [38;2;138;138;154m 6 set [39m  [1m[48;2;255;107;53m[38;2;5;5;7m 7 agents [39m[49m[22m                                     [38;2;35;35;46m│[39m
[38;2;35;35;46m│[39m [38;2;138;138;154m 1 swarm [39m [38;2;138;138;154m 2 graph [39m [38;2;138;138;154m 3 inspect [39m [38;2;138;138;154m 4 trace [39m [38;2;138;138;154m 5 tokens [39m [1m[48;2;255;107;53m[38;2;5;5;7m 6 waits [39m[49m[22m [38;2;74;74;88m1 agent · esc then 1-7 to switch tabs[39m       [38;2;35;35;46m│[39m
[38;2;35;35;46m│[39m                                                                                                            [38;2;35;35;46m│[39m
[38;2;35;35;46m│[39m [38;2;255;107;53m┌──────────────────────────────────────────────────────┐[39m [38;2;35;35;46m┌───────────────────────────────────────────────┐[39m [38;2;35;35;46m│[39m
[38;2;35;35;46m│[39m [38;2;255;107;53m│[39m [1m[38;2;255;107;53mBLOCKING ANALYSIS · 1 blocked[39m[22m                        [38;2;255;107;53m│[39m [38;2;35;35;46m│[39m [38;2;138;138;154mESCALATION THRESHOLDS[39m                         [38;2;35;35;46m│[39m [38;2;35;35;46m│[39m
[38;2;35;35;46m│[39m [38;2;255;107;53m│[39m [38;2;255;68;68m⏱ 002-fix-terminal-b [38;2;74;74;88m[429][38;2;255;107;53m  ❯ selected[39m               [38;2;255;107;53m│[39m [38;2;35;35;46m│[39m [38;2;138;138;154mMAX_QA_ITERATIONS           [38;2;255;107;53m50    [38;2;74;74;88mqa-loop[39m     [38;2;35;35;46m│[39m [38;2;35;35;46m│[39m
[38;2;35;35;46m│[39m [38;2;255;107;53m│[39m [38;2;138;138;154m  ⏱ 429 resets 2026-08-12T13:04:00Z · waited 12s[39m     [38;2;255;107;53m│[39m [38;2;35;35;46m│[39m [38;2;138;138;154mMAX_CONSECUTIVE_ERRORS      [38;2;255;107;53m3     [38;2;74;74;88mqa-loop[39m     [38;2;35;35;46m│[39m [38;2;35;35;46m│[39m
[38;2;35;35;46m│[39m [38;2;255;107;53m│[39m                                                      [38;2;255;107;53m│[39m [38;2;35;35;46m│[39m [38;2;138;138;154mRECURRING_ISSUE_THRESHOLD   [38;2;255;107;53m3     [38;2;74;74;88mqa-loop[39m     [38;2;35;35;46m│[39m [38;2;35;35;46m│[39m
[38;2;35;35;46m│[39m [38;2;255;107;53m│[39m [38;2;74;74;88mr writes RESUME sentinel for the selected agent [39m     [38;2;255;107;53m│[39m [38;2;35;35;46m│[39m [38;2;138;138;154mMAX_SUBTASK_RETRIES         [38;2;255;107;53m3     [38;2;74;74;88mbuild-orch[39m  [38;2;35;35;46m│[39m [38;2;35;35;46m│[39m
[38;2;35;35;46m│[39m [38;2;255;107;53m│[39m [38;2;74;74;88m(spec §4.1)[39m                                          [38;2;255;107;53m│[39m [38;2;35;35;46m│[39m [38;2;138;138;154mCIRCULAR_FIX_THRESHOLD      [38;2;255;107;53m3     [38;2;74;74;88mrecovery[39m    [38;2;35;35;46m│[39m [38;2;35;35;46m│[39m
[38;2;35;35;46m│[39m [38;2;255;107;53m│[39m                                                      [38;2;255;107;53m│[39m [38;2;35;35;46m│[39m [38;2;138;138;154mMAX_ATTEMPTS_PER_SUBTASK    [38;2;255;107;53m50    [38;2;74;74;88mrecovery[39m    [38;2;35;35;46m│[39m [38;2;35;35;46m│[39m
[38;2;35;35;46m│[39m [38;2;255;107;53m│[39m                                                      [38;2;255;107;53m│[39m [38;2;35;35;46m│[39m [38;2;138;138;154mDEFAULT_MAX_CONCURRENCY     [38;2;255;107;53m3     [38;2;74;74;88mparallel[39m    [38;2;35;35;46m│[39m [38;2;35;35;46m│[39m
[38;2;35;35;46m│[39m [38;2;255;107;53m│[39m                                                      [38;2;255;107;53m│[39m [38;2;35;35;46m│[39m [38;2;138;138;154mSTAGGER_DELAY_MS            [38;2;255;107;53m1s    [38;2;74;74;88mparallel[39m    [38;2;35;35;46m│[39m [38;2;35;35;46m│[39m
[38;2;35;35;46m│[39m [38;2;255;107;53m│[39m                                                      [38;2;255;107;53m│[39m [38;2;35;35;46m│[39m [38;2;138;138;154mMAX_RATE_LIMIT_WAIT         [38;2;255;107;53m2h    [38;2;74;74;88mpause[39m       [38;2;35;35;46m│[39m [38;2;35;35;46m│[39m
[38;2;35;35;46m│[39m [38;2;255;107;53m│[39m                                                      [38;2;255;107;53m│[39m [38;2;35;35;46m│[39m [38;2;138;138;154mAUTH_RESUME_MAX_WAIT        [38;2;255;107;53m24h   [38;2;74;74;88mpause[39m       [38;2;35;35;46m│[39m [38;2;35;35;46m│[39m
[38;2;35;35;46m│[39m [38;2;255;107;53m│[39m                                                      [38;2;255;107;53m│[39m [38;2;35;35;46m│[39m [38;2;138;138;154mMAX_CONTINUATIONS           [38;2;255;107;53m5     [38;2;74;74;88mcontinuation[38;2;35;35;46m│[39m [38;2;35;35;46m│[39m
[38;2;35;35;46m│[39m [38;2;255;107;53m│[39m                                                      [38;2;255;107;53m│[39m [38;2;35;35;46m│[39m [38;2;138;138;154mSUBAGENT_MAX_STEPS          [38;2;255;107;53m100   [38;2;74;74;88msubagent[39m    [38;2;35;35;46m│[39m [38;2;35;35;46m│[39m
[38;2;35;35;46m│[39m [38;2;255;107;53m│[39m                                                      [38;2;255;107;53m│[39m [38;2;35;35;46m│[39m [38;2;74;74;88mrecovery actions: rollback │ retry │ skip │ [39m  [38;2;35;35;46m│[39m [38;2;35;35;46m│[39m
[38;2;35;35;46m│[39m [38;2;255;107;53m│[39m                                                      [38;2;255;107;53m│[39m [38;2;35;35;46m│[39m [38;2;74;74;88mescalate[39m                                      [38;2;35;35;46m│[39m [38;2;35;35;46m│[39m
[38;2;35;35;46m│[39m [38;2;255;107;53m└──────────────────────────────────────────────────────┘[39m [38;2;35;35;46m└───────────────────────────────────────────────┘[39m [38;2;35;35;46m│[39m
[38;2;35;35;46m│[1m[48;2;255;107;53m[38;2;5;5;7m AGENTS [39m[49m[22m [38;2;138;138;154m1-6 sub-view · j/k select · ⏎ inspect · f filter · r resume[39m                           [38;2;255;107;53m:[38;2;74;74;88m cmd  [38;2;255;107;53m?[38;2;74;74;88m help[38;2;35;35;46m│[39m
[38;2;35;35;46m└────────────────────────────────────────────────────────────────────────────────────────────────────────────┘[39m
[2K[1A[2K[1A[2K[1A[2K[1A[2K[1A[2K[1A[2K[1A[2K[1A[2K[1A[2K[1A[2K[1A[2K[1A[2K[1A[2K[1A[2K[1A[2K[1A[2K[1A[2K[1A[2K[1A[2K[1A[2K[1A[2K[1A[2K[1A[2K[1A[2K[G[38;2;35;35;46m┌────────────────────────────────────────────────────────────────────────────────────────────────────────────┐[39m
[38;2;35;35;46m│[1m[38;2;255;107;53mAPERANT[39m[22m [38;2;74;74;88m│[39m [38;2;138;138;154maperant-fixture[39m [38;2;74;74;88m/tmp/aperant-fixture[39m [38;2;74;74;88m│[39m [38;2;56;189;248m⑂ develop[39m             [38;2;255;107;53m◉[38;2;138;138;154m 1 running[39m  [38;2;255;176;0m◆[38;2;138;138;154m 1 review[39m  [38;2;61;220;132m●[38;2;138;138;154m no profile[38;2;35;35;46m│[39m
[38;2;35;35;46m│[39m [38;2;138;138;154m 1 board [39m  [38;2;138;138;154m 2 term [39m  [38;2;138;138;154m 3 road [39m  [38;2;138;138;154m 4 chat [39m  [38;2;138;138;154m 5 tree [39m  [38;2;138;138;154m 6 set [39m  [1m[48;2;255;107;53m[38;2;5;5;7m 7 agents [39m[49m[22m                                     [38;2;35;35;46m│[39m
[38;2;35;35;46m│[39m [38;2;138;138;154m 1 swarm [39m [38;2;138;138;154m 2 graph [39m [38;2;138;138;154m 3 inspect [39m [38;2;138;138;154m 4 trace [39m [38;2;138;138;154m 5 tokens [39m [1m[48;2;255;107;53m[38;2;5;5;7m 6 waits [39m[49m[22m [38;2;74;74;88m1 agent · esc then 1-7 to switch tabs[39m       [38;2;35;35;46m│[39m
[38;2;35;35;46m│[39m                                                                                                            [38;2;35;35;46m│[39m
[38;2;35;35;46m│[39m [38;2;255;107;53m┌──────────────────────────────────────────────────────┐[39m [38;2;35;35;46m┌───────────────────────────────────────────────┐[39m [38;2;35;35;46m│[39m
[38;2;35;35;46m│[39m [38;2;255;107;53m│[39m [1m[38;2;255;107;53mBLOCKING ANALYSIS · 1 blocked[39m[22m                        [38;2;255;107;53m│[39m [38;2;35;35;46m│[39m [38;2;138;138;154mESCALATION THRESHOLDS[39m                         [38;2;35;35;46m│[39m [38;2;35;35;46m│[39m
[38;2;35;35;46m│[39m [38;2;255;107;53m│[39m [38;2;255;68;68m⏱ 002-fix-terminal-b [38;2;74;74;88m[429][38;2;255;107;53m  ❯ selected[39m               [38;2;255;107;53m│[39m [38;2;35;35;46m│[39m [38;2;138;138;154mMAX_QA_ITERATIONS           [38;2;255;107;53m50    [38;2;74;74;88mqa-loop[39m     [38;2;35;35;46m│[39m [38;2;35;35;46m│[39m
[38;2;35;35;46m│[39m [38;2;255;107;53m│[39m [38;2;138;138;154m  ⏱ 429 resets 2026-08-12T13:04:00Z · waited 13s[39m     [38;2;255;107;53m│[39m [38;2;35;35;46m│[39m [38;2;138;138;154mMAX_CONSECUTIVE_ERRORS      [38;2;255;107;53m3     [38;2;74;74;88mqa-loop[39m     [38;2;35;35;46m│[39m [38;2;35;35;46m│[39m
[38;2;35;35;46m│[39m [38;2;255;107;53m│[39m                                                      [38;2;255;107;53m│[39m [38;2;35;35;46m│[39m [38;2;138;138;154mRECURRING_ISSUE_THRESHOLD   [38;2;255;107;53m3     [38;2;74;74;88mqa-loop[39m     [38;2;35;35;46m│[39m [38;2;35;35;46m│[39m
[38;2;35;35;46m│[39m [38;2;255;107;53m│[39m [38;2;74;74;88mr writes RESUME sentinel for the selected agent [39m     [38;2;255;107;53m│[39m [38;2;35;35;46m│[39m [38;2;138;138;154mMAX_SUBTASK_RETRIES         [38;2;255;107;53m3     [38;2;74;74;88mbuild-orch[39m  [38;2;35;35;46m│[39m [38;2;35;35;46m│[39m
[38;2;35;35;46m│[39m [38;2;255;107;53m│[39m [38;2;74;74;88m(spec §4.1)[39m                                          [38;2;255;107;53m│[39m [38;2;35;35;46m│[39m [38;2;138;138;154mCIRCULAR_FIX_THRESHOLD      [38;2;255;107;53m3     [38;2;74;74;88mrecovery[39m    [38;2;35;35;46m│[39m [38;2;35;35;46m│[39m
[38;2;35;35;46m│[39m [38;2;255;107;53m│[39m                                                      [38;2;255;107;53m│[39m [38;2;35;35;46m│[39m [38;2;138;138;154mMAX_ATTEMPTS_PER_SUBTASK    [38;2;255;107;53m50    [38;2;74;74;88mrecovery[39m    [38;2;35;35;46m│[39m [38;2;35;35;46m│[39m
[38;2;35;35;46m│[39m [38;2;255;107;53m│[39m                                                      [38;2;255;107;53m│[39m [38;2;35;35;46m│[39m [38;2;138;138;154mDEFAULT_MAX_CONCURRENCY     [38;2;255;107;53m3     [38;2;74;74;88mparallel[39m    [38;2;35;35;46m│[39m [38;2;35;35;46m│[39m
[38;2;35;35;46m│[39m [38;2;255;107;53m│[39m                                                      [38;2;255;107;53m│[39m [38;2;35;35;46m│[39m [38;2;138;138;154mSTAGGER_DELAY_MS            [38;2;255;107;53m1s    [38;2;74;74;88mparallel[39m    [38;2;35;35;46m│[39m [38;2;35;35;46m│[39m
[38;2;35;35;46m│[39m [38;2;255;107;53m│[39m                                                      [38;2;255;107;53m│[39m [38;2;35;35;46m│[39m [38;2;138;138;154mMAX_RATE_LIMIT_WAIT         [38;2;255;107;53m2h    [38;2;74;74;88mpause[39m       [38;2;35;35;46m│[39m [38;2;35;35;46m│[39m
[38;2;35;35;46m│[39m [38;2;255;107;53m│[39m                                                      [38;2;255;107;53m│[39m [38;2;35;35;46m│[39m [38;2;138;138;154mAUTH_RESUME_MAX_WAIT        [38;2;255;107;53m24h   [38;2;74;74;88mpause[39m       [38;2;35;35;46m│[39m [38;2;35;35;46m│[39m
[38;2;35;35;46m│[39m [38;2;255;107;53m│[39m                                                      [38;2;255;107;53m│[39m [38;2;35;35;46m│[39m [38;2;138;138;154mMAX_CONTINUATIONS           [38;2;255;107;53m5     [38;2;74;74;88mcontinuation[38;2;35;35;46m│[39m [38;2;35;35;46m│[39m
[38;2;35;35;46m│[39m [38;2;255;107;53m│[39m                                                      [38;2;255;107;53m│[39m [38;2;35;35;46m│[39m [38;2;138;138;154mSUBAGENT_MAX_STEPS          [38;2;255;107;53m100   [38;2;74;74;88msubagent[39m    [38;2;35;35;46m│[39m [38;2;35;35;46m│[39m
[38;2;35;35;46m│[39m [38;2;255;107;53m│[39m                                                      [38;2;255;107;53m│[39m [38;2;35;35;46m│[39m [38;2;74;74;88mrecovery actions: rollback │ retry │ skip │ [39m  [38;2;35;35;46m│[39m [38;2;35;35;46m│[39m
[38;2;35;35;46m│[39m [38;2;255;107;53m│[39m                                                      [38;2;255;107;53m│[39m [38;2;35;35;46m│[39m [38;2;74;74;88mescalate[39m                                      [38;2;35;35;46m│[39m [38;2;35;35;46m│[39m
[38;2;35;35;46m│[39m [38;2;255;107;53m└──────────────────────────────────────────────────────┘[39m [38;2;35;35;46m└───────────────────────────────────────────────┘[39m [38;2;35;35;46m│[39m
[38;2;35;35;46m│[1m[48;2;255;107;53m[38;2;5;5;7m AGENTS [39m[49m[22m [38;2;138;138;154m1-6 sub-view · j/k select · ⏎ inspect · f filter · r resume[39m                           [38;2;255;107;53m:[38;2;74;74;88m cmd  [38;2;255;107;53m?[38;2;74;74;88m help[38;2;35;35;46m│[39m
[38;2;35;35;46m└────────────────────────────────────────────────────────────────────────────────────────────────────────────┘[39m
[2K[1A[2K[1A[2K[1A[2K[1A[2K[1A[2K[1A[2K[1A[2K[1A[2K[1A[2K[1A[2K[1A[2K[1A[2K[1A[2K[1A[2K[1A[2K[1A[2K[1A[2K[1A[2K[1A[2K[1A[2K[1A[2K[1A[2K[1A[2K[1A[2K[G[38;2;35;35;46m┌────────────────────────────────────────────────────────────────────────────────────────────────────────────┐[39m
[38;2;35;35;46m│[1m[38;2;255;107;53mAPERANT[39m[22m [38;2;74;74;88m│[39m [38;2;138;138;154maperant-fixture[39m [38;2;74;74;88m/tmp/aperant-fixture[39m [38;2;74;74;88m│[39m [38;2;56;189;248m⑂ develop[39m             [38;2;255;107;53m◉[38;2;138;138;154m 1 running[39m  [38;2;255;176;0m◆[38;2;138;138;154m 1 review[39m  [38;2;61;220;132m●[38;2;138;138;154m no profile[38;2;35;35;46m│[39m
[38;2;35;35;46m│[39m [38;2;138;138;154m 1 board [39m  [38;2;138;138;154m 2 term [39m  [38;2;138;138;154m 3 road [39m  [38;2;138;138;154m 4 chat [39m  [38;2;138;138;154m 5 tree [39m  [38;2;138;138;154m 6 set [39m  [1m[48;2;255;107;53m[38;2;5;5;7m 7 agents [39m[49m[22m                                     [38;2;35;35;46m│[39m
[38;2;35;35;46m│[39m [38;2;138;138;154m 1 swarm [39m [38;2;138;138;154m 2 graph [39m [38;2;138;138;154m 3 inspect [39m [38;2;138;138;154m 4 trace [39m [38;2;138;138;154m 5 tokens [39m [1m[48;2;255;107;53m[38;2;5;5;7m 6 waits [39m[49m[22m [38;2;74;74;88m1 agent · esc then 1-7 to switch tabs[39m       [38;2;35;35;46m│[39m
[38;2;35;35;46m│[39m                                                                                                            [38;2;35;35;46m│[39m
[38;2;35;35;46m│[39m [38;2;255;107;53m┌──────────────────────────────────────────────────────┐[39m [38;2;35;35;46m┌───────────────────────────────────────────────┐[39m [38;2;35;35;46m│[39m
[38;2;35;35;46m│[39m [38;2;255;107;53m│[39m [1m[38;2;255;107;53mBLOCKING ANALYSIS · 1 blocked[39m[22m                        [38;2;255;107;53m│[39m [38;2;35;35;46m│[39m [38;2;138;138;154mESCALATION THRESHOLDS[39m                         [38;2;35;35;46m│[39m [38;2;35;35;46m│[39m
[38;2;35;35;46m│[39m [38;2;255;107;53m│[39m [38;2;255;68;68m⏱ 002-fix-terminal-b [38;2;74;74;88m[429][38;2;255;107;53m  ❯ selected[39m               [38;2;255;107;53m│[39m [38;2;35;35;46m│[39m [38;2;138;138;154mMAX_QA_ITERATIONS           [38;2;255;107;53m50    [38;2;74;74;88mqa-loop[39m     [38;2;35;35;46m│[39m [38;2;35;35;46m│[39m
[38;2;35;35;46m│[39m [38;2;255;107;53m│[39m [38;2;138;138;154m  ⏱ 429 resets 2026-08-12T13:04:00Z · waited 14s[39m     [38;2;255;107;53m│[39m [38;2;35;35;46m│[39m [38;2;138;138;154mMAX_CONSECUTIVE_ERRORS      [38;2;255;107;53m3     [38;2;74;74;88mqa-loop[39m     [38;2;35;35;46m│[39m [38;2;35;35;46m│[39m
[38;2;35;35;46m│[39m [38;2;255;107;53m│[39m                                                      [38;2;255;107;53m│[39m [38;2;35;35;46m│[39m [38;2;138;138;154mRECURRING_ISSUE_THRESHOLD   [38;2;255;107;53m3     [38;2;74;74;88mqa-loop[39m     [38;2;35;35;46m│[39m [38;2;35;35;46m│[39m
[38;2;35;35;46m│[39m [38;2;255;107;53m│[39m [38;2;74;74;88mr writes RESUME sentinel for the selected agent [39m     [38;2;255;107;53m│[39m [38;2;35;35;46m│[39m [38;2;138;138;154mMAX_SUBTASK_RETRIES         [38;2;255;107;53m3     [38;2;74;74;88mbuild-orch[39m  [38;2;35;35;46m│[39m [38;2;35;35;46m│[39m
[38;2;35;35;46m│[39m [38;2;255;107;53m│[39m [38;2;74;74;88m(spec §4.1)[39m                                          [38;2;255;107;53m│[39m [38;2;35;35;46m│[39m [38;2;138;138;154mCIRCULAR_FIX_THRESHOLD      [38;2;255;107;53m3     [38;2;74;74;88mrecovery[39m    [38;2;35;35;46m│[39m [38;2;35;35;46m│[39m
[38;2;35;35;46m│[39m [38;2;255;107;53m│[39m                                                      [38;2;255;107;53m│[39m [38;2;35;35;46m│[39m [38;2;138;138;154mMAX_ATTEMPTS_PER_SUBTASK    [38;2;255;107;53m50    [38;2;74;74;88mrecovery[39m    [38;2;35;35;46m│[39m [38;2;35;35;46m│[39m
[38;2;35;35;46m│[39m [38;2;255;107;53m│[39m                                                      [38;2;255;107;53m│[39m [38;2;35;35;46m│[39m [38;2;138;138;154mDEFAULT_MAX_CONCURRENCY     [38;2;255;107;53m3     [38;2;74;74;88mparallel[39m    [38;2;35;35;46m│[39m [38;2;35;35;46m│[39m
[38;2;35;35;46m│[39m [38;2;255;107;53m│[39m                                                      [38;2;255;107;53m│[39m [38;2;35;35;46m│[39m [38;2;138;138;154mSTAGGER_DELAY_MS            [38;2;255;107;53m1s    [38;2;74;74;88mparallel[39m    [38;2;35;35;46m│[39m [38;2;35;35;46m│[39m
[38;2;35;35;46m│[39m [38;2;255;107;53m│[39m                                                      [38;2;255;107;53m│[39m [38;2;35;35;46m│[39m [38;2;138;138;154mMAX_RATE_LIMIT_WAIT         [38;2;255;107;53m2h    [38;2;74;74;88mpause[39m       [38;2;35;35;46m│[39m [38;2;35;35;46m│[39m
[38;2;35;35;46m│[39m [38;2;255;107;53m│[39m                                                      [38;2;255;107;53m│[39m [38;2;35;35;46m│[39m [38;2;138;138;154mAUTH_RESUME_MAX_WAIT        [38;2;255;107;53m24h   [38;2;74;74;88mpause[39m       [38;2;35;35;46m│[39m [38;2;35;35;46m│[39m
[38;2;35;35;46m│[39m [38;2;255;107;53m│[39m                                                      [38;2;255;107;53m│[39m [38;2;35;35;46m│[39m [38;2;138;138;154mMAX_CONTINUATIONS           [38;2;255;107;53m5     [38;2;74;74;88mcontinuation[38;2;35;35;46m│[39m [38;2;35;35;46m│[39m
[38;2;35;35;46m│[39m [38;2;255;107;53m│[39m                                                      [38;2;255;107;53m│[39m [38;2;35;35;46m│[39m [38;2;138;138;154mSUBAGENT_MAX_STEPS          [38;2;255;107;53m100   [38;2;74;74;88msubagent[39m    [38;2;35;35;46m│[39m [38;2;35;35;46m│[39m
[38;2;35;35;46m│[39m [38;2;255;107;53m│[39m                                                      [38;2;255;107;53m│[39m [38;2;35;35;46m│[39m [38;2;74;74;88mrecovery actions: rollback │ retry │ skip │ [39m  [38;2;35;35;46m│[39m [38;2;35;35;46m│[39m
[38;2;35;35;46m│[39m [38;2;255;107;53m│[39m                                                      [38;2;255;107;53m│[39m [38;2;35;35;46m│[39m [38;2;74;74;88mescalate[39m                                      [38;2;35;35;46m│[39m [38;2;35;35;46m│[39m
[38;2;35;35;46m│[39m [38;2;255;107;53m└──────────────────────────────────────────────────────┘[39m [38;2;35;35;46m└───────────────────────────────────────────────┘[39m [38;2;35;35;46m│[39m
[38;2;35;35;46m│[1m[48;2;255;107;53m[38;2;5;5;7m AGENTS [39m[49m[22m [38;2;138;138;154m1-6 sub-view · j/k select · ⏎ inspect · f filter · r resume[39m                           [38;2;255;107;53m:[38;2;74;74;88m cmd  [38;2;255;107;53m?[38;2;74;74;88m help[38;2;35;35;46m│[39m
[38;2;35;35;46m└────────────────────────────────────────────────────────────────────────────────────────────────────────────┘[39m
[2K[1A[2K[1A[2K[1A[2K[1A[2K[1A[2K[1A[2K[1A[2K[1A[2K[1A[2K[1A[2K[1A[2K[1A[2K[1A[2K[1A[2K[1A[2K[1A[2K[1A[2K[1A[2K[1A[2K[1A[2K[1A[2K[1A[2K[1A[2K[1A[2K[G[38;2;35;35;46m┌────────────────────────────────────────────────────────────────────────────────────────────────────────────┐[39m
[38;2;35;35;46m│[1m[38;2;255;107;53mAPERANT[39m[22m [38;2;74;74;88m│[39m [38;2;138;138;154maperant-fixture[39m [38;2;74;74;88m/tmp/aperant-fixture[39m [38;2;74;74;88m│[39m [38;2;56;189;248m⑂ develop[39m             [38;2;255;107;53m◉[38;2;138;138;154m 1 running[39m  [38;2;255;176;0m◆[38;2;138;138;154m 1 review[39m  [38;2;61;220;132m●[38;2;138;138;154m no profile[38;2;35;35;46m│[39m
[38;2;35;35;46m│[39m [38;2;138;138;154m 1 board [39m  [38;2;138;138;154m 2 term [39m  [38;2;138;138;154m 3 road [39m  [38;2;138;138;154m 4 chat [39m  [38;2;138;138;154m 5 tree [39m  [38;2;138;138;154m 6 set [39m  [1m[48;2;255;107;53m[38;2;5;5;7m 7 agents [39m[49m[22m                                     [38;2;35;35;46m│[39m
[38;2;35;35;46m│[39m [38;2;138;138;154m 1 swarm [39m [38;2;138;138;154m 2 graph [39m [38;2;138;138;154m 3 inspect [39m [38;2;138;138;154m 4 trace [39m [38;2;138;138;154m 5 tokens [39m [1m[48;2;255;107;53m[38;2;5;5;7m 6 waits [39m[49m[22m [38;2;74;74;88m1 agent · esc then 1-7 to switch tabs[39m       [38;2;35;35;46m│[39m
[38;2;35;35;46m│[39m                                                                                                            [38;2;35;35;46m│[39m
[38;2;35;35;46m│[39m [38;2;255;107;53m┌──────────────────────────────────────────────────────┐[39m [38;2;35;35;46m┌───────────────────────────────────────────────┐[39m [38;2;35;35;46m│[39m
[38;2;35;35;46m│[39m [38;2;255;107;53m│[39m [1m[38;2;255;107;53mBLOCKING ANALYSIS · 1 blocked[39m[22m                        [38;2;255;107;53m│[39m [38;2;35;35;46m│[39m [38;2;138;138;154mESCALATION THRESHOLDS[39m                         [38;2;35;35;46m│[39m [38;2;35;35;46m│[39m
[38;2;35;35;46m│[39m [38;2;255;107;53m│[39m [38;2;255;68;68m⏱ 002-fix-terminal-b [38;2;74;74;88m[429][38;2;255;107;53m  ❯ selected[39m               [38;2;255;107;53m│[39m [38;2;35;35;46m│[39m [38;2;138;138;154mMAX_QA_ITERATIONS           [38;2;255;107;53m50    [38;2;74;74;88mqa-loop[39m     [38;2;35;35;46m│[39m [38;2;35;35;46m│[39m
[38;2;35;35;46m│[39m [38;2;255;107;53m│[39m [38;2;138;138;154m  ⏱ 429 resets 2026-08-12T13:04:00Z · waited 15s[39m     [38;2;255;107;53m│[39m [38;2;35;35;46m│[39m [38;2;138;138;154mMAX_CONSECUTIVE_ERRORS      [38;2;255;107;53m3     [38;2;74;74;88mqa-loop[39m     [38;2;35;35;46m│[39m [38;2;35;35;46m│[39m
[38;2;35;35;46m│[39m [38;2;255;107;53m│[39m                                                      [38;2;255;107;53m│[39m [38;2;35;35;46m│[39m [38;2;138;138;154mRECURRING_ISSUE_THRESHOLD   [38;2;255;107;53m3     [38;2;74;74;88mqa-loop[39m     [38;2;35;35;46m│[39m [38;2;35;35;46m│[39m
[38;2;35;35;46m│[39m [38;2;255;107;53m│[39m [38;2;74;74;88mr writes RESUME sentinel for the selected agent [39m     [38;2;255;107;53m│[39m [38;2;35;35;46m│[39m [38;2;138;138;154mMAX_SUBTASK_RETRIES         [38;2;255;107;53m3     [38;2;74;74;88mbuild-orch[39m  [38;2;35;35;46m│[39m [38;2;35;35;46m│[39m
[38;2;35;35;46m│[39m [38;2;255;107;53m│[39m [38;2;74;74;88m(spec §4.1)[39m                                          [38;2;255;107;53m│[39m [38;2;35;35;46m│[39m [38;2;138;138;154mCIRCULAR_FIX_THRESHOLD      [38;2;255;107;53m3     [38;2;74;74;88mrecovery[39m    [38;2;35;35;46m│[39m [38;2;35;35;46m│[39m
[38;2;35;35;46m│[39m [38;2;255;107;53m│[39m                                                      [38;2;255;107;53m│[39m [38;2;35;35;46m│[39m [38;2;138;138;154mMAX_ATTEMPTS_PER_SUBTASK    [38;2;255;107;53m50    [38;2;74;74;88mrecovery[39m    [38;2;35;35;46m│[39m [38;2;35;35;46m│[39m
[38;2;35;35;46m│[39m [38;2;255;107;53m│[39m                                                      [38;2;255;107;53m│[39m [38;2;35;35;46m│[39m [38;2;138;138;154mDEFAULT_MAX_CONCURRENCY     [38;2;255;107;53m3     [38;2;74;74;88mparallel[39m    [38;2;35;35;46m│[39m [38;2;35;35;46m│[39m
[38;2;35;35;46m│[39m [38;2;255;107;53m│[39m                                                      [38;2;255;107;53m│[39m [38;2;35;35;46m│[39m [38;2;138;138;154mSTAGGER_DELAY_MS            [38;2;255;107;53m1s    [38;2;74;74;88mparallel[39m    [38;2;35;35;46m│[39m [38;2;35;35;46m│[39m
[38;2;35;35;46m│[39m [38;2;255;107;53m│[39m                                                      [38;2;255;107;53m│[39m [38;2;35;35;46m│[39m [38;2;138;138;154mMAX_RATE_LIMIT_WAIT         [38;2;255;107;53m2h    [38;2;74;74;88mpause[39m       [38;2;35;35;46m│[39m [38;2;35;35;46m│[39m
[38;2;35;35;46m│[39m [38;2;255;107;53m│[39m                                                      [38;2;255;107;53m│[39m [38;2;35;35;46m│[39m [38;2;138;138;154mAUTH_RESUME_MAX_WAIT        [38;2;255;107;53m24h   [38;2;74;74;88mpause[39m       [38;2;35;35;46m│[39m [38;2;35;35;46m│[39m
[38;2;35;35;46m│[39m [38;2;255;107;53m│[39m                                                      [38;2;255;107;53m│[39m [38;2;35;35;46m│[39m [38;2;138;138;154mMAX_CONTINUATIONS           [38;2;255;107;53m5     [38;2;74;74;88mcontinuation[38;2;35;35;46m│[39m [38;2;35;35;46m│[39m
[38;2;35;35;46m│[39m [38;2;255;107;53m│[39m                                                      [38;2;255;107;53m│[39m [38;2;35;35;46m│[39m [38;2;138;138;154mSUBAGENT_MAX_STEPS          [38;2;255;107;53m100   [38;2;74;74;88msubagent[39m    [38;2;35;35;46m│[39m [38;2;35;35;46m│[39m
[38;2;35;35;46m│[39m [38;2;255;107;53m│[39m                                                      [38;2;255;107;53m│[39m [38;2;35;35;46m│[39m [38;2;74;74;88mrecovery actions: rollback │ retry │ skip │ [39m  [38;2;35;35;46m│[39m [38;2;35;35;46m│[39m
[38;2;35;35;46m│[39m [38;2;255;107;53m│[39m                                                      [38;2;255;107;53m│[39m [38;2;35;35;46m│[39m [38;2;74;74;88mescalate[39m                                      [38;2;35;35;46m│[39m [38;2;35;35;46m│[39m
[38;2;35;35;46m│[39m [38;2;255;107;53m└──────────────────────────────────────────────────────┘[39m [38;2;35;35;46m└───────────────────────────────────────────────┘[39m [38;2;35;35;46m│[39m
[38;2;35;35;46m│[1m[48;2;255;107;53m[38;2;5;5;7m AGENTS [39m[49m[22m [38;2;138;138;154m1-6 sub-view · j/k select · ⏎ inspect · f filter · r resume[39m                           [38;2;255;107;53m:[38;2;74;74;88m cmd  [38;2;255;107;53m?[38;2;74;74;88m help[38;2;35;35;46m│[39m
[38;2;35;35;46m└────────────────────────────────────────────────────────────────────────────────────────────────────────────┘[39m
[2K[1A[2K[1A[2K[1A[2K[1A[2K[1A[2K[1A[2K[1A[2K[1A[2K[1A[2K[1A[2K[1A[2K[1A[2K[1A[2K[1A[2K[1A[2K[1A[2K[1A[2K[1A[2K[1A[2K[1A[2K[1A[2K[1A[2K[1A[2K[1A[2K[G[38;2;35;35;46m┌────────────────────────────────────────────────────────────────────────────────────────────────────────────┐[39m
[38;2;35;35;46m│[1m[38;2;255;107;53mAPERANT[39m[22m [38;2;74;74;88m│[39m [38;2;138;138;154maperant-fixture[39m [38;2;74;74;88m/tmp/aperant-fixture[39m [38;2;74;74;88m│[39m [38;2;56;189;248m⑂ develop[39m             [38;2;255;107;53m◉[38;2;138;138;154m 1 running[39m  [38;2;255;176;0m◆[38;2;138;138;154m 1 review[39m  [38;2;61;220;132m●[38;2;138;138;154m no profile[38;2;35;35;46m│[39m
[38;2;35;35;46m│[39m [38;2;138;138;154m 1 board [39m  [38;2;138;138;154m 2 term [39m  [38;2;138;138;154m 3 road [39m  [38;2;138;138;154m 4 chat [39m  [38;2;138;138;154m 5 tree [39m  [38;2;138;138;154m 6 set [39m  [1m[48;2;255;107;53m[38;2;5;5;7m 7 agents [39m[49m[22m                                     [38;2;35;35;46m│[39m
[38;2;35;35;46m│[39m [38;2;138;138;154m 1 swarm [39m [38;2;138;138;154m 2 graph [39m [38;2;138;138;154m 3 inspect [39m [38;2;138;138;154m 4 trace [39m [38;2;138;138;154m 5 tokens [39m [1m[48;2;255;107;53m[38;2;5;5;7m 6 waits [39m[49m[22m [38;2;74;74;88m1 agent · esc then 1-7 to switch tabs[39m       [38;2;35;35;46m│[39m
[38;2;35;35;46m│[39m                                                                                                            [38;2;35;35;46m│[39m
[38;2;35;35;46m│[39m [38;2;255;107;53m┌──────────────────────────────────────────────────────┐[39m [38;2;35;35;46m┌───────────────────────────────────────────────┐[39m [38;2;35;35;46m│[39m
[38;2;35;35;46m│[39m [38;2;255;107;53m│[39m [1m[38;2;255;107;53mBLOCKING ANALYSIS · 0 blocked[39m[22m                        [38;2;255;107;53m│[39m [38;2;35;35;46m│[39m [38;2;138;138;154mESCALATION THRESHOLDS[39m                         [38;2;35;35;46m│[39m [38;2;35;35;46m│[39m
[38;2;35;35;46m│[39m [38;2;255;107;53m│[39m [38;2;61;220;132mnothing blocked — no wait states detected[39m            [38;2;255;107;53m│[39m [38;2;35;35;46m│[39m [38;2;138;138;154mMAX_QA_ITERATIONS           [38;2;255;107;53m50    [38;2;74;74;88mqa-loop[39m     [38;2;35;35;46m│[39m [38;2;35;35;46m│[39m
[38;2;35;35;46m│[39m [38;2;255;107;53m│[39m [38;2;74;74;88mr writes RESUME sentinel for the selected agent [39m     [38;2;255;107;53m│[39m [38;2;35;35;46m│[39m [38;2;138;138;154mMAX_CONSECUTIVE_ERRORS      [38;2;255;107;53m3     [38;2;74;74;88mqa-loop[39m     [38;2;35;35;46m│[39m [38;2;35;35;46m│[39m
[38;2;35;35;46m│[39m [38;2;255;107;53m│[39m [38;2;74;74;88m(spec §4.1)[39m                                          [38;2;255;107;53m│[39m [38;2;35;35;46m│[39m [38;2;138;138;154mRECURRING_ISSUE_THRESHOLD   [38;2;255;107;53m3     [38;2;74;74;88mqa-loop[39m     [38;2;35;35;46m│[39m [38;2;35;35;46m│[39m
[38;2;35;35;46m│[39m [38;2;255;107;53m│[39m                                                      [38;2;255;107;53m│[39m [38;2;35;35;46m│[39m [38;2;138;138;154mMAX_SUBTASK_RETRIES         [38;2;255;107;53m3     [38;2;74;74;88mbuild-orch[39m  [38;2;35;35;46m│[39m [38;2;35;35;46m│[39m
[38;2;35;35;46m│[39m [38;2;255;107;53m│[39m                                                      [38;2;255;107;53m│[39m [38;2;35;35;46m│[39m [38;2;138;138;154mCIRCULAR_FIX_THRESHOLD      [38;2;255;107;53m3     [38;2;74;74;88mrecovery[39m    [38;2;35;35;46m│[39m [38;2;35;35;46m│[39m
[38;2;35;35;46m│[39m [38;2;255;107;53m│[39m                                                      [38;2;255;107;53m│[39m [38;2;35;35;46m│[39m [38;2;138;138;154mMAX_ATTEMPTS_PER_SUBTASK    [38;2;255;107;53m50    [38;2;74;74;88mrecovery[39m    [38;2;35;35;46m│[39m [38;2;35;35;46m│[39m
[38;2;35;35;46m│[39m [38;2;255;107;53m│[39m                                                      [38;2;255;107;53m│[39m [38;2;35;35;46m│[39m [38;2;138;138;154mDEFAULT_MAX_CONCURRENCY     [38;2;255;107;53m3     [38;2;74;74;88mparallel[39m    [38;2;35;35;46m│[39m [38;2;35;35;46m│[39m
[38;2;35;35;46m│[39m [38;2;255;107;53m│[39m                                                      [38;2;255;107;53m│[39m [38;2;35;35;46m│[39m [38;2;138;138;154mSTAGGER_DELAY_MS            [38;2;255;107;53m1s    [38;2;74;74;88mparallel[39m    [38;2;35;35;46m│[39m [38;2;35;35;46m│[39m
[38;2;35;35;46m│[39m [38;2;255;107;53m│[39m                                                      [38;2;255;107;53m│[39m [38;2;35;35;46m│[39m [38;2;138;138;154mMAX_RATE_LIMIT_WAIT         [38;2;255;107;53m2h    [38;2;74;74;88mpause[39m       [38;2;35;35;46m│[39m [38;2;35;35;46m│[39m
[38;2;35;35;46m│[39m [38;2;255;107;53m│[39m                                                      [38;2;255;107;53m│[39m [38;2;35;35;46m│[39m [38;2;138;138;154mAUTH_RESUME_MAX_WAIT        [38;2;255;107;53m24h   [38;2;74;74;88mpause[39m       [38;2;35;35;46m│[39m [38;2;35;35;46m│[39m
[38;2;35;35;46m│[39m [38;2;255;107;53m│[39m                                                      [38;2;255;107;53m│[39m [38;2;35;35;46m│[39m [38;2;138;138;154mMAX_CONTINUATIONS           [38;2;255;107;53m5     [38;2;74;74;88mcontinuation[38;2;35;35;46m│[39m [38;2;35;35;46m│[39m
[38;2;35;35;46m│[39m [38;2;255;107;53m│[39m                                                      [38;2;255;107;53m│[39m [38;2;35;35;46m│[39m [38;2;138;138;154mSUBAGENT_MAX_STEPS          [38;2;255;107;53m100   [38;2;74;74;88msubagent[39m    [38;2;35;35;46m│[39m [38;2;35;35;46m│[39m
[38;2;35;35;46m│[39m [38;2;255;107;53m│[39m                                                      [38;2;255;107;53m│[39m [38;2;35;35;46m│[39m [38;2;74;74;88mrecovery actions: rollback │ retry │ skip │ [39m  [38;2;35;35;46m│[39m [38;2;35;35;46m│[39m
[38;2;35;35;46m│[39m [38;2;255;107;53m│[39m                                                      [38;2;255;107;53m│[39m [38;2;35;35;46m│[39m [38;2;74;74;88mescalate[39m                                      [38;2;35;35;46m│[39m [38;2;35;35;46m│[39m
[38;2;35;35;46m│[39m [38;2;255;107;53m└──────────────────────────────────────────────────────┘[39m [38;2;35;35;46m└───────────────────────────────────────────────┘[39m [38;2;35;35;46m│[39m
[38;2;35;35;46m│[1m[48;2;255;107;53m[38;2;5;5;7m AGENTS [39m[49m[22m [38;2;138;138;154m1-6 sub-view · j/k select · ⏎ inspect · f filter · r resume[39m                           [38;2;255;107;53m:[38;2;74;74;88m cmd  [38;2;255;107;53m?[38;2;74;74;88m help[38;2;35;35;46m│[39m
[38;2;35;35;46m└────────────────────────────────────────────────────────────────────────────────────────────────────────────┘[39m
RetryError [AI_RetryError]: Failed after 3 attempts. Last error: AI_APICallError: Cannot connect to API: connect EHOSTUNREACH 100.33.238.199:20128
    at createRetryError (/tmp/build/aperant-tui/apps/tui/dist/agent-worker.cjs:35437:58)
    at retryWithExponentialBackoffInternal (/tmp/build/aperant-tui/apps/tui/dist/agent-worker.cjs:18017:13)
    at process.processTicksAndRejections (node:internal/process/task_queues:103:5)
    at async streamStep (/tmp/build/aperant-tui/apps/tui/dist/agent-worker.cjs:36937:19)
    at async <anonymous> (/tmp/build/aperant-tui/apps/tui/dist/agent-worker.cjs:37290:11) {
  cause: undefined,
  reason: 'maxRetriesExceeded',
  errors: [
    APICallError [AI_APICallError]: Cannot connect to API: connect EHOSTUNREACH 100.33.238.199:20128
        at handleFetchError (/tmp/build/aperant-tui/apps/tui/dist/agent-worker.cjs:16519:14)
        at postToApi (/tmp/build/aperant-tui/apps/tui/dist/agent-worker.cjs:19149:15)
        at process.processTicksAndRejections (node:internal/process/task_queues:103:5)
        at async postJsonToApi (/tmp/build/aperant-tui/apps/tui/dist/agent-worker.cjs:19048:11)
        at async _OpenAICompatibleChatLanguageModel.doStream (/tmp/build/aperant-tui/apps/tui/dist/agent-worker.cjs:91053:54)
        at async execute (/tmp/build/aperant-tui/apps/tui/dist/agent-worker.cjs:29567:26)
        at async runWithTracingChannelSpan (/tmp/build/aperant-tui/apps/tui/dist/agent-worker.cjs:25865:12)
        at async executeLanguageModelCall (/tmp/build/aperant-tui/apps/tui/dist/agent-worker.cjs:26069:14)
        at async streamLanguageModelCall (/tmp/build/aperant-tui/apps/tui/dist/agent-worker.cjs:29565:7)
        at async retryWithExponentialBackoffInternal (/tmp/build/aperant-tui/apps/tui/dist/agent-worker.cjs:18005:12) {
      cause: [Error],
      url: 'http://home.hack.ski:20128/v1/chat/completions',
      requestBodyValues: [Object],
      statusCode: undefined,
      responseHeaders: undefined,
      responseBody: undefined,
      isRetryable: true,
      data: undefined,
      Symbol(vercel.ai.error): true,
      Symbol(vercel.ai.error.AI_APICallError): true
    },
    APICallError [AI_APICallError]: Cannot connect to API: connect EHOSTUNREACH 100.33.238.199:20128
        at handleFetchError (/tmp/build/aperant-tui/apps/tui/dist/agent-worker.cjs:16519:14)
        at postToApi (/tmp/build/aperant-tui/apps/tui/dist/agent-worker.cjs:19149:15)
        at process.processTicksAndRejections (node:internal/process/task_queues:103:5)
        at async postJsonToApi (/tmp/build/aperant-tui/apps/tui/dist/agent-worker.cjs:19048:11)
        at async _OpenAICompatibleChatLanguageModel.doStream (/tmp/build/aperant-tui/apps/tui/dist/agent-worker.cjs:91053:54)
        at async execute (/tmp/build/aperant-tui/apps/tui/dist/agent-worker.cjs:29567:26)
        at async runWithTracingChannelSpan (/tmp/build/aperant-tui/apps/tui/dist/agent-worker.cjs:25865:12)
        at async executeLanguageModelCall (/tmp/build/aperant-tui/apps/tui/dist/agent-worker.cjs:26069:14)
        at async streamLanguageModelCall (/tmp/build/aperant-tui/apps/tui/dist/agent-worker.cjs:29565:7)
        at async retryWithExponentialBackoffInternal (/tmp/build/aperant-tui/apps/tui/dist/agent-worker.cjs:18005:12) {
      cause: [Error],
      url: 'http://home.hack.ski:20128/v1/chat/completions',
      requestBodyValues: [Object],
      statusCode: undefined,
      responseHeaders: undefined,
      responseBody: undefined,
      isRetryable: true,
      data: undefined,
      Symbol(vercel.ai.error): true,
      Symbol(vercel.ai.error.AI_APICallError): true
    },
    APICallError [AI_APICallError]: Cannot connect to API: connect EHOSTUNREACH 100.33.238.199:20128
        at handleFetchError (/tmp/build/aperant-tui/apps/tui/dist/agent-worker.cjs:16519:14)
        at postToApi (/tmp/build/aperant-tui/apps/tui/dist/agent-worker.cjs:19149:15)
        at process.processTicksAndRejections (node:internal/process/task_queues:103:5)
        at async postJsonToApi (/tmp/build/aperant-tui/apps/tui/dist/agent-worker.cjs:19048:11)
        at async _OpenAICompatibleChatLanguageModel.doStream (/tmp/build/aperant-tui/apps/tui/dist/agent-worker.cjs:91053:54)
        at async execute (/tmp/build/aperant-tui/apps/tui/dist/agent-worker.cjs:29567:26)
        at async runWithTracingChannelSpan (/tmp/build/aperant-tui/apps/tui/dist/agent-worker.cjs:25865:12)
        at async executeLanguageModelCall (/tmp/build/aperant-tui/apps/tui/dist/agent-worker.cjs:26069:14)
        at async streamLanguageModelCall (/tmp/build/aperant-tui/apps/tui/dist/agent-worker.cjs:29565:7)
        at async retryWithExponentialBackoffInternal (/tmp/build/aperant-tui/apps/tui/dist/agent-worker.cjs:18005:12) {
      cause: [Error],
      url: 'http://home.hack.ski:20128/v1/chat/completions',
      requestBodyValues: [Object],
      statusCode: undefined,
      responseHeaders: undefined,
      responseBody: undefined,
      isRetryable: true,
      data: undefined,
      Symbol(vercel.ai.error): true,
      Symbol(vercel.ai.error.AI_APICallError): true
    }
  ],
  lastError: APICallError [AI_APICallError]: Cannot connect to API: connect EHOSTUNREACH 100.33.238.199:20128
      at handleFetchError (/tmp/build/aperant-tui/apps/tui/dist/agent-worker.cjs:16519:14)
      at postToApi (/tmp/build/aperant-tui/apps/tui/dist/agent-worker.cjs:19149:15)
      at process.processTicksAndRejections (node:internal/process/task_queues:103:5)
      at async postJsonToApi (/tmp/build/aperant-tui/apps/tui/dist/agent-worker.cjs:19048:11)
      at async _OpenAICompatibleChatLanguageModel.doStream (/tmp/build/aperant-tui/apps/tui/dist/agent-worker.cjs:91053:54)
      at async execute (/tmp/build/aperant-tui/apps/tui/dist/agent-worker.cjs:29567:26)
      at async runWithTracingChannelSpan (/tmp/build/aperant-tui/apps/tui/dist/agent-worker.cjs:25865:12)
      at async executeLanguageModelCall (/tmp/build/aperant-tui/apps/tui/dist/agent-worker.cjs:26069:14)
      at async streamLanguageModelCall (/tmp/build/aperant-tui/apps/tui/dist/agent-worker.cjs:29565:7)
      at async retryWithExponentialBackoffInternal (/tmp/build/aperant-tui/apps/tui/dist/agent-worker.cjs:18005:12) {
    cause: Error: connect EHOSTUNREACH 100.33.238.199:20128
        at TCPConnectWrap.afterConnect [as oncomplete] (node:net:1637:16) {
      errno: -113,
      code: 'EHOSTUNREACH',
      syscall: 'connect',
      address: '100.33.238.199',
      port: 20128
    },
    url: 'http://home.hack.ski:20128/v1/chat/completions',
    requestBodyValues: {
      model: 'kimi/kimi-for-coding',
      user: undefined,
      max_tokens: undefined,
      temperature: undefined,
      top_p: undefined,
      frequency_penalty: undefined,
      presence_penalty: undefined,
      response_format: undefined,
      stop: undefined,
      seed: undefined,
      reasoning_effort: undefined,
      verbosity: undefined,
      messages: [Array],
      tools: [Array],
      tool_choice: 'auto',
      stream: true,
      stream_options: undefined
    },
    statusCode: undefined,
    responseHeaders: undefined,
    responseBody: undefined,
    isRetryable: true,
    data: undefined,
    Symbol(vercel.ai.error): true,
    Symbol(vercel.ai.error.AI_APICallError): true
  },
  Symbol(vercel.ai.error): true,
  Symbol(vercel.ai.error.AI_RetryError): true
}
[2K[1A[2K[1A[2K[1A[2K[1A[2K[1A[2K[1A[2K[1A[2K[1A[2K[1A[2K[1A[2K[1A[2K[1A[2K[1A[2K[1A[2K[1A[2K[1A[2K[1A[2K[1A[2K[1A[2K[1A[2K[1A[2K[1A[2K[1A[2K[1A[2K[G[38;2;35;35;46m┌──────────────────────────────────────────────────────────────────────────────[38;2;255;107;53m│[38;2;35;35;46m─[38;2;255;107;53mpress ctrl+c again to quit[38;2;35;35;46m─[38;2;255;107;53m│[38;2;35;35;46m┐[39m
[38;2;35;35;46m│[1m[38;2;255;107;53mAPERANT[39m[22m [38;2;74;74;88m│[39m [38;2;138;138;154maperant-fixture[39m [38;2;74;74;88m/tmp/aperant-fixture[39m [38;2;74;74;88m│[39m [38;2;56;189;248m⑂ develop[39m             [38;2;255;107;53m◉[38;2;138;138;154m 1 run[38;2;255;107;53m└────────────────────────────┘[38;2;35;35;46m│[39m
[38;2;35;35;46m│[39m [38;2;138;138;154m 1 board [39m  [38;2;138;138;154m 2 term [39m  [38;2;138;138;154m 3 road [39m  [38;2;138;138;154m 4 chat [39m  [38;2;138;138;154m 5 tree [39m  [38;2;138;138;154m 6 set [39m  [1m[48;2;255;107;53m[38;2;5;5;7m 7 agents [39m[49m[22m                                     [38;2;35;35;46m│[39m
[38;2;35;35;46m│[39m [38;2;138;138;154m 1 swarm [39m [38;2;138;138;154m 2 graph [39m [38;2;138;138;154m 3 inspect [39m [38;2;138;138;154m 4 trace [39m [38;2;138;138;154m 5 tokens [39m [1m[48;2;255;107;53m[38;2;5;5;7m 6 waits [39m[49m[22m [38;2;74;74;88m1 agent · esc then 1-7 to switch tabs[39m       [38;2;35;35;46m│[39m
[38;2;35;35;46m│[39m                                                                                                            [38;2;35;35;46m│[39m
[38;2;35;35;46m│[39m [38;2;255;107;53m┌──────────────────────────────────────────────────────┐[39m [38;2;35;35;46m┌───────────────────────────────────────────────┐[39m [38;2;35;35;46m│[39m
[38;2;35;35;46m│[39m [38;2;255;107;53m│[39m [1m[38;2;255;107;53mBLOCKING ANALYSIS · 0 blocked[39m[22m                        [38;2;255;107;53m│[39m [38;2;35;35;46m│[39m [38;2;138;138;154mESCALATION THRESHOLDS[39m                         [38;2;35;35;46m│[39m [38;2;35;35;46m│[39m
[38;2;35;35;46m│[39m [38;2;255;107;53m│[39m [38;2;61;220;132mnothing blocked — no wait states detected[39m            [38;2;255;107;53m│[39m [38;2;35;35;46m│[39m [38;2;138;138;154mMAX_QA_ITERATIONS           [38;2;255;107;53m50    [38;2;74;74;88mqa-loop[39m     [38;2;35;35;46m│[39m [38;2;35;35;46m│[39m
[38;2;35;35;46m│[39m [38;2;255;107;53m│[39m [38;2;74;74;88mr writes RESUME sentinel for the selected agent [39m     [38;2;255;107;53m│[39m [38;2;35;35;46m│[39m [38;2;138;138;154mMAX_CONSECUTIVE_ERRORS      [38;2;255;107;53m3     [38;2;74;74;88mqa-loop[39m     [38;2;35;35;46m│[39m [38;2;35;35;46m│[39m
[38;2;35;35;46m│[39m [38;2;255;107;53m│[39m [38;2;74;74;88m(spec §4.1)[39m                                          [38;2;255;107;53m│[39m [38;2;35;35;46m│[39m [38;2;138;138;154mRECURRING_ISSUE_THRESHOLD   [38;2;255;107;53m3     [38;2;74;74;88mqa-loop[39m     [38;2;35;35;46m│[39m [38;2;35;35;46m│[39m
[38;2;35;35;46m│[39m [38;2;255;107;53m│[39m                                                      [38;2;255;107;53m│[39m [38;2;35;35;46m│[39m [38;2;138;138;154mMAX_SUBTASK_RETRIES         [38;2;255;107;53m3     [38;2;74;74;88mbuild-orch[39m  [38;2;35;35;46m│[39m [38;2;35;35;46m│[39m
[38;2;35;35;46m│[39m [38;2;255;107;53m│[39m                                                      [38;2;255;107;53m│[39m [38;2;35;35;46m│[39m [38;2;138;138;154mCIRCULAR_FIX_THRESHOLD      [38;2;255;107;53m3     [38;2;74;74;88mrecovery[39m    [38;2;35;35;46m│[39m [38;2;35;35;46m│[39m
[38;2;35;35;46m│[39m [38;2;255;107;53m│[39m                                                      [38;2;255;107;53m│[39m [38;2;35;35;46m│[39m [38;2;138;138;154mMAX_ATTEMPTS_PER_SUBTASK    [38;2;255;107;53m50    [38;2;74;74;88mrecovery[39m    [38;2;35;35;46m│[39m [38;2;35;35;46m│[39m
[38;2;35;35;46m│[39m [38;2;255;107;53m│[39m                                                      [38;2;255;107;53m│[39m [38;2;35;35;46m│[39m [38;2;138;138;154mDEFAULT_MAX_CONCURRENCY     [38;2;255;107;53m3     [38;2;74;74;88mparallel[39m    [38;2;35;35;46m│[39m [38;2;35;35;46m│[39m
[38;2;35;35;46m│[39m [38;2;255;107;53m│[39m                                                      [38;2;255;107;53m│[39m [38;2;35;35;46m│[39m [38;2;138;138;154mSTAGGER_DELAY_MS            [38;2;255;107;53m1s    [38;2;74;74;88mparallel[39m    [38;2;35;35;46m│[39m [38;2;35;35;46m│[39m
[38;2;35;35;46m│[39m [38;2;255;107;53m│[39m                                                      [38;2;255;107;53m│[39m [38;2;35;35;46m│[39m [38;2;138;138;154mMAX_RATE_LIMIT_WAIT         [38;2;255;107;53m2h    [38;2;74;74;88mpause[39m       [38;2;35;35;46m│[39m [38;2;35;35;46m│[39m
[38;2;35;35;46m│[39m [38;2;255;107;53m│[39m                                                      [38;2;255;107;53m│[39m [38;2;35;35;46m│[39m [38;2;138;138;154mAUTH_RESUME_MAX_WAIT        [38;2;255;107;53m24h   [38;2;74;74;88mpause[39m       [38;2;35;35;46m│[39m [38;2;35;35;46m│[39m
[38;2;35;35;46m│[39m [38;2;255;107;53m│[39m                                                      [38;2;255;107;53m│[39m [38;2;35;35;46m│[39m [38;2;138;138;154mMAX_CONTINUATIONS           [38;2;255;107;53m5     [38;2;74;74;88mcontinuation[38;2;35;35;46m│[39m [38;2;35;35;46m│[39m
[38;2;35;35;46m│[39m [38;2;255;107;53m│[39m                                                      [38;2;255;107;53m│[39m [38;2;35;35;46m│[39m [38;2;138;138;154mSUBAGENT_MAX_STEPS          [38;2;255;107;53m100   [38;2;74;74;88msubagent[39m    [38;2;35;35;46m│[39m [38;2;35;35;46m│[39m
[38;2;35;35;46m│[39m [38;2;255;107;53m│[39m                                                      [38;2;255;107;53m│[39m [38;2;35;35;46m│[39m [38;2;74;74;88mrecovery actions: rollback │ retry │ skip │ [39m  [38;2;35;35;46m│[39m [38;2;35;35;46m│[39m
[38;2;35;35;46m│[39m [38;2;255;107;53m│[39m                                                      [38;2;255;107;53m│[39m [38;2;35;35;46m│[39m [38;2;74;74;88mescalate[39m                                      [38;2;35;35;46m│[39m [38;2;35;35;46m│[39m
[38;2;35;35;46m│[39m [38;2;255;107;53m└──────────────────────────────────────────────────────┘[39m [38;2;35;35;46m└───────────────────────────────────────────────┘[39m [38;2;35;35;46m│[39m
[38;2;35;35;46m│[1m[48;2;255;107;53m[38;2;5;5;7m AGENTS [39m[49m[22m [38;2;138;138;154m1-6 sub-view · j/k select · ⏎ inspect · f filter · r resume[39m                           [38;2;255;107;53m:[38;2;74;74;88m cmd  [38;2;255;107;53m?[38;2;74;74;88m help[38;2;35;35;46m│[39m
[38;2;35;35;46m└────────────────────────────────────────────────────────────────────────────────────────────────────────────┘[39m
[2K[1A[2K[1A[2K[1A[2K[1A[2K[1A[2K[1A[2K[1A[2K[1A[2K[1A[2K[1A[2K[1A[2K[1A[2K[1A[2K[1A[2K[1A[2K[1A[2K[1A[2K[1A[2K[1A[2K[1A[2K[1A[2K[1A[2K[1A[2K[1A[2K[G[38;2;35;35;46m┌────────────────────────────────────────────────────────────────────────────────────────────────────────────┐[39m
[38;2;35;35;46m│[1m[38;2;255;107;53mAPERANT[39m[22m [38;2;74;74;88m│[39m [38;2;138;138;154maperant-fixture[39m [38;2;74;74;88m/tmp/aperant-fixture[39m [38;2;74;74;88m│[39m [38;2;56;189;248m⑂ develop[39m             [38;2;255;107;53m◉[38;2;138;138;154m 1 running[39m  [38;2;255;176;0m◆[38;2;138;138;154m 1 review[39m  [38;2;61;220;132m●[38;2;138;138;154m no profile[38;2;35;35;46m│[39m
[38;2;35;35;46m│[39m [38;2;138;138;154m 1 board [39m  [38;2;138;138;154m 2 term [39m  [38;2;138;138;154m 3 road [39m  [38;2;138;138;154m 4 chat [39m  [38;2;138;138;154m 5 tree [39m  [38;2;138;138;154m 6 set [39m  [1m[48;2;255;107;53m[38;2;5;5;7m 7 agents [39m[49m[22m                                     [38;2;35;35;46m│[39m
[38;2;35;35;46m│[39m [38;2;138;138;154m 1 swarm [39m [38;2;138;138;154m 2 graph [39m [38;2;138;138;154m 3 inspect [39m [38;2;138;138;154m 4 trace [39m [38;2;138;138;154m 5 tokens [39m [1m[48;2;255;107;53m[38;2;5;5;7m 6 waits [39m[49m[22m [38;2;74;74;88m1 agent · esc then 1-7 to switch tabs[39m       [38;2;35;35;46m│[39m
[38;2;35;35;46m│[39m                                                                                                            [38;2;35;35;46m│[39m
[38;2;35;35;46m│[39m [38;2;255;107;53m┌──────────────────────────────────────────────────────┐[39m [38;2;35;35;46m┌───────────────────────────────────────────────┐[39m [38;2;35;35;46m│[39m
[38;2;35;35;46m│[39m [38;2;255;107;53m│[39m [1m[38;2;255;107;53mBLOCKING ANALYSIS · 0 blocked[39m[22m                        [38;2;255;107;53m│[39m [38;2;35;35;46m│[39m [38;2;138;138;154mESCALATION THRESHOLDS[39m                         [38;2;35;35;46m│[39m [38;2;35;35;46m│[39m
[38;2;35;35;46m│[39m [38;2;255;107;53m│[39m [38;2;61;220;132mnothing blocked — no wait states detected[39m            [38;2;255;107;53m│[39m [38;2;35;35;46m│[39m [38;2;138;138;154mMAX_QA_ITERATIONS           [38;2;255;107;53m50    [38;2;74;74;88mqa-loop[39m     [38;2;35;35;46m│[39m [38;2;35;35;46m│[39m
[38;2;35;35;46m│[39m [38;2;255;107;53m│[39m [38;2;74;74;88mr writes RESUME sentinel for the selected agent [39m     [38;2;255;107;53m│[39m [38;2;35;35;46m│[39m [38;2;138;138;154mMAX_CONSECUTIVE_ERRORS      [38;2;255;107;53m3     [38;2;74;74;88mqa-loop[39m     [38;2;35;35;46m│[39m [38;2;35;35;46m│[39m
[38;2;35;35;46m│[39m [38;2;255;107;53m│[39m [38;2;74;74;88m(spec §4.1)[39m                                          [38;2;255;107;53m│[39m [38;2;35;35;46m│[39m [38;2;138;138;154mRECURRING_ISSUE_THRESHOLD   [38;2;255;107;53m3     [38;2;74;74;88mqa-loop[39m     [38;2;35;35;46m│[39m [38;2;35;35;46m│[39m
[38;2;35;35;46m│[39m [38;2;255;107;53m│[39m                                                      [38;2;255;107;53m│[39m [38;2;35;35;46m│[39m [38;2;138;138;154mMAX_SUBTASK_RETRIES         [38;2;255;107;53m3     [38;2;74;74;88mbuild-orch[39m  [38;2;35;35;46m│[39m [38;2;35;35;46m│[39m
[38;2;35;35;46m│[39m [38;2;255;107;53m│[39m                                                      [38;2;255;107;53m│[39m [38;2;35;35;46m│[39m [38;2;138;138;154mCIRCULAR_FIX_THRESHOLD      [38;2;255;107;53m3     [38;2;74;74;88mrecovery[39m    [38;2;35;35;46m│[39m [38;2;35;35;46m│[39m
[38;2;35;35;46m│[39m [38;2;255;107;53m│[39m                                                      [38;2;255;107;53m│[39m [38;2;35;35;46m│[39m [38;2;138;138;154mMAX_ATTEMPTS_PER_SUBTASK    [38;2;255;107;53m50    [38;2;74;74;88mrecovery[39m    [38;2;35;35;46m│[39m [38;2;35;35;46m│[39m
[38;2;35;35;46m│[39m [38;2;255;107;53m│[39m                                                      [38;2;255;107;53m│[39m [38;2;35;35;46m│[39m [38;2;138;138;154mDEFAULT_MAX_CONCURRENCY     [38;2;255;107;53m3     [38;2;74;74;88mparallel[39m    [38;2;35;35;46m│[39m [38;2;35;35;46m│[39m
[38;2;35;35;46m│[39m [38;2;255;107;53m│[39m                                                      [38;2;255;107;53m│[39m [38;2;35;35;46m│[39m [38;2;138;138;154mSTAGGER_DELAY_MS            [38;2;255;107;53m1s    [38;2;74;74;88mparallel[39m    [38;2;35;35;46m│[39m [38;2;35;35;46m│[39m
[38;2;35;35;46m│[39m [38;2;255;107;53m│[39m                                                      [38;2;255;107;53m│[39m [38;2;35;35;46m│[39m [38;2;138;138;154mMAX_RATE_LIMIT_WAIT         [38;2;255;107;53m2h    [38;2;74;74;88mpause[39m       [38;2;35;35;46m│[39m [38;2;35;35;46m│[39m
[38;2;35;35;46m│[39m [38;2;255;107;53m│[39m                                                      [38;2;255;107;53m│[39m [38;2;35;35;46m│[39m [38;2;138;138;154mAUTH_RESUME_MAX_WAIT        [38;2;255;107;53m24h   [38;2;74;74;88mpause[39m       [38;2;35;35;46m│[39m [38;2;35;35;46m│[39m
[38;2;35;35;46m│[39m [38;2;255;107;53m│[39m                                                      [38;2;255;107;53m│[39m [38;2;35;35;46m│[39m [38;2;138;138;154mMAX_CONTINUATIONS           [38;2;255;107;53m5     [38;2;74;74;88mcontinuation[38;2;35;35;46m│[39m [38;2;35;35;46m│[39m
[38;2;35;35;46m│[39m [38;2;255;107;53m│[39m                                                      [38;2;255;107;53m│[39m [38;2;35;35;46m│[39m [38;2;138;138;154mSUBAGENT_MAX_STEPS          [38;2;255;107;53m100   [38;2;74;74;88msubagent[39m    [38;2;35;35;46m│[39m [38;2;35;35;46m│[39m
[38;2;35;35;46m│[39m [38;2;255;107;53m│[39m                                                      [38;2;255;107;53m│[39m [38;2;35;35;46m│[39m [38;2;74;74;88mrecovery actions: rollback │ retry │ skip │ [39m  [38;2;35;35;46m│[39m [38;2;35;35;46m│[39m
[38;2;35;35;46m│[39m [38;2;255;107;53m│[39m                                                      [38;2;255;107;53m│[39m [38;2;35;35;46m│[39m [38;2;74;74;88mescalate[39m                                      [38;2;35;35;46m│[39m [38;2;35;35;46m│[39m
[38;2;35;35;46m│[39m [38;2;255;107;53m└──────────────────────────────────────────────────────┘[39m [38;2;35;35;46m└───────────────────────────────────────────────┘[39m [38;2;35;35;46m│[39m
[38;2;35;35;46m│[1m[48;2;255;107;53m[38;2;5;5;7m AGENTS [39m[49m[22m [38;2;138;138;154m1-6 sub-view · j/k select · ⏎ inspect · f filter · r resume[39m                           [38;2;255;107;53m:[38;2;74;74;88m cmd  [38;2;255;107;53m?[38;2;74;74;88m help[38;2;35;35;46m│[39m
[38;2;35;35;46m└────────────────────────────────────────────────────────────────────────────────────────────────────────────┘[39m
[2K[1A[2K[1A[2K[1A[2K[1A[2K[1A[2K[1A[2K[1A[2K[1A[2K[1A[2K[1A[2K[1A[2K[1A[2K[1A[2K[1A[2K[1A[2K[1A[2K[1A[2K[1A[2K[1A[2K[1A[2K[1A[2K[1A[2K[1A[2K[1A[2K[G[38;2;35;35;46m┌──────────────────────────────────────────────────────────────────────────────[38;2;255;107;53m│[38;2;35;35;46m─[38;2;255;107;53mpress ctrl+c again to quit[38;2;35;35;46m─[38;2;255;107;53m│[38;2;35;35;46m┐[39m
[38;2;35;35;46m│[1m[38;2;255;107;53mAPERANT[39m[22m [38;2;74;74;88m│[39m [38;2;138;138;154maperant-fixture[39m [38;2;74;74;88m/tmp/aperant-fixture[39m [38;2;74;74;88m│[39m [38;2;56;189;248m⑂ develop[39m             [38;2;255;107;53m◉[38;2;138;138;154m 1 run[38;2;255;107;53m└────────────────────────────┘[38;2;35;35;46m│[39m
[38;2;35;35;46m│[39m [38;2;138;138;154m 1 board [39m  [38;2;138;138;154m 2 term [39m  [38;2;138;138;154m 3 road [39m  [38;2;138;138;154m 4 chat [39m  [38;2;138;138;154m 5 tree [39m  [38;2;138;138;154m 6 set [39m  [1m[48;2;255;107;53m[38;2;5;5;7m 7 agents [39m[49m[22m                                     [38;2;35;35;46m│[39m
[38;2;35;35;46m│[39m [38;2;138;138;154m 1 swarm [39m [38;2;138;138;154m 2 graph [39m [38;2;138;138;154m 3 inspect [39m [38;2;138;138;154m 4 trace [39m [38;2;138;138;154m 5 tokens [39m [1m[48;2;255;107;53m[38;2;5;5;7m 6 waits [39m[49m[22m [38;2;74;74;88m1 agent · esc then 1-7 to switch tabs[39m       [38;2;35;35;46m│[39m
[38;2;35;35;46m│[39m                                                                                                            [38;2;35;35;46m│[39m
[38;2;35;35;46m│[39m [38;2;255;107;53m┌──────────────────────────────────────────────────────┐[39m [38;2;35;35;46m┌───────────────────────────────────────────────┐[39m [38;2;35;35;46m│[39m
[38;2;35;35;46m│[39m [38;2;255;107;53m│[39m [1m[38;2;255;107;53mBLOCKING ANALYSIS · 0 blocked[39m[22m                        [38;2;255;107;53m│[39m [38;2;35;35;46m│[39m [38;2;138;138;154mESCALATION THRESHOLDS[39m                         [38;2;35;35;46m│[39m [38;2;35;35;46m│[39m
[38;2;35;35;46m│[39m [38;2;255;107;53m│[39m [38;2;61;220;132mnothing blocked — no wait states detected[39m            [38;2;255;107;53m│[39m [38;2;35;35;46m│[39m [38;2;138;138;154mMAX_QA_ITERATIONS           [38;2;255;107;53m50    [38;2;74;74;88mqa-loop[39m     [38;2;35;35;46m│[39m [38;2;35;35;46m│[39m
[38;2;35;35;46m│[39m [38;2;255;107;53m│[39m [38;2;74;74;88mr writes RESUME sentinel for the selected agent [39m     [38;2;255;107;53m│[39m [38;2;35;35;46m│[39m [38;2;138;138;154mMAX_CONSECUTIVE_ERRORS      [38;2;255;107;53m3     [38;2;74;74;88mqa-loop[39m     [38;2;35;35;46m│[39m [38;2;35;35;46m│[39m
[38;2;35;35;46m│[39m [38;2;255;107;53m│[39m [38;2;74;74;88m(spec §4.1)[39m                                          [38;2;255;107;53m│[39m [38;2;35;35;46m│[39m [38;2;138;138;154mRECURRING_ISSUE_THRESHOLD   [38;2;255;107;53m3     [38;2;74;74;88mqa-loop[39m     [38;2;35;35;46m│[39m [38;2;35;35;46m│[39m
[38;2;35;35;46m│[39m [38;2;255;107;53m│[39m                                                      [38;2;255;107;53m│[39m [38;2;35;35;46m│[39m [38;2;138;138;154mMAX_SUBTASK_RETRIES         [38;2;255;107;53m3     [38;2;74;74;88mbuild-orch[39m  [38;2;35;35;46m│[39m [38;2;35;35;46m│[39m
[38;2;35;35;46m│[39m [38;2;255;107;53m│[39m                                                      [38;2;255;107;53m│[39m [38;2;35;35;46m│[39m [38;2;138;138;154mCIRCULAR_FIX_THRESHOLD      [38;2;255;107;53m3     [38;2;74;74;88mrecovery[39m    [38;2;35;35;46m│[39m [38;2;35;35;46m│[39m
[38;2;35;35;46m│[39m [38;2;255;107;53m│[39m                                                      [38;2;255;107;53m│[39m [38;2;35;35;46m│[39m [38;2;138;138;154mMAX_ATTEMPTS_PER_SUBTASK    [38;2;255;107;53m50    [38;2;74;74;88mrecovery[39m    [38;2;35;35;46m│[39m [38;2;35;35;46m│[39m
[38;2;35;35;46m│[39m [38;2;255;107;53m│[39m                                                      [38;2;255;107;53m│[39m [38;2;35;35;46m│[39m [38;2;138;138;154mDEFAULT_MAX_CONCURRENCY     [38;2;255;107;53m3     [38;2;74;74;88mparallel[39m    [38;2;35;35;46m│[39m [38;2;35;35;46m│[39m
[38;2;35;35;46m│[39m [38;2;255;107;53m│[39m                                                      [38;2;255;107;53m│[39m [38;2;35;35;46m│[39m [38;2;138;138;154mSTAGGER_DELAY_MS            [38;2;255;107;53m1s    [38;2;74;74;88mparallel[39m    [38;2;35;35;46m│[39m [38;2;35;35;46m│[39m
[38;2;35;35;46m│[39m [38;2;255;107;53m│[39m                                                      [38;2;255;107;53m│[39m [38;2;35;35;46m│[39m [38;2;138;138;154mMAX_RATE_LIMIT_WAIT         [38;2;255;107;53m2h    [38;2;74;74;88mpause[39m       [38;2;35;35;46m│[39m [38;2;35;35;46m│[39m
[38;2;35;35;46m│[39m [38;2;255;107;53m│[39m                                                      [38;2;255;107;53m│[39m [38;2;35;35;46m│[39m [38;2;138;138;154mAUTH_RESUME_MAX_WAIT        [38;2;255;107;53m24h   [38;2;74;74;88mpause[39m       [38;2;35;35;46m│[39m [38;2;35;35;46m│[39m
[38;2;35;35;46m│[39m [38;2;255;107;53m│[39m                                                      [38;2;255;107;53m│[39m [38;2;35;35;46m│[39m [38;2;138;138;154mMAX_CONTINUATIONS           [38;2;255;107;53m5     [38;2;74;74;88mcontinuation[38;2;35;35;46m│[39m [38;2;35;35;46m│[39m
[38;2;35;35;46m│[39m [38;2;255;107;53m│[39m                                                      [38;2;255;107;53m│[39m [38;2;35;35;46m│[39m [38;2;138;138;154mSUBAGENT_MAX_STEPS          [38;2;255;107;53m100   [38;2;74;74;88msubagent[39m    [38;2;35;35;46m│[39m [38;2;35;35;46m│[39m
[38;2;35;35;46m│[39m [38;2;255;107;53m│[39m                                                      [38;2;255;107;53m│[39m [38;2;35;35;46m│[39m [38;2;74;74;88mrecovery actions: rollback │ retry │ skip │ [39m  [38;2;35;35;46m│[39m [38;2;35;35;46m│[39m
[38;2;35;35;46m│[39m [38;2;255;107;53m│[39m                                                      [38;2;255;107;53m│[39m [38;2;35;35;46m│[39m [38;2;74;74;88mescalate[39m                                      [38;2;35;35;46m│[39m [38;2;35;35;46m│[39m
[38;2;35;35;46m│[39m [38;2;255;107;53m└──────────────────────────────────────────────────────┘[39m [38;2;35;35;46m└───────────────────────────────────────────────┘[39m [38;2;35;35;46m│[39m
[38;2;35;35;46m│[1m[48;2;255;107;53m[38;2;5;5;7m AGENTS [39m[49m[22m [38;2;138;138;154m1-6 sub-view · j/k select · ⏎ inspect · f filter · r resume[39m                           [38;2;255;107;53m:[38;2;74;74;88m cmd  [38;2;255;107;53m?[38;2;74;74;88m help[38;2;35;35;46m│[39m
[38;2;35;35;46m└────────────────────────────────────────────────────────────────────────────────────────────────────────────┘[39m
[2K[1A[2K[1A[2K[1A[2K[1A[2K[1A[2K[1A[2K[1A[2K[1A[2K[1A[2K[1A[2K[1A[2K[1A[2K[1A[2K[1A[2K[1A[2K[1A[2K[1A[2K[1A[2K[1A[2K[1A[2K[1A[2K[1A[2K[1A[2K[1A[2K[G[38;2;35;35;46m┌────────────────────────────────────────────────────────────────────────────────────────────────────────────┐[39m
[38;2;35;35;46m│[1m[38;2;255;107;53mAPERANT[39m[22m [38;2;74;74;88m│[39m [38;2;138;138;154maperant-fixture[39m [38;2;74;74;88m/tmp/aperant-fixture[39m [38;2;74;74;88m│[39m [38;2;56;189;248m⑂ develop[39m             [38;2;255;107;53m◉[38;2;138;138;154m 1 running[39m  [38;2;255;176;0m◆[38;2;138;138;154m 1 review[39m  [38;2;61;220;132m●[38;2;138;138;154m no profile[38;2;35;35;46m│[39m
[38;2;35;35;46m│[39m [38;2;138;138;154m 1 board [39m  [38;2;138;138;154m 2 term [39m  [38;2;138;138;154m 3 road [39m  [38;2;138;138;154m 4 chat [39m  [38;2;138;138;154m 5 tree [39m  [38;2;138;138;154m 6 set [39m  [1m[48;2;255;107;53m[38;2;5;5;7m 7 agents [39m[49m[22m                                     [38;2;35;35;46m│[39m
[38;2;35;35;46m│[39m [38;2;138;138;154m 1 swarm [39m [38;2;138;138;154m 2 graph [39m [38;2;138;138;154m 3 inspect [39m [38;2;138;138;154m 4 trace [39m [38;2;138;138;154m 5 tokens [39m [1m[48;2;255;107;53m[38;2;5;5;7m 6 waits [39m[49m[22m [38;2;74;74;88m1 agent · esc then 1-7 to switch tabs[39m       [38;2;35;35;46m│[39m
[38;2;35;35;46m│[39m                                                                                                            [38;2;35;35;46m│[39m
[38;2;35;35;46m│[39m [38;2;255;107;53m┌──────────────────────────────────────────────────────┐[39m [38;2;35;35;46m┌───────────────────────────────────────────────┐[39m [38;2;35;35;46m│[39m
[38;2;35;35;46m│[39m [38;2;255;107;53m│[39m [1m[38;2;255;107;53mBLOCKING ANALYSIS · 0 blocked[39m[22m                        [38;2;255;107;53m│[39m [38;2;35;35;46m│[39m [38;2;138;138;154mESCALATION THRESHOLDS[39m                         [38;2;35;35;46m│[39m [38;2;35;35;46m│[39m
[38;2;35;35;46m│[39m [38;2;255;107;53m│[39m [38;2;61;220;132mnothing blocked — no wait states detected[39m            [38;2;255;107;53m│[39m [38;2;35;35;46m│[39m [38;2;138;138;154mMAX_QA_ITERATIONS           [38;2;255;107;53m50    [38;2;74;74;88mqa-loop[39m     [38;2;35;35;46m│[39m [38;2;35;35;46m│[39m
[38;2;35;35;46m│[39m [38;2;255;107;53m│[39m [38;2;74;74;88mr writes RESUME sentinel for the selected agent [39m     [38;2;255;107;53m│[39m [38;2;35;35;46m│[39m [38;2;138;138;154mMAX_CONSECUTIVE_ERRORS      [38;2;255;107;53m3     [38;2;74;74;88mqa-loop[39m     [38;2;35;35;46m│[39m [38;2;35;35;46m│[39m
[38;2;35;35;46m│[39m [38;2;255;107;53m│[39m [38;2;74;74;88m(spec §4.1)[39m                                          [38;2;255;107;53m│[39m [38;2;35;35;46m│[39m [38;2;138;138;154mRECURRING_ISSUE_THRESHOLD   [38;2;255;107;53m3     [38;2;74;74;88mqa-loop[39m     [38;2;35;35;46m│[39m [38;2;35;35;46m│[39m
[38;2;35;35;46m│[39m [38;2;255;107;53m│[39m                                                      [38;2;255;107;53m│[39m [38;2;35;35;46m│[39m [38;2;138;138;154mMAX_SUBTASK_RETRIES         [38;2;255;107;53m3     [38;2;74;74;88mbuild-orch[39m  [38;2;35;35;46m│[39m [38;2;35;35;46m│[39m
[38;2;35;35;46m│[39m [38;2;255;107;53m│[39m                                                      [38;2;255;107;53m│[39m [38;2;35;35;46m│[39m [38;2;138;138;154mCIRCULAR_FIX_THRESHOLD      [38;2;255;107;53m3     [38;2;74;74;88mrecovery[39m    [38;2;35;35;46m│[39m [38;2;35;35;46m│[39m
[38;2;35;35;46m│[39m [38;2;255;107;53m│[39m                                                      [38;2;255;107;53m│[39m [38;2;35;35;46m│[39m [38;2;138;138;154mMAX_ATTEMPTS_PER_SUBTASK    [38;2;255;107;53m50    [38;2;74;74;88mrecovery[39m    [38;2;35;35;46m│[39m [38;2;35;35;46m│[39m
[38;2;35;35;46m│[39m [38;2;255;107;53m│[39m                                                      [38;2;255;107;53m│[39m [38;2;35;35;46m│[39m [38;2;138;138;154mDEFAULT_MAX_CONCURRENCY     [38;2;255;107;53m3     [38;2;74;74;88mparallel[39m    [38;2;35;35;46m│[39m [38;2;35;35;46m│[39m
[38;2;35;35;46m│[39m [38;2;255;107;53m│[39m                                                      [38;2;255;107;53m│[39m [38;2;35;35;46m│[39m [38;2;138;138;154mSTAGGER_DELAY_MS            [38;2;255;107;53m1s    [38;2;74;74;88mparallel[39m    [38;2;35;35;46m│[39m [38;2;35;35;46m│[39m
[38;2;35;35;46m│[39m [38;2;255;107;53m│[39m                                                      [38;2;255;107;53m│[39m [38;2;35;35;46m│[39m [38;2;138;138;154mMAX_RATE_LIMIT_WAIT         [38;2;255;107;53m2h    [38;2;74;74;88mpause[39m       [38;2;35;35;46m│[39m [38;2;35;35;46m│[39m
[38;2;35;35;46m│[39m [38;2;255;107;53m│[39m                                                      [38;2;255;107;53m│[39m [38;2;35;35;46m│[39m [38;2;138;138;154mAUTH_RESUME_MAX_WAIT        [38;2;255;107;53m24h   [38;2;74;74;88mpause[39m       [38;2;35;35;46m│[39m [38;2;35;35;46m│[39m
[38;2;35;35;46m│[39m [38;2;255;107;53m│[39m                                                      [38;2;255;107;53m│[39m [38;2;35;35;46m│[39m [38;2;138;138;154mMAX_CONTINUATIONS           [38;2;255;107;53m5     [38;2;74;74;88mcontinuation[38;2;35;35;46m│[39m [38;2;35;35;46m│[39m
[38;2;35;35;46m│[39m [38;2;255;107;53m│[39m                                                      [38;2;255;107;53m│[39m [38;2;35;35;46m│[39m [38;2;138;138;154mSUBAGENT_MAX_STEPS          [38;2;255;107;53m100   [38;2;74;74;88msubagent[39m    [38;2;35;35;46m│[39m [38;2;35;35;46m│[39m
[38;2;35;35;46m│[39m [38;2;255;107;53m│[39m                                                      [38;2;255;107;53m│[39m [38;2;35;35;46m│[39m [38;2;74;74;88mrecovery actions: rollback │ retry │ skip │ [39m  [38;2;35;35;46m│[39m [38;2;35;35;46m│[39m
[38;2;35;35;46m│[39m [38;2;255;107;53m│[39m                                                      [38;2;255;107;53m│[39m [38;2;35;35;46m│[39m [38;2;74;74;88mescalate[39m                                      [38;2;35;35;46m│[39m [38;2;35;35;46m│[39m
[38;2;35;35;46m│[39m [38;2;255;107;53m└──────────────────────────────────────────────────────┘[39m [38;2;35;35;46m└───────────────────────────────────────────────┘[39m [38;2;35;35;46m│[39m
[38;2;35;35;46m│[1m[48;2;255;107;53m[38;2;5;5;7m AGENTS [39m[49m[22m [38;2;138;138;154m1-6 sub-view · j/k select · ⏎ inspect · f filter · r resume[39m                           [38;2;255;107;53m:[38;2;74;74;88m cmd  [38;2;255;107;53m?[38;2;74;74;88m help[38;2;35;35;46m│[39m
[38;2;35;35;46m└────────────────────────────────────────────────────────────────────────────────────────────────────────────┘[39m
RetryError [AI_RetryError]: Failed after 3 attempts. Last error: AI_APICallError: Cannot connect to API: connect EHOSTUNREACH 100.33.238.199:20128
    at createRetryError (/tmp/build/aperant-tui/apps/tui/dist/agent-worker.cjs:35437:58)
    at retryWithExponentialBackoffInternal (/tmp/build/aperant-tui/apps/tui/dist/agent-worker.cjs:18017:13)
    at process.processTicksAndRejections (node:internal/process/task_queues:103:5)
    at async streamStep (/tmp/build/aperant-tui/apps/tui/dist/agent-worker.cjs:36937:19)
    at async <anonymous> (/tmp/build/aperant-tui/apps/tui/dist/agent-worker.cjs:37290:11) {
  cause: undefined,
  reason: 'maxRetriesExceeded',
  errors: [
    APICallError [AI_APICallError]: Cannot connect to API: connect EHOSTUNREACH 100.33.238.199:20128
        at handleFetchError (/tmp/build/aperant-tui/apps/tui/dist/agent-worker.cjs:16519:14)
        at postToApi (/tmp/build/aperant-tui/apps/tui/dist/agent-worker.cjs:19149:15)
        at process.processTicksAndRejections (node:internal/process/task_queues:103:5)
        at async postJsonToApi (/tmp/build/aperant-tui/apps/tui/dist/agent-worker.cjs:19048:11)
        at async _OpenAICompatibleChatLanguageModel.doStream (/tmp/build/aperant-tui/apps/tui/dist/agent-worker.cjs:91053:54)
        at async execute (/tmp/build/aperant-tui/apps/tui/dist/agent-worker.cjs:29567:26)
        at async runWithTracingChannelSpan (/tmp/build/aperant-tui/apps/tui/dist/agent-worker.cjs:25865:12)
        at async executeLanguageModelCall (/tmp/build/aperant-tui/apps/tui/dist/agent-worker.cjs:26069:14)
        at async streamLanguageModelCall (/tmp/build/aperant-tui/apps/tui/dist/agent-worker.cjs:29565:7)
        at async retryWithExponentialBackoffInternal (/tmp/build/aperant-tui/apps/tui/dist/agent-worker.cjs:18005:12) {
      cause: [Error],
      url: 'http://home.hack.ski:20128/v1/chat/completions',
      requestBodyValues: [Object],
      statusCode: undefined,
      responseHeaders: undefined,
      responseBody: undefined,
      isRetryable: true,
      data: undefined,
      Symbol(vercel.ai.error): true,
      Symbol(vercel.ai.error.AI_APICallError): true
    },
    APICallError [AI_APICallError]: Cannot connect to API: connect EHOSTUNREACH 100.33.238.199:20128
        at handleFetchError (/tmp/build/aperant-tui/apps/tui/dist/agent-worker.cjs:16519:14)
        at postToApi (/tmp/build/aperant-tui/apps/tui/dist/agent-worker.cjs:19149:15)
        at process.processTicksAndRejections (node:internal/process/task_queues:103:5)
        at async postJsonToApi (/tmp/build/aperant-tui/apps/tui/dist/agent-worker.cjs:19048:11)
        at async _OpenAICompatibleChatLanguageModel.doStream (/tmp/build/aperant-tui/apps/tui/dist/agent-worker.cjs:91053:54)
        at async execute (/tmp/build/aperant-tui/apps/tui/dist/agent-worker.cjs:29567:26)
        at async runWithTracingChannelSpan (/tmp/build/aperant-tui/apps/tui/dist/agent-worker.cjs:25865:12)
        at async executeLanguageModelCall (/tmp/build/aperant-tui/apps/tui/dist/agent-worker.cjs:26069:14)
        at async streamLanguageModelCall (/tmp/build/aperant-tui/apps/tui/dist/agent-worker.cjs:29565:7)
        at async retryWithExponentialBackoffInternal (/tmp/build/aperant-tui/apps/tui/dist/agent-worker.cjs:18005:12) {
      cause: [Error],
      url: 'http://home.hack.ski:20128/v1/chat/completions',
      requestBodyValues: [Object],
      statusCode: undefined,
      responseHeaders: undefined,
      responseBody: undefined,
      isRetryable: true,
      data: undefined,
      Symbol(vercel.ai.error): true,
      Symbol(vercel.ai.error.AI_APICallError): true
    },
    APICallError [AI_APICallError]: Cannot connect to API: connect EHOSTUNREACH 100.33.238.199:20128
        at handleFetchError (/tmp/build/aperant-tui/apps/tui/dist/agent-worker.cjs:16519:14)
        at postToApi (/tmp/build/aperant-tui/apps/tui/dist/agent-worker.cjs:19149:15)
        at process.processTicksAndRejections (node:internal/process/task_queues:103:5)
        at async postJsonToApi (/tmp/build/aperant-tui/apps/tui/dist/agent-worker.cjs:19048:11)
        at async _OpenAICompatibleChatLanguageModel.doStream (/tmp/build/aperant-tui/apps/tui/dist/agent-worker.cjs:91053:54)
        at async execute (/tmp/build/aperant-tui/apps/tui/dist/agent-worker.cjs:29567:26)
        at async runWithTracingChannelSpan (/tmp/build/aperant-tui/apps/tui/dist/agent-worker.cjs:25865:12)
        at async executeLanguageModelCall (/tmp/build/aperant-tui/apps/tui/dist/agent-worker.cjs:26069:14)
        at async streamLanguageModelCall (/tmp/build/aperant-tui/apps/tui/dist/agent-worker.cjs:29565:7)
        at async retryWithExponentialBackoffInternal (/tmp/build/aperant-tui/apps/tui/dist/agent-worker.cjs:18005:12) {
      cause: [Error],
      url: 'http://home.hack.ski:20128/v1/chat/completions',
      requestBodyValues: [Object],
      statusCode: undefined,
      responseHeaders: undefined,
      responseBody: undefined,
      isRetryable: true,
      data: undefined,
      Symbol(vercel.ai.error): true,
      Symbol(vercel.ai.error.AI_APICallError): true
    }
  ],
  lastError: APICallError [AI_APICallError]: Cannot connect to API: connect EHOSTUNREACH 100.33.238.199:20128
      at handleFetchError (/tmp/build/aperant-tui/apps/tui/dist/agent-worker.cjs:16519:14)
      at postToApi (/tmp/build/aperant-tui/apps/tui/dist/agent-worker.cjs:19149:15)
      at process.processTicksAndRejections (node:internal/process/task_queues:103:5)
      at async postJsonToApi (/tmp/build/aperant-tui/apps/tui/dist/agent-worker.cjs:19048:11)
      at async _OpenAICompatibleChatLanguageModel.doStream (/tmp/build/aperant-tui/apps/tui/dist/agent-worker.cjs:91053:54)
      at async execute (/tmp/build/aperant-tui/apps/tui/dist/agent-worker.cjs:29567:26)
      at async runWithTracingChannelSpan (/tmp/build/aperant-tui/apps/tui/dist/agent-worker.cjs:25865:12)
      at async executeLanguageModelCall (/tmp/build/aperant-tui/apps/tui/dist/agent-worker.cjs:26069:14)
      at async streamLanguageModelCall (/tmp/build/aperant-tui/apps/tui/dist/agent-worker.cjs:29565:7)
      at async retryWithExponentialBackoffInternal (/tmp/build/aperant-tui/apps/tui/dist/agent-worker.cjs:18005:12) {
    cause: Error: connect EHOSTUNREACH 100.33.238.199:20128
        at TCPConnectWrap.afterConnect [as oncomplete] (node:net:1637:16) {
      errno: -113,
      code: 'EHOSTUNREACH',
      syscall: 'connect',
      address: '100.33.238.199',
      port: 20128
    },
    url: 'http://home.hack.ski:20128/v1/chat/completions',
    requestBodyValues: {
      model: 'kimi/kimi-for-coding',
      user: undefined,
      max_tokens: undefined,
      temperature: undefined,
      top_p: undefined,
      frequency_penalty: undefined,
      presence_penalty: undefined,
      response_format: undefined,
      stop: undefined,
      seed: undefined,
      reasoning_effort: undefined,
      verbosity: undefined,
      messages: [Array],
      tools: [Array],
      tool_choice: 'auto',
      stream: true,
      stream_options: undefined
    },
    statusCode: undefined,
    responseHeaders: undefined,
    responseBody: undefined,
    isRetryable: true,
    data: undefined,
    Symbol(vercel.ai.error): true,
    Symbol(vercel.ai.error.AI_APICallError): true
  },
  Symbol(vercel.ai.error): true,
  Symbol(vercel.ai.error.AI_RetryError): true
}
RetryError [AI_RetryError]: Failed after 3 attempts. Last error: AI_APICallError: Cannot connect to API: connect EHOSTUNREACH 100.33.238.199:20128
    at createRetryError (/tmp/build/aperant-tui/apps/tui/dist/agent-worker.cjs:35437:58)
    at retryWithExponentialBackoffInternal (/tmp/build/aperant-tui/apps/tui/dist/agent-worker.cjs:18017:13)
    at process.processTicksAndRejections (node:internal/process/task_queues:103:5)
    at async streamStep (/tmp/build/aperant-tui/apps/tui/dist/agent-worker.cjs:36937:19)
    at async <anonymous> (/tmp/build/aperant-tui/apps/tui/dist/agent-worker.cjs:37290:11) {
  cause: undefined,
  reason: 'maxRetriesExceeded',
  errors: [
    APICallError [AI_APICallError]: Cannot connect to API: connect EHOSTUNREACH 100.33.238.199:20128
        at handleFetchError (/tmp/build/aperant-tui/apps/tui/dist/agent-worker.cjs:16519:14)
        at postToApi (/tmp/build/aperant-tui/apps/tui/dist/agent-worker.cjs:19149:15)
        at process.processTicksAndRejections (node:internal/process/task_queues:103:5)
        at async postJsonToApi (/tmp/build/aperant-tui/apps/tui/dist/agent-worker.cjs:19048:11)
        at async _OpenAICompatibleChatLanguageModel.doStream (/tmp/build/aperant-tui/apps/tui/dist/agent-worker.cjs:91053:54)
        at async execute (/tmp/build/aperant-tui/apps/tui/dist/agent-worker.cjs:29567:26)
        at async runWithTracingChannelSpan (/tmp/build/aperant-tui/apps/tui/dist/agent-worker.cjs:25865:12)
        at async executeLanguageModelCall (/tmp/build/aperant-tui/apps/tui/dist/agent-worker.cjs:26069:14)
        at async streamLanguageModelCall (/tmp/build/aperant-tui/apps/tui/dist/agent-worker.cjs:29565:7)
        at async retryWithExponentialBackoffInternal (/tmp/build/aperant-tui/apps/tui/dist/agent-worker.cjs:18005:12) {
      cause: [Error],
      url: 'http://home.hack.ski:20128/v1/chat/completions',
      requestBodyValues: [Object],
      statusCode: undefined,
      responseHeaders: undefined,
      responseBody: undefined,
      isRetryable: true,
      data: undefined,
      Symbol(vercel.ai.error): true,
      Symbol(vercel.ai.error.AI_APICallError): true
    },
    APICallError [AI_APICallError]: Cannot connect to API: connect EHOSTUNREACH 100.33.238.199:20128
        at handleFetchError (/tmp/build/aperant-tui/apps/tui/dist/agent-worker.cjs:16519:14)
        at postToApi (/tmp/build/aperant-tui/apps/tui/dist/agent-worker.cjs:19149:15)
        at process.processTicksAndRejections (node:internal/process/task_queues:103:5)
        at async postJsonToApi (/tmp/build/aperant-tui/apps/tui/dist/agent-worker.cjs:19048:11)
        at async _OpenAICompatibleChatLanguageModel.doStream (/tmp/build/aperant-tui/apps/tui/dist/agent-worker.cjs:91053:54)
        at async execute (/tmp/build/aperant-tui/apps/tui/dist/agent-worker.cjs:29567:26)
        at async runWithTracingChannelSpan (/tmp/build/aperant-tui/apps/tui/dist/agent-worker.cjs:25865:12)
        at async executeLanguageModelCall (/tmp/build/aperant-tui/apps/tui/dist/agent-worker.cjs:26069:14)
        at async streamLanguageModelCall (/tmp/build/aperant-tui/apps/tui/dist/agent-worker.cjs:29565:7)
        at async retryWithExponentialBackoffInternal (/tmp/build/aperant-tui/apps/tui/dist/agent-worker.cjs:18005:12) {
      cause: [Error],
      url: 'http://home.hack.ski:20128/v1/chat/completions',
      requestBodyValues: [Object],
      statusCode: undefined,
      responseHeaders: undefined,
      responseBody: undefined,
      isRetryable: true,
      data: undefined,
      Symbol(vercel.ai.error): true,
      Symbol(vercel.ai.error.AI_APICallError): true
    },
    APICallError [AI_APICallError]: Cannot connect to API: connect EHOSTUNREACH 100.33.238.199:20128
        at handleFetchError (/tmp/build/aperant-tui/apps/tui/dist/agent-worker.cjs:16519:14)
        at postToApi (/tmp/build/aperant-tui/apps/tui/dist/agent-worker.cjs:19149:15)
        at process.processTicksAndRejections (node:internal/process/task_queues:103:5)
        at async postJsonToApi (/tmp/build/aperant-tui/apps/tui/dist/agent-worker.cjs:19048:11)
        at async _OpenAICompatibleChatLanguageModel.doStream (/tmp/build/aperant-tui/apps/tui/dist/agent-worker.cjs:91053:54)
        at async execute (/tmp/build/aperant-tui/apps/tui/dist/agent-worker.cjs:29567:26)
        at async runWithTracingChannelSpan (/tmp/build/aperant-tui/apps/tui/dist/agent-worker.cjs:25865:12)
        at async executeLanguageModelCall (/tmp/build/aperant-tui/apps/tui/dist/agent-worker.cjs:26069:14)
        at async streamLanguageModelCall (/tmp/build/aperant-tui/apps/tui/dist/agent-worker.cjs:29565:7)
        at async retryWithExponentialBackoffInternal (/tmp/build/aperant-tui/apps/tui/dist/agent-worker.cjs:18005:12) {
      cause: [Error],
      url: 'http://home.hack.ski:20128/v1/chat/completions',
      requestBodyValues: [Object],
      statusCode: undefined,
      responseHeaders: undefined,
      responseBody: undefined,
      isRetryable: true,
      data: undefined,
      Symbol(vercel.ai.error): true,
      Symbol(vercel.ai.error.AI_APICallError): true
    }
  ],
  lastError: APICallError [AI_APICallError]: Cannot connect to API: connect EHOSTUNREACH 100.33.238.199:20128
      at handleFetchError (/tmp/build/aperant-tui/apps/tui/dist/agent-worker.cjs:16519:14)
      at postToApi (/tmp/build/aperant-tui/apps/tui/dist/agent-worker.cjs:19149:15)
      at process.processTicksAndRejections (node:internal/process/task_queues:103:5)
      at async postJsonToApi (/tmp/build/aperant-tui/apps/tui/dist/agent-worker.cjs:19048:11)
      at async _OpenAICompatibleChatLanguageModel.doStream (/tmp/build/aperant-tui/apps/tui/dist/agent-worker.cjs:91053:54)
      at async execute (/tmp/build/aperant-tui/apps/tui/dist/agent-worker.cjs:29567:26)
      at async runWithTracingChannelSpan (/tmp/build/aperant-tui/apps/tui/dist/agent-worker.cjs:25865:12)
      at async executeLanguageModelCall (/tmp/build/aperant-tui/apps/tui/dist/agent-worker.cjs:26069:14)
      at async streamLanguageModelCall (/tmp/build/aperant-tui/apps/tui/dist/agent-worker.cjs:29565:7)
      at async retryWithExponentialBackoffInternal (/tmp/build/aperant-tui/apps/tui/dist/agent-worker.cjs:18005:12) {
    cause: Error: connect EHOSTUNREACH 100.33.238.199:20128
        at TCPConnectWrap.afterConnect [as oncomplete] (node:net:1637:16) {
      errno: -113,
      code: 'EHOSTUNREACH',
      syscall: 'connect',
      address: '100.33.238.199',
      port: 20128
    },
    url: 'http://home.hack.ski:20128/v1/chat/completions',
    requestBodyValues: {
      model: 'kimi/kimi-for-coding',
      user: undefined,
      max_tokens: undefined,
      temperature: undefined,
      top_p: undefined,
      frequency_penalty: undefined,
      presence_penalty: undefined,
      response_format: undefined,
      stop: undefined,
      seed: undefined,
      reasoning_effort: undefined,
      verbosity: undefined,
      messages: [Array],
      tools: [Array],
      tool_choice: 'auto',
      stream: true,
      stream_options: undefined
    },
    statusCode: undefined,
    responseHeaders: undefined,
    responseBody: undefined,
    isRetryable: true,
    data: undefined,
    Symbol(vercel.ai.error): true,
    Symbol(vercel.ai.error.AI_APICallError): true
  },
  Symbol(vercel.ai.error): true,
  Symbol(vercel.ai.error.AI_RetryError): true
}
RetryError [AI_RetryError]: Failed after 3 attempts. Last error: AI_APICallError: Cannot connect to API: connect EHOSTUNREACH 100.33.238.199:20128
    at createRetryError (/tmp/build/aperant-tui/apps/tui/dist/agent-worker.cjs:35437:58)
    at retryWithExponentialBackoffInternal (/tmp/build/aperant-tui/apps/tui/dist/agent-worker.cjs:18017:13)
    at process.processTicksAndRejections (node:internal/process/task_queues:103:5)
    at async streamStep (/tmp/build/aperant-tui/apps/tui/dist/agent-worker.cjs:36937:19)
    at async <anonymous> (/tmp/build/aperant-tui/apps/tui/dist/agent-worker.cjs:37290:11) {
  cause: undefined,
  reason: 'maxRetriesExceeded',
  errors: [
    APICallError [AI_APICallError]: Cannot connect to API: connect EHOSTUNREACH 100.33.238.199:20128
        at handleFetchError (/tmp/build/aperant-tui/apps/tui/dist/agent-worker.cjs:16519:14)
        at postToApi (/tmp/build/aperant-tui/apps/tui/dist/agent-worker.cjs:19149:15)
        at process.processTicksAndRejections (node:internal/process/task_queues:103:5)
        at async postJsonToApi (/tmp/build/aperant-tui/apps/tui/dist/agent-worker.cjs:19048:11)
        at async _OpenAICompatibleChatLanguageModel.doStream (/tmp/build/aperant-tui/apps/tui/dist/agent-worker.cjs:91053:54)
        at async execute (/tmp/build/aperant-tui/apps/tui/dist/agent-worker.cjs:29567:26)
        at async runWithTracingChannelSpan (/tmp/build/aperant-tui/apps/tui/dist/agent-worker.cjs:25865:12)
        at async executeLanguageModelCall (/tmp/build/aperant-tui/apps/tui/dist/agent-worker.cjs:26069:14)
        at async streamLanguageModelCall (/tmp/build/aperant-tui/apps/tui/dist/agent-worker.cjs:29565:7)
        at async retryWithExponentialBackoffInternal (/tmp/build/aperant-tui/apps/tui/dist/agent-worker.cjs:18005:12) {
      cause: [Error],
      url: 'http://home.hack.ski:20128/v1/chat/completions',
      requestBodyValues: [Object],
      statusCode: undefined,
      responseHeaders: undefined,
      responseBody: undefined,
      isRetryable: true,
      data: undefined,
      Symbol(vercel.ai.error): true,
      Symbol(vercel.ai.error.AI_APICallError): true
    },
    APICallError [AI_APICallError]: Cannot connect to API: connect EHOSTUNREACH 100.33.238.199:20128
        at handleFetchError (/tmp/build/aperant-tui/apps/tui/dist/agent-worker.cjs:16519:14)
        at postToApi (/tmp/build/aperant-tui/apps/tui/dist/agent-worker.cjs:19149:15)
        at process.processTicksAndRejections (node:internal/process/task_queues:103:5)
        at async postJsonToApi (/tmp/build/aperant-tui/apps/tui/dist/agent-worker.cjs:19048:11)
        at async _OpenAICompatibleChatLanguageModel.doStream (/tmp/build/aperant-tui/apps/tui/dist/agent-worker.cjs:91053:54)
        at async execute (/tmp/build/aperant-tui/apps/tui/dist/agent-worker.cjs:29567:26)
        at async runWithTracingChannelSpan (/tmp/build/aperant-tui/apps/tui/dist/agent-worker.cjs:25865:12)
        at async executeLanguageModelCall (/tmp/build/aperant-tui/apps/tui/dist/agent-worker.cjs:26069:14)
        at async streamLanguageModelCall (/tmp/build/aperant-tui/apps/tui/dist/agent-worker.cjs:29565:7)
        at async retryWithExponentialBackoffInternal (/tmp/build/aperant-tui/apps/tui/dist/agent-worker.cjs:18005:12) {
      cause: [Error],
      url: 'http://home.hack.ski:20128/v1/chat/completions',
      requestBodyValues: [Object],
      statusCode: undefined,
      responseHeaders: undefined,
      responseBody: undefined,
      isRetryable: true,
      data: undefined,
      Symbol(vercel.ai.error): true,
      Symbol(vercel.ai.error.AI_APICallError): true
    },
    APICallError [AI_APICallError]: Cannot connect to API: connect EHOSTUNREACH 100.33.238.199:20128
        at handleFetchError (/tmp/build/aperant-tui/apps/tui/dist/agent-worker.cjs:16519:14)
        at postToApi (/tmp/build/aperant-tui/apps/tui/dist/agent-worker.cjs:19149:15)
        at process.processTicksAndRejections (node:internal/process/task_queues:103:5)
        at async postJsonToApi (/tmp/build/aperant-tui/apps/tui/dist/agent-worker.cjs:19048:11)
        at async _OpenAICompatibleChatLanguageModel.doStream (/tmp/build/aperant-tui/apps/tui/dist/agent-worker.cjs:91053:54)
        at async execute (/tmp/build/aperant-tui/apps/tui/dist/agent-worker.cjs:29567:26)
        at async runWithTracingChannelSpan (/tmp/build/aperant-tui/apps/tui/dist/agent-worker.cjs:25865:12)
        at async executeLanguageModelCall (/tmp/build/aperant-tui/apps/tui/dist/agent-worker.cjs:26069:14)
        at async streamLanguageModelCall (/tmp/build/aperant-tui/apps/tui/dist/agent-worker.cjs:29565:7)
        at async retryWithExponentialBackoffInternal (/tmp/build/aperant-tui/apps/tui/dist/agent-worker.cjs:18005:12) {
      cause: [Error],
      url: 'http://home.hack.ski:20128/v1/chat/completions',
      requestBodyValues: [Object],
      statusCode: undefined,
      responseHeaders: undefined,
      responseBody: undefined,
      isRetryable: true,
      data: undefined,
      Symbol(vercel.ai.error): true,
      Symbol(vercel.ai.error.AI_APICallError): true
    }
  ],
  lastError: APICallError [AI_APICallError]: Cannot connect to API: connect EHOSTUNREACH 100.33.238.199:20128
      at handleFetchError (/tmp/build/aperant-tui/apps/tui/dist/agent-worker.cjs:16519:14)
      at postToApi (/tmp/build/aperant-tui/apps/tui/dist/agent-worker.cjs:19149:15)
      at process.processTicksAndRejections (node:internal/process/task_queues:103:5)
      at async postJsonToApi (/tmp/build/aperant-tui/apps/tui/dist/agent-worker.cjs:19048:11)
      at async _OpenAICompatibleChatLanguageModel.doStream (/tmp/build/aperant-tui/apps/tui/dist/agent-worker.cjs:91053:54)
      at async execute (/tmp/build/aperant-tui/apps/tui/dist/agent-worker.cjs:29567:26)
      at async runWithTracingChannelSpan (/tmp/build/aperant-tui/apps/tui/dist/agent-worker.cjs:25865:12)
      at async executeLanguageModelCall (/tmp/build/aperant-tui/apps/tui/dist/agent-worker.cjs:26069:14)
      at async streamLanguageModelCall (/tmp/build/aperant-tui/apps/tui/dist/agent-worker.cjs:29565:7)
      at async retryWithExponentialBackoffInternal (/tmp/build/aperant-tui/apps/tui/dist/agent-worker.cjs:18005:12) {
    cause: Error: connect EHOSTUNREACH 100.33.238.199:20128
        at TCPConnectWrap.afterConnect [as oncomplete] (node:net:1637:16) {
      errno: -113,
      code: 'EHOSTUNREACH',
      syscall: 'connect',
      address: '100.33.238.199',
      port: 20128
    },
    url: 'http://home.hack.ski:20128/v1/chat/completions',
    requestBodyValues: {
      model: 'kimi/kimi-for-coding',
      user: undefined,
      max_tokens: undefined,
      temperature: undefined,
      top_p: undefined,
      frequency_penalty: undefined,
      presence_penalty: undefined,
      response_format: undefined,
      stop: undefined,
      seed: undefined,
      reasoning_effort: undefined,
      verbosity: undefined,
      messages: [Array],
      tools: [Array],
      tool_choice: 'auto',
      stream: true,
      stream_options: undefined
    },
    statusCode: undefined,
    responseHeaders: undefined,
    responseBody: undefined,
    isRetryable: true,
    data: undefined,
    Symbol(vercel.ai.error): true,
    Symbol(vercel.ai.error.AI_APICallError): true
  },
  Symbol(vercel.ai.error): true,
  Symbol(vercel.ai.error.AI_RetryError): true
}
[2K[1A[2K[1A[2K[1A[2K[1A[2K[1A[2K[1A[2K[1A[2K[1A[2K[1A[2K[1A[2K[1A[2K[1A[2K[1A[2K[1A[2K[1A[2K[1A[2K[1A[2K[1A[2K[1A[2K[1A[2K[1A[2K[1A[2K[1A[2K[1A[2K[G[38;2;35;35;46m┌────────────────────────────────────────────────────────────────────────────────────────────────────────────┐[39m
[38;2;35;35;46m│[1m[38;2;255;107;53mAPERANT[39m[22m [38;2;74;74;88m│[39m [38;2;138;138;154maperant-fixture[39m [38;2;74;74;88m/tmp/aperant-fixture[39m [38;2;74;74;88m│[39m [38;2;56;189;248m⑂ develop[39m             [38;2;255;107;53m◉[38;2;138;138;154m 1 running[39m  [38;2;255;176;0m◆[38;2;138;138;154m 0 review[39m  [38;2;61;220;132m●[38;2;138;138;154m no profile[38;2;35;35;46m│[39m
[38;2;35;35;46m│[39m [38;2;138;138;154m 1 board [39m  [38;2;138;138;154m 2 term [39m  [38;2;138;138;154m 3 road [39m  [38;2;138;138;154m 4 chat [39m  [38;2;138;138;154m 5 tree [39m  [38;2;138;138;154m 6 set [39m  [1m[48;2;255;107;53m[38;2;5;5;7m 7 agents [39m[49m[22m                                     [38;2;35;35;46m│[39m
[38;2;35;35;46m│[39m [38;2;138;138;154m 1 swarm [39m [38;2;138;138;154m 2 graph [39m [38;2;138;138;154m 3 inspect [39m [38;2;138;138;154m 4 trace [39m [38;2;138;138;154m 5 tokens [39m [1m[48;2;255;107;53m[38;2;5;5;7m 6 waits [39m[49m[22m [38;2;74;74;88m1 agent · esc then 1-7 to switch tabs[39m       [38;2;35;35;46m│[39m
[38;2;35;35;46m│[39m                                                                                                            [38;2;35;35;46m│[39m
[38;2;35;35;46m│[39m [38;2;255;107;53m┌──────────────────────────────────────────────────────┐[39m [38;2;35;35;46m┌───────────────────────────────────────────────┐[39m [38;2;35;35;46m│[39m
[38;2;35;35;46m│[39m [38;2;255;107;53m│[39m [1m[38;2;255;107;53mBLOCKING ANALYSIS · 0 blocked[39m[22m                        [38;2;255;107;53m│[39m [38;2;35;35;46m│[39m [38;2;138;138;154mESCALATION THRESHOLDS[39m                         [38;2;35;35;46m│[39m [38;2;35;35;46m│[39m
[38;2;35;35;46m│[39m [38;2;255;107;53m│[39m [38;2;61;220;132mnothing blocked — no wait states detected[39m            [38;2;255;107;53m│[39m [38;2;35;35;46m│[39m [38;2;138;138;154mMAX_QA_ITERATIONS           [38;2;255;107;53m50    [38;2;74;74;88mqa-loop[39m     [38;2;35;35;46m│[39m [38;2;35;35;46m│[39m
[38;2;35;35;46m│[39m [38;2;255;107;53m│[39m [38;2;74;74;88mr writes RESUME sentinel for the selected agent [39m     [38;2;255;107;53m│[39m [38;2;35;35;46m│[39m [38;2;138;138;154mMAX_CONSECUTIVE_ERRORS      [38;2;255;107;53m3     [38;2;74;74;88mqa-loop[39m     [38;2;35;35;46m│[39m [38;2;35;35;46m│[39m
[38;2;35;35;46m│[39m [38;2;255;107;53m│[39m [38;2;74;74;88m(spec §4.1)[39m                                          [38;2;255;107;53m│[39m [38;2;35;35;46m│[39m [38;2;138;138;154mRECURRING_ISSUE_THRESHOLD   [38;2;255;107;53m3     [38;2;74;74;88mqa-loop[39m     [38;2;35;35;46m│[39m [38;2;35;35;46m│[39m
[38;2;35;35;46m│[39m [38;2;255;107;53m│[39m                                                      [38;2;255;107;53m│[39m [38;2;35;35;46m│[39m [38;2;138;138;154mMAX_SUBTASK_RETRIES         [38;2;255;107;53m3     [38;2;74;74;88mbuild-orch[39m  [38;2;35;35;46m│[39m [38;2;35;35;46m│[39m
[38;2;35;35;46m│[39m [38;2;255;107;53m│[39m                                                      [38;2;255;107;53m│[39m [38;2;35;35;46m│[39m [38;2;138;138;154mCIRCULAR_FIX_THRESHOLD      [38;2;255;107;53m3     [38;2;74;74;88mrecovery[39m    [38;2;35;35;46m│[39m [38;2;35;35;46m│[39m
[38;2;35;35;46m│[39m [38;2;255;107;53m│[39m                                                      [38;2;255;107;53m│[39m [38;2;35;35;46m│[39m [38;2;138;138;154mMAX_ATTEMPTS_PER_SUBTASK    [38;2;255;107;53m50    [38;2;74;74;88mrecovery[39m    [38;2;35;35;46m│[39m [38;2;35;35;46m│[39m
[38;2;35;35;46m│[39m [38;2;255;107;53m│[39m                                                      [38;2;255;107;53m│[39m [38;2;35;35;46m│[39m [38;2;138;138;154mDEFAULT_MAX_CONCURRENCY     [38;2;255;107;53m3     [38;2;74;74;88mparallel[39m    [38;2;35;35;46m│[39m [38;2;35;35;46m│[39m
[38;2;35;35;46m│[39m [38;2;255;107;53m│[39m                                                      [38;2;255;107;53m│[39m [38;2;35;35;46m│[39m [38;2;138;138;154mSTAGGER_DELAY_MS            [38;2;255;107;53m1s    [38;2;74;74;88mparallel[39m    [38;2;35;35;46m│[39m [38;2;35;35;46m│[39m
[38;2;35;35;46m│[39m [38;2;255;107;53m│[39m                                                      [38;2;255;107;53m│[39m [38;2;35;35;46m│[39m [38;2;138;138;154mMAX_RATE_LIMIT_WAIT         [38;2;255;107;53m2h    [38;2;74;74;88mpause[39m       [38;2;35;35;46m│[39m [38;2;35;35;46m│[39m
[38;2;35;35;46m│[39m [38;2;255;107;53m│[39m                                                      [38;2;255;107;53m│[39m [38;2;35;35;46m│[39m [38;2;138;138;154mAUTH_RESUME_MAX_WAIT        [38;2;255;107;53m24h   [38;2;74;74;88mpause[39m       [38;2;35;35;46m│[39m [38;2;35;35;46m│[39m
[38;2;35;35;46m│[39m [38;2;255;107;53m│[39m                                                      [38;2;255;107;53m│[39m [38;2;35;35;46m│[39m [38;2;138;138;154mMAX_CONTINUATIONS           [38;2;255;107;53m5     [38;2;74;74;88mcontinuation[38;2;35;35;46m│[39m [38;2;35;35;46m│[39m
[38;2;35;35;46m│[39m [38;2;255;107;53m│[39m                                                      [38;2;255;107;53m│[39m [38;2;35;35;46m│[39m [38;2;138;138;154mSUBAGENT_MAX_STEPS          [38;2;255;107;53m100   [38;2;74;74;88msubagent[39m    [38;2;35;35;46m│[39m [38;2;35;35;46m│[39m
[38;2;35;35;46m│[39m [38;2;255;107;53m│[39m                                                      [38;2;255;107;53m│[39m [38;2;35;35;46m│[39m [38;2;74;74;88mrecovery actions: rollback │ retry │ skip │ [39m  [38;2;35;35;46m│[39m [38;2;35;35;46m│[39m
[38;2;35;35;46m│[39m [38;2;255;107;53m│[39m                                                      [38;2;255;107;53m│[39m [38;2;35;35;46m│[39m [38;2;74;74;88mescalate[39m                                      [38;2;35;35;46m│[39m [38;2;35;35;46m│[39m
[38;2;35;35;46m│[39m [38;2;255;107;53m└──────────────────────────────────────────────────────┘[39m [38;2;35;35;46m└───────────────────────────────────────────────┘[39m [38;2;35;35;46m│[39m
[38;2;35;35;46m│[1m[48;2;255;107;53m[38;2;5;5;7m AGENTS [39m[49m[22m [38;2;138;138;154m1-6 sub-view · j/k select · ⏎ inspect · f filter · r resume[39m                           [38;2;255;107;53m:[38;2;74;74;88m cmd  [38;2;255;107;53m?[38;2;74;74;88m help[38;2;35;35;46m│[39m
[38;2;35;35;46m└────────────────────────────────────────────────────────────────────────────────────────────────────────────┘[39m
